-- MySQL dump 10.13  Distrib 5.6.27, for Linux (x86_64)
--
-- Host: localhost    Database: accounts
-- ------------------------------------------------------
-- Server version	5.6.27

/*!40101 SET @OLD_CHARACTER_SET_CLIENT=@@CHARACTER_SET_CLIENT */;
/*!40101 SET @OLD_CHARACTER_SET_RESULTS=@@CHARACTER_SET_RESULTS */;
/*!40101 SET @OLD_COLLATION_CONNECTION=@@COLLATION_CONNECTION */;
/*!40101 SET NAMES utf8 */;
/*!40103 SET @OLD_TIME_ZONE=@@TIME_ZONE */;
/*!40103 SET TIME_ZONE='+00:00' */;
/*!40014 SET @OLD_UNIQUE_CHECKS=@@UNIQUE_CHECKS, UNIQUE_CHECKS=0 */;
/*!40014 SET @OLD_FOREIGN_KEY_CHECKS=@@FOREIGN_KEY_CHECKS, FOREIGN_KEY_CHECKS=0 */;
/*!40101 SET @OLD_SQL_MODE=@@SQL_MODE, SQL_MODE='NO_AUTO_VALUE_ON_ZERO' */;
/*!40111 SET @OLD_SQL_NOTES=@@SQL_NOTES, SQL_NOTES=0 */;

--
-- Table structure for table `accounts_account`
--

DROP TABLE IF EXISTS `accounts_account`;
/*!40101 SET @saved_cs_client     = @@character_set_client */;
/*!40101 SET character_set_client = utf8 */;
CREATE TABLE `accounts_account` (
  `id` int(11) NOT NULL AUTO_INCREMENT,
  `name` varchar(255) NOT NULL,
  `password` varchar(255) NOT NULL,
  PRIMARY KEY (`id`),
  UNIQUE KEY `name` (`name`)
) ENGINE=InnoDB DEFAULT CHARSET=latin1;
/*!40101 SET character_set_client = @saved_cs_client */;

--
-- Dumping data for table `accounts_account`
--

LOCK TABLES `accounts_account` WRITE;
/*!40000 ALTER TABLE `accounts_account` DISABLE KEYS */;
/*!40000 ALTER TABLE `accounts_account` ENABLE KEYS */;
UNLOCK TABLES;

--
-- Table structure for table `accounts_proxy`
--

DROP TABLE IF EXISTS `accounts_proxy`;
/*!40101 SET @saved_cs_client     = @@character_set_client */;
/*!40101 SET character_set_client = utf8 */;
CREATE TABLE `accounts_proxy` (
  `id` int(11) NOT NULL AUTO_INCREMENT,
  `url` varchar(255) NOT NULL,
  `rate` int(11) NOT NULL,
  PRIMARY KEY (`id`),
  UNIQUE KEY `url` (`url`)
) ENGINE=InnoDB AUTO_INCREMENT=5362 DEFAULT CHARSET=latin1;
/*!40101 SET character_set_client = @saved_cs_client */;

--
-- Dumping data for table `accounts_proxy`
--

LOCK TABLES `accounts_proxy` WRITE;
/*!40000 ALTER TABLE `accounts_proxy` DISABLE KEYS */;
INSERT INTO `accounts_proxy` VALUES (151,'',0),(4019,'117.239.50.210:8888',0),(4036,'130.211.147.27:80',0),(4787,'104.197.2.119:80',0),(4788,'104.236.147.107:56220',0),(4789,'104.238.83.28:8080',0),(4790,'106.186.112.247:8080',0),(4791,'108.61.161.158:3128',0),(4792,'110.78.179.42:3128',0),(4793,'111.10.109.68:8123',0),(4794,'111.13.12.216:80',0),(4795,'111.161.126.100:80',0),(4796,'111.161.126.101:80',0),(4797,'111.161.126.98:80',0),(4798,'111.161.126.99:80',0),(4799,'111.40.196.68:80',0),(4800,'112.15.83.250:8123',0),(4801,'113.10.188.87:80',0),(4802,'113.107.57.76:3128',0),(4803,'114.141.47.173:80',0),(4804,'114.255.183.163:8080',0),(4805,'114.255.183.164:8080',0),(4806,'114.255.183.173:8080',0),(4807,'114.255.183.174:8080',0),(4808,'114.255.183.189:8080',0),(4809,'114.47.17.31:8080',0),(4810,'115.238.225.26:80',0),(4811,'116.58.254.65:3128',0),(4812,'117.164.106.100:8123',0),(4813,'117.164.48.150:8123',0),(4814,'117.165.87.190:8123',0),(4815,'117.167.12.101:8123',0),(4816,'117.167.146.84:8123',0),(4817,'117.167.42.127:8123',0),(4818,'117.168.207.1:8123',0),(4819,'117.169.212.209:8123',0),(4820,'117.173.21.33:8123',0),(4821,'117.177.243.29:8085',0),(4822,'117.177.243.29:82',0),(4823,'117.177.243.43:86',0),(4825,'119.188.94.145:80',0),(4826,'120.72.92.99:3128',0),(4827,'121.50.188.62:3128',0),(4828,'122.228.92.103:80',0),(4829,'122.228.92.103:8080',0),(4830,'123.125.114.167:80',0),(4831,'124.202.176.218:8118',0),(4832,'125.27.214.35:3128',0),(4833,'128.199.167.30:8080',0),(4834,'130.211.101.17:80',0),(4835,'130.211.115.121:80',0),(4836,'130.211.130.151:80',0),(4837,'130.211.130.16:80',0),(4838,'130.211.133.10:80',0),(4839,'130.211.134.220:80',0),(4840,'130.211.144.37:80',0),(4842,'130.211.150.106:80',0),(4843,'130.211.153.61:80',0),(4844,'130.211.162.119:80',0),(4845,'130.211.165.151:80',0),(4846,'130.211.173.78:80',0),(4847,'130.211.175.125:80',0),(4848,'130.211.187.127:80',0),(4849,'130.211.49.137:80',0),(4850,'130.211.60.34:80',0),(4851,'130.211.81.5:80',0),(4852,'137.135.166.225:8123',0),(4853,'139.162.20.78:8080',0),(4854,'14.139.56.13:3128',0),(4855,'146.148.90.184:80',0),(4856,'153.149.104.76:80',0),(4857,'162.208.49.45:7808',0),(4858,'162.208.49.45:8089',0),(4859,'162.213.154.57:3128',0),(4860,'176.99.6.162:3128',0),(4861,'183.221.208.225:8123',0),(4862,'183.221.9.76:8123',0),(4863,'183.88.50.231:3128',0),(4864,'183.89.92.12:3128',0),(4865,'186.1.10.178:3130',0),(4866,'186.22.48.14:3128',0),(4867,'192.99.169.121:3128',0),(4868,'195.113.196.29:80',0),(4869,'200.223.212.108:80',0),(4870,'201.221.133.86:8080',0),(4871,'202.106.16.36:3128',0),(4872,'202.108.23.247:80',0),(4873,'202.119.25.227:9999',0),(4874,'202.119.25.228:9999',0),(4875,'202.141.239.75:80',0),(4876,'202.141.239.75:8080',0),(4877,'202.164.38.11:8080',0),(4878,'202.74.243.21:8080',0),(4879,'203.192.12.148:80',0),(4880,'211.141.82.246:8118',0),(4881,'211.162.0.170:80',0),(4882,'217.77.220.234:8080',0),(4883,'218.204.143.4:8118',0),(4884,'218.89.170.114:8888',0),(4885,'218.97.194.216:80',0),(4886,'218.97.194.217:80',0),(4887,'218.97.194.218:80',0),(4888,'218.97.194.219:80',0),(4889,'218.97.194.220:80',0),(4890,'218.97.194.221:80',0),(4891,'218.97.194.222:80',0),(4892,'218.97.194.223:80',0),(4893,'220.248.41.106:110',0),(4894,'221.10.102.203:80',0),(4895,'221.10.102.203:81',0),(4896,'221.10.102.203:82',0),(4897,'221.10.102.203:843',0),(4898,'221.176.14.72:80',0),(4899,'221.181.39.148:55336',0),(4900,'221.181.39.155:55336',0),(4901,'222.222.193.3:80',0),(4902,'222.42.146.106:8080',0),(4903,'27.109.250.210:80',0),(4904,'37.153.108.48:3128',0),(4905,'37.187.177.121:3128',0),(4906,'37.59.140.107:3128',0),(4907,'39.166.24.120:8123',0),(4908,'39.166.29.73:8123',0),(4909,'39.167.41.127:8123',0),(4910,'39.177.20.198:8123',0),(4911,'39.184.75.95:8123',0),(4912,'39.190.113.83:8123',0),(4913,'45.63.12.46:3128',0),(4914,'46.29.195.209:8080',0),(4915,'49.0.39.241:8080',0),(4916,'5.77.44.121:4444',0),(4917,'52.68.157.145:3128',0),(4918,'54.164.204.185:8080',0),(4919,'54.187.52.159:3128',0),(4920,'54.187.52.159:80',0),(4921,'54.214.234.18:4444',0),(4922,'58.180.45.119:3128',0),(4923,'58.253.238.242:80',0),(4924,'59.58.162.141:888',0),(4925,'60.212.16.55:55336',0),(4926,'60.212.16.56:55336',0),(4927,'60.29.248.142:8080',0),(4928,'61.156.3.166:80',0),(4929,'61.184.192.42:80',0),(4930,'61.54.1.49:8080',0),(4931,'61.7.149.69:8080',0),(4932,'62.109.17.72:8118',0),(4933,'73.150.226.60:3128',0),(4934,'79.120.62.26:8080',0),(4935,'80.242.219.50:3128',0),(4936,'89.249.207.65:3128',0),(5092,'120.199.13.190:8080',0),(5093,'183.207.228.11:86',0),(5094,'50.115.194.97:8080',0),(5095,'124.240.187.89:80',0),(5096,'124.202.145.26:80',0),(5097,'61.180.67.212:80',0),(5098,'220.165.10.5:55336',0),(5099,'60.165.46.18:55336',0),(5100,'138.97.116.18:8080',0),(5101,'24.38.116.13:8080',0),(5102,'52.25.79.253:8080',0),(5103,'5.135.202.100:3128',0),(5104,'118.186.239.247:80',0),(5105,'124.206.239.138:8118',0),(5106,'60.165.46.22:55336',0),(5107,'182.239.127.140:80',0),(5108,'60.165.46.12:55336',0),(5109,'46.105.104.10:8888',0),(5110,'60.165.46.19:55336',0),(5111,'60.165.46.14:55336',0),(5112,'60.165.46.16:55336',0),(5113,'60.165.46.23:55336',0),(5114,'60.165.46.24:55336',0),(5115,'218.76.136.11:55336',0),(5116,'218.76.136.21:55336',0),(5117,'60.165.46.20:55336',0),(5118,'115.160.132.66:3128',0),(5119,'222.222.169.66:80',0),(5120,'5.39.10.71:3128',0),(5121,'60.165.46.17:55336',0),(5152,'222.222.193.5:80',0),(5153,'60.165.46.25:55336',0),(5154,'121.69.8.234:8080',0),(5155,'218.76.136.22:55336',0),(5156,'222.222.169.68:80',0),(5157,'183.207.228.115:80',0),(5158,'222.222.193.2:80',0),(5159,'97.77.104.22:3128',0),(5160,'97.77.104.22:80',0),(5161,'168.8.118.223:8080',0),(5162,'115.182.83.38:8080',0),(5163,'106.58.63.88:55336',0),(5164,'106.58.63.84:55336',0),(5165,'106.58.63.86:55336',0),(5166,'112.114.63.33:55336',0),(5167,'112.114.63.40:55336',0),(5168,'112.114.63.38:55336',0),(5169,'106.58.63.68:55336',0),(5170,'106.58.63.79:55336',0),(5171,'106.58.63.80:55336',0),(5172,'106.58.63.82:55336',0),(5173,'106.58.63.87:55336',0),(5174,'106.58.63.74:55336',0),(5175,'106.58.63.75:55336',0),(5176,'106.58.63.77:55336',0),(5177,'106.58.63.78:55336',0),(5178,'106.58.63.70:55336',0),(5179,'106.58.63.71:55336',0),(5180,'106.58.63.66:55336',0),(5181,'106.58.63.67:55336',0),(5212,'216.236.253.218:80',0),(5213,'5.9.98.137:2683',0),(5214,'5.9.98.137:3541',0),(5215,'190.215.48.228:3128',0),(5216,'223.82.64.154:8123',0),(5217,'52.26.173.158:3128',0),(5218,'52.74.25.242:8888',0),(5219,'54.68.122.241:3128',0),(5220,'191.236.89.127:3128',0),(5221,'195.5.246.171:443',0),(5222,'200.0.56.244:8080',0),(5223,'202.77.108.252:80',0),(5224,'117.177.243.43:8082',0),(5225,'176.31.170.48:3128',0),(5226,'168.187.232.89:3128',0),(5227,'163.177.21.64:55336',0),(5228,'163.177.21.63:55336',0),(5229,'128.199.122.130:3128',0),(5230,'118.163.123.187:80',0),(5231,'220.165.10.9:55336',0),(5232,'220.165.10.13:55336',0),(5233,'220.165.10.43:55336',0),(5234,'190.145.0.76:3128',0),(5235,'117.177.243.43:83',0),(5236,'124.30.235.52:8080',0),(5237,'196.8.207.138:80',0),(5238,'130.211.121.153:80',0),(5239,'146.148.59.141:80',0),(5240,'82.223.148.124:10114',0),(5241,'95.181.44.114:3128',0),(5272,'221.6.123.133:3128',0),(5273,'117.170.200.5:8123',0),(5274,'117.177.243.43:8080',0),(5275,'39.158.132.213:8123',0),(5276,'39.173.112.108:8123',0),(5277,'95.143.41.21:7808',0),(5278,'82.223.148.124:10000',0),(5279,'95.143.41.21:8089',0),(5280,'185.39.216.51:80',0),(5281,'54.65.7.169:80',0),(5282,'183.221.147.21:8123',0),(5283,'222.50.6.59:8080',0),(5284,'27.131.47.132:8080',0),(5285,'36.250.69.4:80',0),(5286,'39.158.128.153:8123',0),(5287,'39.158.192.181:8123',0),(5288,'220.134.222.34:8888',0),(5289,'117.177.243.42:8080',0),(5290,'39.171.16.212:8123',0),(5291,'39.176.50.147:8123',0),(5292,'39.176.55.179:8123',0),(5293,'85.94.185.83:8080',0),(5294,'39.178.179.23:8123',0),(5295,'221.181.39.149:55336',0),(5296,'60.13.74.174:80',0),(5297,'106.58.63.81:55336',0),(5298,'39.184.0.48:8123',0),(5299,'39.185.174.84:8123',0),(5300,'39.190.117.141:8123',0),(5301,'190.40.123.36:8080',0),(5332,'60.13.74.194:80',0),(5333,'58.67.159.50:80',0),(5334,'62.201.200.13:80',0),(5335,'218.97.195.36:81',0),(5336,'117.136.234.1:80',0),(5337,'121.248.112.20:3128',0),(5338,'67.23.44.58:80',0),(5339,'220.165.10.35:55336',0),(5340,'43.230.88.2:80',0),(5341,'106.58.63.85:55336',0),(5342,'60.191.57.79:3128',0),(5343,'106.187.89.110:3128',0),(5344,'121.52.231.62:3128',0),(5345,'182.93.221.247:3128',0),(5346,'218.207.212.79:80',0),(5347,'123.30.211.95:3128',0),(5348,'176.31.170.136:8080',0),(5349,'181.113.33.174:3128',0),(5350,'220.165.10.17:55336',0),(5351,'157.7.201.140:80',0),(5352,'162.243.39.116:3128',0),(5353,'220.165.10.11:55336',0),(5354,'220.165.10.31:55336',0),(5355,'122.114.45.74:80',0),(5356,'123.30.132.205:8080',0),(5357,'60.13.74.184:843',0),(5358,'209.66.220.124:8080',0),(5359,'219.246.90.232:3128',0),(5360,'113.255.199.126:80',0),(5361,'218.56.172.23:80',0);
/*!40000 ALTER TABLE `accounts_proxy` ENABLE KEYS */;
UNLOCK TABLES;

--
-- Table structure for table `auth_group`
--

DROP TABLE IF EXISTS `auth_group`;
/*!40101 SET @saved_cs_client     = @@character_set_client */;
/*!40101 SET character_set_client = utf8 */;
CREATE TABLE `auth_group` (
  `id` int(11) NOT NULL AUTO_INCREMENT,
  `name` varchar(80) NOT NULL,
  PRIMARY KEY (`id`),
  UNIQUE KEY `name` (`name`)
) ENGINE=MyISAM DEFAULT CHARSET=utf8;
/*!40101 SET character_set_client = @saved_cs_client */;

--
-- Dumping data for table `auth_group`
--

LOCK TABLES `auth_group` WRITE;
/*!40000 ALTER TABLE `auth_group` DISABLE KEYS */;
/*!40000 ALTER TABLE `auth_group` ENABLE KEYS */;
UNLOCK TABLES;

--
-- Table structure for table `auth_group_permissions`
--

DROP TABLE IF EXISTS `auth_group_permissions`;
/*!40101 SET @saved_cs_client     = @@character_set_client */;
/*!40101 SET character_set_client = utf8 */;
CREATE TABLE `auth_group_permissions` (
  `id` int(11) NOT NULL AUTO_INCREMENT,
  `group_id` int(11) NOT NULL,
  `permission_id` int(11) NOT NULL,
  PRIMARY KEY (`id`),
  UNIQUE KEY `group_id` (`group_id`,`permission_id`),
  KEY `permission_id_refs_id_6ba0f519` (`permission_id`)
) ENGINE=MyISAM DEFAULT CHARSET=utf8;
/*!40101 SET character_set_client = @saved_cs_client */;

--
-- Dumping data for table `auth_group_permissions`
--

LOCK TABLES `auth_group_permissions` WRITE;
/*!40000 ALTER TABLE `auth_group_permissions` DISABLE KEYS */;
/*!40000 ALTER TABLE `auth_group_permissions` ENABLE KEYS */;
UNLOCK TABLES;

--
-- Table structure for table `auth_permission`
--

DROP TABLE IF EXISTS `auth_permission`;
/*!40101 SET @saved_cs_client     = @@character_set_client */;
/*!40101 SET character_set_client = utf8 */;
CREATE TABLE `auth_permission` (
  `id` int(11) NOT NULL AUTO_INCREMENT,
  `name` varchar(50) NOT NULL,
  `content_type_id` int(11) NOT NULL,
  `codename` varchar(100) NOT NULL,
  PRIMARY KEY (`id`),
  UNIQUE KEY `content_type_id` (`content_type_id`,`codename`),
  KEY `auth_permission_37ef4eb4` (`content_type_id`)
) ENGINE=MyISAM AUTO_INCREMENT=40 DEFAULT CHARSET=utf8;
/*!40101 SET character_set_client = @saved_cs_client */;

--
-- Dumping data for table `auth_permission`
--

LOCK TABLES `auth_permission` WRITE;
/*!40000 ALTER TABLE `auth_permission` DISABLE KEYS */;
INSERT INTO `auth_permission` VALUES (1,'Can add permission,',1,'add_permission'),(2,'Can change permission,',1,'change_permission'),(3,'Can delete permission',1,'delete_permission'),(4,'Can add group',2,'add_group'),(5,'Can change group',2,'change_group'),(6,'Can delete group',2,'delete_group'),(7,'Can add user',3,'add_user'),(8,'Can change user',3,'change_user'),(9,'Can delete user',3,'delete_user'),(10,'Can add content type',4,'add_contenttype'),(11,'Can change content type',4,'change_contenttype'),(12,'Can delete content type',4,'delete_contenttype'),(13,'Can add session',5,'add_session'),(14,'Can change session',5,'change_session'),(15,'Can delete session',5,'delete_session'),(16,'Can add site',6,'add_site'),(17,'Can change site',6,'change_site'),(18,'Can delete site',6,'delete_site'),(19,'Can add log entry',7,'add_logentry'),(20,'Can change log entry',7,'change_logentry'),(21,'Can delete log entry',7,'delete_logentry'),(22,'Can add account',8,'add_account'),(23,'Can change account',8,'change_account'),(24,'Can delete account',8,'delete_account'),(25,'Can add file',9,'add_file'),(26,'Can change file',9,'change_file'),(27,'Can delete file',9,'delete_file'),(28,'Can add work',10,'add_work'),(29,'Can change work',10,'change_work'),(30,'Can delete work',10,'delete_work'),(31,'Can add tag',11,'add_tag'),(32,'Can change tag',11,'change_tag'),(33,'Can delete tag',11,'delete_tag'),(34,'Can add poll stat',12,'add_pollstat'),(35,'Can change poll stat',12,'change_pollstat'),(36,'Can delete poll stat',12,'delete_pollstat'),(37,'Can add proxy',13,'add_proxy'),(38,'Can change proxy',13,'change_proxy'),(39,'Can delete proxy',13,'delete_proxy');
/*!40000 ALTER TABLE `auth_permission` ENABLE KEYS */;
UNLOCK TABLES;

--
-- Table structure for table `auth_user`
--

DROP TABLE IF EXISTS `auth_user`;
/*!40101 SET @saved_cs_client     = @@character_set_client */;
/*!40101 SET character_set_client = utf8 */;
CREATE TABLE `auth_user` (
  `id` int(11) NOT NULL AUTO_INCREMENT,
  `password` varchar(128) NOT NULL,
  `last_login` datetime NOT NULL,
  `is_superuser` tinyint(1) NOT NULL,
  `username` varchar(30) NOT NULL,
  `first_name` varchar(30) NOT NULL,
  `last_name` varchar(30) NOT NULL,
  `email` varchar(75) NOT NULL,
  `is_staff` tinyint(1) NOT NULL,
  `is_active` tinyint(1) NOT NULL,
  `date_joined` datetime NOT NULL,
  PRIMARY KEY (`id`),
  UNIQUE KEY `username` (`username`)
) ENGINE=MyISAM AUTO_INCREMENT=3 DEFAULT CHARSET=utf8;
/*!40101 SET character_set_client = @saved_cs_client */;

--
-- Dumping data for table `auth_user`
--

LOCK TABLES `auth_user` WRITE;
/*!40000 ALTER TABLE `auth_user` DISABLE KEYS */;
INSERT INTO `auth_user` VALUES (1,'pbkdf2_sha256$15000$tn7gs495oJQ4$BUTe1PUZl/iJA7x4UjSL58D2lXZNISVWZom91OtpYaw=','2015-08-21 14:05:54',1,'kindai','kin','dai','kintomiko@gmail.com',1,1,'0000-00-00 00:00:00'),(2,'pbkdf2_sha256$20000$Z5LazPq73qnj$AMMvRmcylHQKZp+H2kNrRJjvXRm7hqa3YihNzrjkC28=','2015-11-25 12:57:02',0,'bellaadmin','','','',1,1,'2015-03-04 01:49:19');
/*!40000 ALTER TABLE `auth_user` ENABLE KEYS */;
UNLOCK TABLES;

--
-- Table structure for table `auth_user_groups`
--

DROP TABLE IF EXISTS `auth_user_groups`;
/*!40101 SET @saved_cs_client     = @@character_set_client */;
/*!40101 SET character_set_client = utf8 */;
CREATE TABLE `auth_user_groups` (
  `id` int(11) NOT NULL AUTO_INCREMENT,
  `user_id` int(11) NOT NULL,
  `group_id` int(11) NOT NULL,
  PRIMARY KEY (`id`),
  UNIQUE KEY `user_id` (`user_id`,`group_id`),
  KEY `group_id_refs_id_274b862c` (`group_id`)
) ENGINE=MyISAM DEFAULT CHARSET=utf8;
/*!40101 SET character_set_client = @saved_cs_client */;

--
-- Dumping data for table `auth_user_groups`
--

LOCK TABLES `auth_user_groups` WRITE;
/*!40000 ALTER TABLE `auth_user_groups` DISABLE KEYS */;
/*!40000 ALTER TABLE `auth_user_groups` ENABLE KEYS */;
UNLOCK TABLES;

--
-- Table structure for table `auth_user_user_permissions`
--

DROP TABLE IF EXISTS `auth_user_user_permissions`;
/*!40101 SET @saved_cs_client     = @@character_set_client */;
/*!40101 SET character_set_client = utf8 */;
CREATE TABLE `auth_user_user_permissions` (
  `id` int(11) NOT NULL AUTO_INCREMENT,
  `user_id` int(11) NOT NULL,
  `permission_id` int(11) NOT NULL,
  PRIMARY KEY (`id`),
  UNIQUE KEY `user_id` (`user_id`,`permission_id`),
  KEY `permission_id_refs_id_35d9ac25` (`permission_id`)
) ENGINE=MyISAM AUTO_INCREMENT=12 DEFAULT CHARSET=utf8;
/*!40101 SET character_set_client = @saved_cs_client */;

--
-- Dumping data for table `auth_user_user_permissions`
--

LOCK TABLES `auth_user_user_permissions` WRITE;
/*!40000 ALTER TABLE `auth_user_user_permissions` DISABLE KEYS */;
INSERT INTO `auth_user_user_permissions` VALUES (8,2,27),(7,2,26),(6,2,25),(5,2,7),(9,2,28),(10,2,29),(11,2,30);
/*!40000 ALTER TABLE `auth_user_user_permissions` ENABLE KEYS */;
UNLOCK TABLES;

--
-- Table structure for table `bellawiki_file`
--

DROP TABLE IF EXISTS `bellawiki_file`;
/*!40101 SET @saved_cs_client     = @@character_set_client */;
/*!40101 SET character_set_client = utf8 */;
CREATE TABLE `bellawiki_file` (
  `id` int(11) NOT NULL AUTO_INCREMENT,
  `quality` int(11) DEFAULT NULL,
  `name` varchar(255) DEFAULT NULL,
  `desc` varchar(2000) DEFAULT '',
  `md5` varchar(32) DEFAULT NULL,
  `url` varchar(2048) DEFAULT NULL,
  `type` int(11) DEFAULT '104',
  `date` date DEFAULT NULL,
  PRIMARY KEY (`id`),
  UNIQUE KEY `md5` (`md5`)
) ENGINE=MyISAM AUTO_INCREMENT=1126 DEFAULT CHARSET=utf8;
/*!40101 SET character_set_client = @saved_cs_client */;

--
-- Dumping data for table `bellawiki_file`
--

LOCK TABLES `bellawiki_file` WRITE;
/*!40000 ALTER TABLE `bellawiki_file` DISABLE KEYS */;
INSERT INTO `bellawiki_file` VALUES (1,0,'也许明天 - 姚贝娜.mp3','','82ddff60143e57a73eefead41c691544','http://pan.baidu.com/s/1dDdC5Mx',0,NULL),(2,0,'《时间都去哪儿了》.mp3','','6251b44feac169214e34fd830fe6ae12','http://pan.baidu.com/s/1pJkdIVh',0,NULL),(3,0,'也许在 - 姚贝娜.mp3','','7950525eaa85a25b8dc657f6a3237136','http://pan.baidu.com/s/1dIGUU',0,NULL),(4,0,'姚贝娜-也许在(现场版).MKV','','895394ffd3d713357ac3de472037e658','http://pan.baidu.com/s/1sjDLTO5',0,NULL),(5,1,'【视频】姚贝娜+金池 - 也许明天【中国蓝5动梦想特别节目】.ts','','16d482e019b3fb455cf1cfbf19724c1c','http://pan.baidu.com/s/1bnlikBP',104,NULL),(6,0,'不聪明 - 姚贝娜.mp3','','7ec8e959c870c944e232bac4bc778a5b','http://pan.baidu.com/s/1jGgQhxk',0,NULL),(8,0,'姚貝娜 - Let It Go(《冰雪奇緣 Frozen》中文主題曲).720p.mp4','','06bc8eeaee9b56c5d9a7ee315423c17e','http://pan.baidu.com/s/1eQF4kRw',0,NULL),(9,0,'随它吧 - 姚贝娜.mp3','','7e6d27d45ad60f0c7b81812c42dd5466','http://pan.baidu.com/s/1bnvr7n5',0,NULL),(10,0,'随它吧live - 姚贝娜.mp3','','407288b1670f3e4d1e7d2a3093784c5d','http://pan.baidu.com/s/1i33SJEd',0,NULL),(11,0,'心火 - 姚贝娜.mp3','','1dc5387d5ebac771f0875155f54ebf3e','http://pan.baidu.com/s/1mgA8sti',0,NULL),(12,0,'Venus(现场版) - 姚贝娜.mp3','','0e3fc8d24cc97ef838d0ecdeffb3d4f1','http://pan.baidu.com/s/1qW5GzkK',0,NULL),(13,3,'20140426MusicRadio中国TOP排行榜颁奖晚会-姚贝娜 荣获内地最佳女歌手.mp4','','4346a50e742d8459aae3f920acc4b22a','http://pan.baidu.com/s/1o6qlxAq',104,NULL),(14,0,'20140426MusicRadio中国TOP排行榜颁奖晚会-姚贝娜 DJ最爱艺人.mp4','','612ab2305ba2bb495f4e6db1fef77766','http://pan.baidu.com/s/1i3eQs65',0,NULL),(15,1,'鱼（姚贝娜Hi歌）.mp4','','1e694257256603f256451bdeb8124fe4','http://pan.baidu.com/s/1wF5AA',104,NULL),(16,3,'鱼.mp3','','32c96db16dc41f19dcdc17e347c87f8b','http://pan.baidu.com/s/1qWPZjSo',103,NULL),(17,1,'姚贝娜（20121213网易专访）.flv','','73bb134984a4a27051ea7615d66a7ac5','http://pan.baidu.com/s/1hqy5iTI',104,NULL),(18,0,'姚贝娜 《网易女人》专访.mp4','','db3b749e05805a63face8c000dc76ba1','http://pan.baidu.com/s/1trF7C',0,NULL),(30,1,'艺术人生20140515姚贝娜.mp4','做客中央电视台《艺术人生》。','ff6a0c0d8bda1a91b36c0cf7a89713d6','http://pan.baidu.com/s/1jGgklxG',101,'2014-05-15'),(20,0,'日月凌空波形图分析.fig','','3ef1ea4eff5f5226d9269b7fd650c8a6','http://pan.baidu.com/s/1hq5qJDq',0,NULL),(21,1,'日月凌空 - 姚贝娜.mp3','','50dbd6306fb93fc5256a89e2e6f16b3f','http://pan.baidu.com/s/1bnrnLLH',103,'2008-09-10'),(22,0,'也许明天波形图matlab.fig','','ad714e68ad10dfe8ce7c5f300594de68','http://pan.baidu.com/s/1i3iUdCh',0,NULL),(23,1,'all by myself - 姚贝娜.mp3','','97bd2fea78069d8dd7317b387e48748d','http://pan.baidu.com/s/1pJv9cin',103,'2013-07-16'),(24,1,'All by Myself-姚贝娜 .rmvb','','bee7657b4f24f37e23abe513d9259deb','http://pan.baidu.com/s/1hqmtQXQ',104,'2013-08-08'),(25,0,'allbymyself波形图matlab.fig','','1984f17fc849d1e16be89c0e433a26a5','http://pan.baidu.com/s/1jG1iUnc',0,NULL),(26,1,'又忆江南 - 姚贝娜.mp3','','0c0d5dc066fbd6094620c403414d3ca2','http://pan.baidu.com/s/1EWyHS',103,NULL),(27,0,'Beautiful Light - 姚贝娜.mp3','','bd34773f4cc4bd52c42db3deff32a2dc','http://pan.baidu.com/s/1pJNZuFD',0,NULL),(28,1,'20131219-姚贝娜-beautiful light-维秘版.mp4','','0976af531c122bd4491f22db99a3d252','http://pan.baidu.com/s/1qWA0gFE',104,NULL),(29,1,'姚贝娜 - Beautiful Light.mp4','','c37c964eadb5164ec126505f1ea50938','http://pan.baidu.com/s/1sjjZF9z',104,NULL),(32,0,'至少还有你 - 姚贝娜.mp3','','ed87af297c0f8c12f6316ddc946d86fe','http://pan.baidu.com/s/1i3uzxGT',0,NULL),(33,3,'矜持 - 姚贝娜.mp3','','046eb61b5e43c05514a584739e5b1341','http://pan.baidu.com/s/1c0o3V5Q',101,NULL),(34,3,'把握 - 姚贝娜.mp3','','6fb6147abffd41a5591ed1cad363dc23','http://pan.baidu.com/s/1bnrTNGj',103,'2013-08-08'),(35,3,'天耀中华 - 姚贝娜.mp3','','84dc3fa882aa2695bd0629932a0c7e6f','http://pan.baidu.com/s/1eQw7x0A',103,'2014-01-30'),(36,4,'20140130-姚贝娜-歌曲《天耀中华》-【2014春晚】1080i.ts','','70d85dca4b4493a954fc1f1f796d6789','http://pan.baidu.com/s/1sjG3GRj',104,'2014-01-30'),(37,3,'自己 - 姚贝娜&林育群.mp3','','bbda69a5d8d9b96df1008fad21d26eae','http://pan.baidu.com/s/1qWx8S0G',103,NULL),(38,3,'dear friend - 姚贝娜.mp3','','22a66d4d45c1b74f22b01bd459788d27','http://pan.baidu.com/s/1ntJtKIt',103,NULL),(39,4,'暖 - 姚贝娜&关喆.mp3','','d781df9738e6a9826edc71c3d3dbacd3','http://pan.baidu.com/s/1pJqPvXT',103,'2010-08-26'),(40,2,'当一张报纸飘落在眼前 - 姚贝娜.mp3','','1124d3f9147477e2ad25b7ad786be19d','http://pan.baidu.com/s/1FCz3w',103,NULL),(41,2,'第一江山春好处 - 姚贝娜.mp3','','f2eb6fb3767640bcbc52f01d7f3228bc','http://pan.baidu.com/s/1c0vV5Os',103,'2012-07-08'),(42,4,'爱无反顾 - 姚贝娜.mp3','','548027c180aae024214fa7471e50d9d4','http://pan.baidu.com/s/1ntr914t',103,'2013-10-01'),(43,2,'四季歌 - 姚贝娜.mp3','转自 http://bideyuanli.com/','48b9a1f4b2d61a1dbb48764a2f6edc28','http://pan.baidu.com/s/1mgsXyIG',103,NULL),(44,2,'了了歌 - 姚贝娜.mp3','转自 http://bideyuanli.com/','ecce9ce3b6badddf910a77445f2023be','http://pan.baidu.com/s/1o69itYE',103,NULL),(45,2,'渴望 - 姚贝娜.mp3','转自 http://bideyuanli.com/','db788fe920654af18d978b3e185c0f92','http://pan.baidu.com/s/1o6FnX6i',103,NULL),(46,2,'问红尘 - 姚贝娜.mp3','转自 http://bideyuanli.com/','d71b04608d11085e7e4463be6db331d4','http://pan.baidu.com/s/1dIKCu',103,NULL),(47,2,'死也不伤悲 - 姚贝娜&张江.mp3','转自 http://bideyuanli.com/','1eb5e459dafde18db10c49643880ab89','http://pan.baidu.com/s/1ntNx5Gl',103,NULL),(48,2,'牡丹花谱 - 姚贝娜.mp3','转自 http://bideyuanli.com/','81e61b5c5485d5ad8b62cf46580cc03a','http://pan.baidu.com/s/1fKA0Q',103,NULL),(49,2,'与你同行 - 姚贝娜.mp3','转自 http://bideyuanli.com/','df856276ba386c5f6762c5bb257db14a','http://pan.baidu.com/s/1bnlOpmn',103,NULL),(50,2,'来生还要做一个女人 - 姚贝娜.mp3','转自 http://bideyuanli.com/','a20c9c2c4f1fa13000d8a585deb8fdcb','http://pan.baidu.com/s/1mgHZRy4',103,NULL),(51,2,'每个女人都想 - 姚贝娜.mp3','转自 http://bideyuanli.com/','c831b6a686ba598994911a8e586f979f','http://pan.baidu.com/s/1hqAG0fU',103,NULL),(52,4,'第二届搜狐时尚权力榜颁奖盛典 姚贝娜演唱《心火》[高清版].mp4','','b7f2f8eeef08e62d74267f89ecb157cf','http://pan.baidu.com/s/1eQu55kA',104,NULL),(53,4,'第二届搜狐时尚权力榜颁奖盛典 姚贝娜演唱《也许明天》[高清版].mp4','','9d1ed53f76b01dd5948130367e68196e','http://pan.baidu.com/s/1pJG7QAJ',104,NULL),(54,4,'广西第三届刘三姐文化旅游节开幕式-《菩萨蛮》[高清版].mp4','','b8effe9fe0534437822ce6b3bfd1bc18','http://pan.baidu.com/s/1o6n3DRs',104,NULL),(55,2,'菩萨蛮 - 姚贝娜.mp3','','29e05142cdffe26df817874bb77cb5f0','http://pan.baidu.com/s/1c0hIxVi',103,NULL),(56,4,'广西第三届刘三姐文化旅游节开幕式-《画情》[高清版].mp4','','7e3ba92d0f9d801b89e615dfd235dfc8','http://pan.baidu.com/s/1gd5sN6b',104,NULL),(57,4,'广西第三届刘三姐文化旅游节开幕式 姚贝娜与广西朋友互动[高清版].mp4','','1864dca7912858eb34bb39d3951ddf1a','http://pan.baidu.com/s/1nt7O3wP',104,NULL),(58,4,'姚贝娜上海电信见面会 《也许明天》观众录制[超清版].flv','','7e62b673b36b28f8f4dda495df72dcd8','http://pan.baidu.com/s/1mgkjXS8',104,NULL),(59,4,'音乐女声 电影《萧红》片尾曲-姚贝娜.flv','','fa4c077c350bc9988524995711c03bc4','http://pan.baidu.com/s/1hq28XfA',104,NULL),(60,3,'姚贝娜《至少还有你》电视剧（大丈夫）主题曲 .flv','','145e3958a5d8a720c1d46f6fcf5fc679','http://pan.baidu.com/s/1pJC4hAV',104,NULL),(61,3,'姚贝娜《原来我是这么爱你》2008国庆庆典音乐会.flv','','3e737459d61c843602d4576bf7333113','http://pan.baidu.com/s/1hqkYcWO',104,NULL),(62,4,'姚贝娜《鱼》观众录制花絮（一） 20141023[超清版].flv','','fe47354502e04c445c84e573296ca438','http://pan.baidu.com/s/1i3IgbNf',104,'2014-10-23'),(63,2,'姚贝娜《迎风飘扬的旗》.flv','','5a8101d96a05066f2bcbf28a592e56f7','http://pan.baidu.com/s/1dD3vcxN',104,'2011-06-01'),(64,3,'姚贝娜《生命之恋》.flv','','c8155d12a7109f7dc64a1ca6916dcd84','http://pan.baidu.com/s/1hqem1F2',104,NULL),(65,4,'姚贝娜《鱼》观众录制花絮（二） 20141023[超清版].flv','','f3fb9e9b68a29b219b2673a8d6ea7124','http://pan.baidu.com/s/12LlYQ',104,'2014-10-23'),(66,4,'姚贝娜《鱼》观众录制花絮（三） 20141023[超清版].flv','','16436affcef18eed0db5a99c47263f89','http://pan.baidu.com/s/1kTxJhkF',104,'2014-10-23'),(67,4,'姚贝娜《心火》（BTV2014春节联欢晚会现场版）.flv','','494d15b1a6b440c8e6f10a5646d2e357','http://pan.baidu.com/s/1ntzGUjJ',104,NULL),(68,3,'姚贝娜《心火》（20131222湖北卫视2014新年狂欢夜观众录制版）.flv','','9d6bfc87726a340cfce3955610a3e98b','http://pan.baidu.com/s/1mgwvmty',104,NULL),(69,4,'姚贝娜《小头发》（2012音乐工程·鹏城歌飞扬星光十年）.flv','','ddd59a8cb7d890f8126771016f2a74fa','http://pan.baidu.com/s/1hqCIxVm',104,NULL),(70,3,'姚贝娜《我要的很简单》（6月28潮白河观众录制）.mp4','','b0342c6f86ede7e8aa52919367e20158','http://pan.baidu.com/s/1jG9q67k',104,'2014-06-28'),(71,3,'姚贝娜《无与伦比的美丽》《记得》《至少还有你》《DiDaDi》《也许明天》《 随它吧》 20140621城市至尊音乐盛典.flv','获得第七届城市至尊音乐榜“年度至尊女歌手”和“年度20大金曲”。','30e9f22292931163ffc9f7e0cd3ad34a','http://pan.baidu.com/s/1sj7GvBB',104,'2014-05-22'),(72,4,'姚贝娜《随它吧》电影（冰雪奇缘）中文主题曲.flv','','35c624fba7bc937dbda4f6175f92d173','http://pan.baidu.com/s/1dDzrrDv',104,NULL),(73,3,'姚贝娜《日月凌空》（美丽中国）.mp4','','281cb88add4acb425f05b25b6247022b','http://pan.baidu.com/s/1mgqV7dQ',104,NULL),(74,3,'爱 - 姚贝娜.mp3','','6a353c93ce456983a02fac0e6cc4d015','http://pan.baidu.com/s/1o6wrebS',103,NULL),(75,3,'姚贝娜《南国花儿艳》.flv','','4d1e284664f283ac8441f0518ef1051d','http://pan.baidu.com/s/1qW0WJfe',104,NULL),(76,3,'南国花儿艳 - 姚贝娜.mp3','','b98ee362e3a8cbbccfe2a37a22c16d13','http://pan.baidu.com/s/1ntA6rep',103,NULL),(77,3,'姚贝娜《两个人的世界》（第13届青歌赛流行组决赛）_标清.flv','','67f51680334206481d88660db772c2ec','http://pan.baidu.com/s/1gdqzJ7l',104,NULL),(78,3,'两个人的世界 - 姚贝娜.mp3','','41e13e213636d839286d9a35d752fa6d','http://pan.baidu.com/s/1hq28XM0',103,NULL),(79,3,'姚贝娜《离不开你》2012刘欢五棵松演唱会.flv','','dab03935420df5c97d9dbde69e73bd91','http://pan.baidu.com/s/1q9UUy',104,NULL),(80,4,'姚贝娜《黑夜落雪》电影（笔仙3）主题曲.flv','','0cf18c8c5b91c28a6ccfad4b2d3ec424','http://pan.baidu.com/s/1lkuTK',104,NULL),(81,3,'姚贝娜《 一路笑着走》高清.mp4','','e6b72b5f9df5de0f8cd39987d3c6c4e0','http://pan.baidu.com/s/1sjFNPEl',104,NULL),(82,4,'姚贝娜、徐子崴《中国之最》（今宵月更圆·2009中秋晚会）_高清.mp4','2009-10-3','a90e1b5140158b81a7a9c7f5099ede4b','http://pan.baidu.com/s/1CoExK',104,'2009-10-03'),(83,3,'姚贝娜 综合知识得分（第13届青歌赛流行组决赛）_标清.flv','','1464b4981ad10c89023704339cbeb53a','http://pan.baidu.com/s/1qWI7Ioc',104,NULL),(84,3,'姚贝娜 十三届青歌赛金奖作品《日月凌空》.mp4','','96dac2c0194841ed2323994484e03383','http://pan.baidu.com/s/1c08gK3A',104,NULL),(85,3,'电视剧《青盲》片尾曲 姚贝娜.flv','','cb1e9796ab373005e17858d3b1ddda5d','http://pan.baidu.com/s/1o69OqdO',104,NULL),(86,2,'《我用所有报答爱》[高清版].mp4','','51631c8e912b24d534a41bfa506596ec','http://pan.baidu.com/s/1dDcWDPZ',104,NULL),(87,3,'《我爱的是你爱我》“小妞炖硬汉”发布会全程-姚贝娜VCR.flv','','3b8860cf6928d10003bfc05050eb6fc3','http://pan.baidu.com/s/10JvUu',104,NULL),(88,3,'20131222 姚贝娜 “大德至信，大爱无垠”关爱老人慈善联谊会活动 观众录制.flv','','b615c06b0c87006455eb86a3a629573b','http://pan.baidu.com/s/1kT00YGn',104,'2013-12-22'),(89,3,'20131020张家口演唱会-姚贝娜《红颜劫》《也许在》《我要的很简单》《也许明天》[高清版]-0001-all.mp4','','271aec8cafbef04aeb737c43dccd12d1','http://pan.baidu.com/s/1ntmPJ65',104,'2013-10-20'),(90,3,'20131012姚贝娜北京朝北大悦城公益活动完整现场版[超清版].flv','','d54dd5164f5127ab5e996c95e21961c5','http://pan.baidu.com/s/1eQ4ETk2',104,'2013-10-12'),(91,2,'20130331开门大吉 姚贝娜《红颜劫》.flv','','76a9c62861bd672fb03430f122706dd0','http://pan.baidu.com/s/1o6uppQ6',104,'2013-03-31'),(92,3,'刘欢大型演唱会 姚贝娜演唱《惊鸿舞》_超清.mp4','','33d2244e15f4be871f6a3ca53cb7c908','http://pan.baidu.com/s/1bnEo6nH',104,NULL),(93,3,'实拍姚贝娜在瑞安飞云演出.mp4','','41c851439ace5b26603d881f19c4a424','http://pan.baidu.com/s/1uDHYe',104,'2013-10-19'),(94,4,'姚贝娜 -《随它吧》官方MV （电影冰雪奇缘中文主题曲）[超清版].flv','','51994151a1537b3c77029ed31b3ed47a','http://pan.baidu.com/s/1gdCe4uf',104,NULL),(95,1,'姚贝娜 17岁时与父亲同台演唱《在一起》标清.mp4','','334ff2c6baad37dd23c3f7b4706b9a3a','http://pan.baidu.com/s/1i3L3NN3',104,'1999-01-01'),(96,3,'姚贝娜 CCTV1020141123《时尚二十年 》[超清版].flv','','c2b885d38e7569bad84d3a720d28a11a','http://pan.baidu.com/s/1cwOb0',104,'2014-11-23'),(97,3,'姚贝娜 《不唱情歌》 （20131219 腾讯微视庆典观众录制版）.flv','','63b9a5bf5e1e6c836bb5cf3da1923aba','http://pan.baidu.com/s/1qW2YEbq',104,'2013-12-19'),(98,2,'姚贝娜 《战争世界》发布会 观众录制.flv','','0ed2d367c31be2e40c611feafef077e6','http://pan.baidu.com/s/1eQjGoMm',104,NULL),(99,3,'姚贝娜 湖南卫视20120720《天天向上》完整版.mp4','','09a856377eaf559e21ec7ee33a157b0c','http://pan.baidu.com/s/1qWG5PP6',104,'2012-07-20'),(100,3,'姚贝娜 湖南卫视20120720《天天向上》剪辑部分.mp4','','ae9edad6ada4c6b02e8486ecd669f8b3','http://pan.baidu.com/s/1ntHrWV3',104,'2012-07-20'),(101,2,'姚贝娜 火风《老婆老公我爱你》（2007央视春晚 ）.mp4','','6803e4ea1a2e55dcfd45059b20454a64','http://pan.baidu.com/s/1gds1C47',104,'2007-02-17'),(102,3,'姚贝娜 开敞式前各种萌态20131109.mp4','http://www.dzwww.com/yule/yulezhuanti/mtcbg/201311/t20131105_9089913.htm','075acffea025f0675cfd2347a3d72ce7','http://pan.baidu.com/s/1gdiYomR',104,'2013-11-09'),(103,4,'姚贝娜 沙宝亮《只因为爱》MV.flv','','34cd2ffed60ce00d91b6462a8abaa46f','http://pan.baidu.com/s/1qWnzBdy',104,NULL),(104,3,'姚贝娜 熊汝霖等《我要歌唱》（2010年春节联欢晚会现场版）.flv','','d6081232182d967718f4ec37c4be7cf3','http://pan.baidu.com/s/1i35oPal',104,'2013-02-13'),(105,2,'姚贝娜 中国新歌榜颁奖典礼20140517获奖感言.mp4','','19ffbae27abba18e4868a4e48207d231','http://pan.baidu.com/s/1hqCc0Os',104,'2014-05-17'),(106,3,'姚贝娜-苏州首届五金博览会演唱会全场 观众录制.flv','','6ff1a93b9e412b4806cd1200388d4134','http://pan.baidu.com/s/1sj4Y4HZ',104,'2013-11-08'),(107,4,'姚贝娜20131109北京五棵松《不管有多苦》[超清版].flv','','f0c70de15264d001efba3d238b3d158f','http://pan.baidu.com/s/1ntxFeI1',104,'2013-11-09'),(108,3,'姚贝娜20131109北京五棵松《也许在》《也许明天》观众录制.flv','','a41994dbf3cb544e3b20acbe3578e09d','http://pan.baidu.com/s/1kTwxo4B',104,'2013-11-09'),(109,4,'姚贝娜、曹芙嘉《暗香》_超清.mp4','','5eac9c5dd260ecae91730a3b9a2d7629','http://pan.baidu.com/s/1kTJxTYZ',104,NULL),(110,4,'姚贝娜《视友微访谈》专访.mp4','','37b847f85177fdba969599428440f1d6','http://pan.baidu.com/s/1g0Af0',104,NULL),(111,2,'姚贝娜 文艺频道《音乐high客》专题 1.flv','','705f2c1d1720ad4897f1092058d8daf1','http://pan.baidu.com/s/1qW5a6QC',104,NULL),(112,4,'搜狐（好声音英雄谱）姚贝娜访谈.mp4','','1b25459b2acc3ce9c3846519c0296b9a','http://pan.baidu.com/s/1AmOYM',104,NULL),(113,2,'姚贝娜《商都网》二分之一的我新专辑访谈.flv','','c1ddc25beb7c4668ae79e064bc06756b','http://pan.baidu.com/s/1qWwTaAK',104,NULL),(114,2,'姚贝娜《天籁星主打》专访 .flv','','273e19d7ef0bc3d73d721c59585249b2','http://pan.baidu.com/s/1jGoXJzo',104,NULL),(115,4,'YOKA独家专访姚贝娜[超清版].flv','','71c6114b68b988d6e39c376c34c7e60a','http://pan.baidu.com/s/1o6wXeA2',104,NULL),(129,2,'姚贝娜20140616做客《黄焖世界杯》.flv','','f479e602e5037bb7c3e345ae5f063b8c','http://pan.baidu.com/s/1i39Y76d',104,NULL),(118,2,'姚贝娜、师鹏、于霞专访（央视网专访）.wmv','','b495115c09e9583cb295e2cddee5d1b2','http://pan.baidu.com/s/1sjHjLox',104,NULL),(119,4,'姚贝娜《陈蓉博客》20140126专访.ts','','462b3b25fffbbe7b605bc559dd5f5215','http://pan.baidu.com/s/1i3kWbTb',104,'2014-01-26'),(120,2,'姚贝娜 文艺频道 《音乐high客》专题2.flv','','ed6c6c83346e0cda2b7dfe32bc12d1a7','http://pan.baidu.com/s/1c0hc3ja',104,NULL),(121,4,'姚贝娜《京东会客厅》20140219专访.mp4','','49dbb42b9927f98bf1df0679530e397a','http://pan.baidu.com/s/1pJLr9lL',104,NULL),(122,2,'《超级访问》20121209姚贝娜片段.flv','','0ae3d16452111b2d7ee5eabade60e14e','http://pan.baidu.com/s/1i3y3m7b',104,'2012-12-09'),(123,4,'姚贝娜《四川新闻网》专访 超清版.flv','','ca75448045664e5988590319dce8e5bc','http://pan.baidu.com/s/1qWx8VV2',104,NULL),(124,3,'姚贝娜（PPTV专访）.mp4','','0c6d78eb663e1775816f7195e0203724','http://pan.baidu.com/s/1eQjaq9k',104,NULL),(125,4,'《春晚明星马上到》独家采访姚贝娜  140131超清版.flv','','680c528538b92f14b1651888d18db6c4','http://pan.baidu.com/s/1jG5SK0u',104,'2014-01-31'),(126,3,'姚贝娜《西安偶像》访谈.flv','','9de64dcf237950e3d6dfcc6266aa02fe','http://pan.baidu.com/s/1jGiSjY2',104,NULL),(127,3,'刘欢与姚贝娜因甄嬛传结缘《说出你的故事》20130302看点.mp4','','277d262f05889cafef30c06049a6a757','http://pan.baidu.com/s/1eQrNHGA',104,'2013-03-02'),(128,4,'姚贝娜《中国网》专访 执着梦想 善待生活[超清版].flv','','64c8106f2cdef4926763c3aaa8eb92a7','http://pan.baidu.com/s/1sj2WAvj',104,NULL),(130,4,'姚贝娜《娱乐梦工厂》 20130928看点）.mp4','','cbdce5d048523c817e63a1fc021527d6','http://pan.baidu.com/s/1c0tnH08',104,NULL),(131,3,'格拉丹冬雪光 - 姚贝娜.mp3','','42e15d03837358f8fd1c69c8e68a12a6','http://pan.baidu.com/s/1bnplYz1',103,'2007-01-01'),(132,4,'2014··4·10姚贝娜参与CityFM10周年 城市至尊音乐盛典的记者会【超清】.mp4','','5158eb078b5075a2b83c0269d86c4541','http://yun.baidu.com/s/1jOzpG',104,'2014-04-10'),(133,1,'广东省第十一届运动会演唱主题曲《广东步步高》.flv','','5c1f3fb8a1d1051a9967921dc83e0e1c','http://pan.baidu.com/s/1qWFjZ5a',104,'2002-07-01'),(134,3,'','',NULL,'',103,NULL),(135,NULL,'星际大联盟美少女擂台赛','2000年6月，在湖南经视与五省电视台联合主办的星际大联盟美少女擂台赛中获得冠军',NULL,'',104,'2000-06-01'),(136,NULL,'第八届大红鹰杯全国青年歌手电视大奖赛','1997年9月，以优异的成绩考入武汉音乐学院附中，师从父亲姚峰副教授，开始系统地学习声乐，在校期间荣获第八届大红鹰杯全国青年歌手电视大奖赛湖北赛区专业组通俗唱法第二名，并进京参加决赛获得荧屏奖。',NULL,'',104,'1998-05-01'),(137,NULL,'全国大学生校园先锋大赛','2002年9 月，在CCTV-5主办的庆祝申奥成功的全国大学生校园先锋大赛中获得亚军。',NULL,'',104,'2002-09-01'),(773,3,'《音乐现场》 20130310 姚贝娜小头发首唱会','',NULL,'http://tv.cntv.cn/video/C11118/f925442449d03ddda49e8f540a4e5c44',103,'2013-03-10'),(772,4,'20131020-【浙江卫视 我爱记歌词 姚贝娜专场】1080P.part2.rar','','9531755a2234bdce9f6173a36b743371','http://pan.baidu.com/wap/shareview?&shareid=3943569260&uk=1462152028&dir=%2Fapps&page=1&num=20&fsid=618919504025560&third=0',104,'2013-09-27'),(768,3,'第十二届青歌赛通俗唱法决赛第二场.rar','','9f9dba07b7d38079a544ef324ab62605','http://pan.baidu.com/wap/link?uk=3778860024&shareid=2360015505&third=0',104,'2006-08-01'),(769,3,'第十二届青歌赛通俗唱法决赛第三场.rar','','ac8d839bce62e81884618bfcd3479a21','http://pan.baidu.com/wap/link?uk=3778860024&shareid=2365336776&third=0',104,'2006-08-01'),(770,3,'第十二届青歌赛通俗唱法决赛第四场.mp4','','9a968b5a583224d8bdd7f25a53f53a7e','http://pan.baidu.com/wap/link?uk=3778860024&shareid=2372142594&third=0',104,'2006-08-01'),(771,3,'中国文艺百分歌者姚贝娜','',NULL,'http://cctv.cntv.cn/lm/zhongguowenyi/20120923/103662.shtml',104,'2012-09-23'),(759,4,'中央电视台春节联欢晚会','参加中央电视台春节联欢晚会，并在零点前献唱压轴歌曲《天耀中华》；','c7f83744f6e4d4f8ec5c3224724a2b09','http://pan.baidu.com/wap/link?uk=455513354&shareid=2198432692&third=0',104,'2014-01-30'),(760,3,'北京卫视马年春晚','参加北京卫视马年春晚，演唱歌曲《心火》。','E5642917A971018DE03147A81CBD1456','http://pan.baidu.com/s/1jGBXT58',104,'2014-01-31'),(756,3,'《1/2的我》在北京举行首唱会','姚贝娜携最新EP《1/2的我》在北京举行首唱会，现场演唱多首歌曲，刘欢、捞仔、徐沛东、付林到现场助阵。','c70eba6c5a15dc7b681150de52580023','http://pan.baidu.com/wap/link?uk=706225795&shareid=1239230412&third=0',104,'2013-12-03'),(753,4,'20131020-【浙江卫视 我爱记歌词 姚贝娜专场】1080P.part1.rar','参与浙江卫视《我爱记歌词》节目的录制。','7198066ce003baa51a19da6fc44e9bf4','http://pan.baidu.com/wap/shareview?&shareid=3943569260&uk=1462152028&dir=%2Fapps&page=1&num=20&fsid=1024696192067130&third=0',104,'2013-09-27'),(735,4,'北京工人体育馆“生态行动助力中国”公益晚会','参加北京工人体育馆“生态行动助力中国”公益晚会，演唱《原野牧歌》','5c75faa567505c93540a5273dd9cf64e','http://pan.baidu.com/s/1bn6NcmV',104,'2010-09-10'),(658,3,'双拥晚会','参加双拥晚会 。','d8fef05ab16f61cace3459066b3886d3','http://pan.baidu.com/s/1i3mXW25',104,'2006-12-01'),(787,3,'屈臣氏《爱动情歌》上海站 姚贝娜 2','',NULL,'http://v.youku.com/v_show/id_XNzkzMjQxOTgw.html?from=y1.2-1-95.3.1-2.1-1-1-0',104,'2014-09-28'),(788,3,'20141001《我和我的祖国》-姚贝娜','',NULL,'http://v.youku.com/v_show/id_XNzk0NzU1OTQ0.html?from=y1.2-1-95.3.5-2.1-1-1-4',104,'2014-10-01'),(654,3,'第十二届青歌赛通俗唱法决赛第一场.rar','参加“隆力奇杯”第十二届CCTV青年歌手大奖赛，获得通俗唱法个人单项的亚军','aa2156ca02921fd25ef9921b86c52595','http://pan.baidu.com/wap/link?uk=3778860024&shareid=2344379883&third=0',104,'2006-08-01'),(888,3,'《民歌·中国》 20120508 娜来唱 你来听','',NULL,'http://tv.cntv.cn/video/C12321/cf8c449c14aa496ab5aa8620d99c365b',103,'2012-05-08'),(784,4,'姚贝娜 白色惊喜','',NULL,'http://tv.sohu.com/20140519/n399760663.shtml',104,'2014-04-02'),(785,3,' 2013年度MusicRadio中国TOP排行榜颁奖晚会 姚贝娜 心火','',NULL,'http://v.youku.com/v_show/id_XNzA0Mjg1NDI0.html',104,'2014-04-26'),(786,3,'屈臣氏《爱动情歌》上海站 姚贝娜 1','',NULL,'http://v.youku.com/v_show/id_XNzkzMTc4OTMy.html',104,'2014-09-28'),(774,3,'留欢2012刘欢五棵松演唱会现场版13/01/01','',NULL,'http://v.yinyuetai.com/video/617745',104,'2013-01-01'),(775,4,'姚贝娜 - 惊鸿舞&菩萨蛮 离不开你.mp4','','840186484ab6fc8ad1379957a8bb9e46','http://pan.baidu.com/s/1ntLvQXj',104,'2013-01-01'),(776,5,'姚贝娜《随他吧》（2014央视六一晚会）.ts','','a9dd392e5b1a468a728facc35eb4be57','http://pan.baidu.com/s/1dDha9zz',104,'2014-06-01'),(777,5,'姚贝娜.-.随他吧.1080i.全球中文音乐榜中榜.ts','','b70e2747aa5a68bde91590e1e3dc7ccc','http://pan.baidu.com/s/1kT3PaHx',104,'2014-04-12'),(778,4,'姚贝娜《随他吧》（20141017中国传媒大学建校60周年庆典晚会现场版）.flv','','7c2b7a4e22cf2b9ddf4a887d84d34c0c','http://pan.baidu.com/s/1eQ4FeYe',104,'2014-10-17'),(779,5,'姚贝娜.-.心火&随他吧.1080i.2014首届中国新歌榜音乐盛典.ts','','db2b92b229d03a65cbc4a9ebacf216fa','http://pan.baidu.com/s/1eQzVyCU',104,'2014-05-17'),(780,3,'姚贝娜 10.26 宝清百盟 随它吧','',NULL,'http://v.youku.com/v_show/id_XODEyODQyMzEy.html',104,'2014-10-26'),(781,3,'第十届金鹰节开幕式：《天地在我心》刘欢 姚贝娜','',NULL,'http://v.youku.com/v_show/id_XODAwNzk3Njg4.html',104,'2014-10-10'),(782,4,'141009 姚贝娜 山西农大信院全程','',NULL,'http://v.youku.com/v_show/id_XODAwNjA1NDIw.html',104,'2014-10-06'),(789,NULL,'《中国好声音第二季片花》 第一期 姚贝娜《也许明天》','',NULL,'http://tv.sohu.com/20130712/n381487508.shtml',104,NULL),(790,NULL,'《中国好声音第二季之酷我真声音》20130719 第二期 姚贝娜澄清刘欢徒弟传闻 回忆化疗经历','',NULL,'http://tv.sohu.com/20130719/n382128142.shtml',104,NULL),(791,NULL,'《中国好声音第二季片花》第六期 姚贝娜VS林育群《自己》','',NULL,'http://tv.sohu.com/20130816/n384373399.shtml',104,NULL),(792,NULL,'姚贝娜宁波演出live 《红颜劫》《我要的很简单》《也许明天》','',NULL,'http://v.youku.com/v_show/id_XNjAzNDIyNjA4.html',104,NULL),(793,NULL,'《中国蓝5动梦想片花》金池VS姚贝娜《也许明天》','',NULL,'http://tv.sohu.com/20130824/n384983333.shtml',104,NULL),(794,NULL,'《中国好声音第二季片花》第十期 朱克VS倪鹏VS姚贝娜','',NULL,'http://tv.sohu.com/20130913/n386561641.shtml',104,NULL),(795,NULL,'《中国好声音第二季演唱会片花》中秋特辑 姚贝娜《也许明天》','',NULL,'http://tv.sohu.com/20130919/n386893294.shtml',104,NULL),(796,NULL,'《中国好声音第二季片花》第十一期 那英组冠军之战：开场秀《妥协之歌》','',NULL,'http://tv.sohu.com/20130920/n386914896.shtml',104,NULL),(797,NULL,'《中国好声音第二季片花》第十一期 那英组冠军之战：姚贝娜《把握》','',NULL,'http://tv.sohu.com/20130920/n386915052.shtml',104,NULL),(798,NULL,'《中国好声音第二季片花》第十一期 那英组冠军之战：姚贝娜《Dear friend》','',NULL,'http://tv.sohu.com/20130920/n386915463.shtml',104,NULL),(799,NULL,'《中国好声音第二季片花》第十一期 那英组冠军之战：姚贝娜《All by Myself》','',NULL,'http://tv.sohu.com/20130920/n386915833.shtml',104,NULL),(800,NULL,'《中国好声音第二季独家猛料》姚贝娜生日医院探望癌症患者 传递正能量','',NULL,'http://tv.sohu.com/20130927/n387333612.shtml',104,NULL),(801,NULL,'《中国好声音第二季片花》第十五期 年度盛典：十六强开场秀《龙的传人》','',NULL,'http://tv.sohu.com/20131007/n387678391.shtml',104,NULL),(802,NULL,'《英雄谱》20131008 第七期 姚贝娜澄清“甩手”传闻 闺蜜爆料情史','',NULL,'http://tv.sohu.com/20131008/n387698333.shtml',104,NULL),(803,NULL,'英达称全家是姚贝娜歌迷 曝毛阿敏素颜难辨认','',NULL,'http://www.letv.com/ptv/vplay/2137106.html',104,NULL),(804,NULL,'20131012姚贝娜北京朝北大悦城公益活动完整现场版','',NULL,'http://v.youku.com/v_show/id_XNjIwNzQ4OTg4.html',104,NULL),(805,NULL,'姚贝娜上海电信见面会  也许明天','',NULL,'http://www.tudou.com/programs/view/coNuCUBj0ag/',104,NULL),(806,NULL,'姚贝娜首秀演技 《仙变》微电影声动发布','',NULL,'http://tv.sohu.com/20130911/n386393106.shtml',104,NULL),(807,NULL,'西安站全程 朱克送歌迷礼物 姚贝娜献唱甄嬛传','',NULL,'http://tv.sohu.com/20131024/n388844990.shtml',104,NULL),(808,NULL,'姚贝娜为何爆冷出局[每日文娱播报]-原创视频-搜狐视频','',NULL,'http://my.tv.sohu.com/us/63335670/61135536.shtml',104,NULL),(809,NULL,'姚贝娜搜狐客户端发言','',NULL,'http://www.tudou.com/programs/view/PE6OS-AUgho/?resourceId=0_06_02_99',104,NULL),(810,NULL,'《中国好声音第二季独家猛料》姚贝娜披露化疗期间心路历程 回应黑幕质疑','',NULL,'http://tv.sohu.com/20131017/n388353040.shtml/?pvid=df93a5bacf00568a',104,NULL),(811,NULL,'error','',NULL,'http://www.iqiyi.com/common/qplay.html?tvid=799792&vid=177b6fc9eb20426aba089baf02c858fe&cnid=23?source=',104,NULL),(812,NULL,'《中国好声音第二季视频报道》姚贝娜钟爱裤衩背心休闲风 自曝从小爱臭美','',NULL,'http://tv.sohu.com/20131018/n388474598.shtml',104,NULL),(813,NULL,'姚贝娜 瑞安商演视频','',NULL,'http://v.youku.com/v_show/id_XNjIzNDM4MDA0.html',104,NULL),(814,NULL,'我爱记歌词20131020姚贝娜爱忘词','',NULL,'http://www.iqiyi.com/v_19rrh8o03k.html',104,NULL),(815,NULL,'【MV】姚贝娜','',NULL,'http://v.yinyuetai.com/video/792373',104,NULL),(816,NULL,'20131020张家口演唱会-姚贝娜《红颜劫》《也许在》《我要的很简单》《也许明天》','',NULL,'http://v.youku.com/v_show/id_XNjI0NDcwMTky.html',104,NULL),(817,NULL,'姚贝娜  永康国际会展中心','',NULL,'http://v.youku.com/v_show/id_XNjI0ODc5MTI4.html',104,NULL),(818,NULL,'10.25姚贝娜昆明商演签约','',NULL,'http://v.youku.com/v_show/id_XNjI2MzQ5NTcy.html',104,NULL),(819,NULL,'姚贝娜广州箩岗演艺中心','',NULL,'http://v.youku.com/v_show/id_XNjI2OTg4OTg0.html',104,NULL),(820,NULL,'《也许在》 - 姚贝娜、候磊（杭州站 2013.10.28）','',NULL,'http://v.youku.com/v_show/id_XNjI3NTU5MzUy.html',104,NULL),(821,NULL,'昆山-红颜劫','',NULL,'http://v.youku.com/v_show/id_XNjMwMDU4NzAw.html',104,NULL),(822,NULL,'昆山-我要的很简单','',NULL,'http://v.youku.com/v_show/id_XNjMwMDkxNjc2.html',104,NULL),(823,NULL,'昆山-也许明天','',NULL,'http://v.youku.com/v_show/id_XNjMwMTE4MzY0.html',104,NULL),(824,NULL,'\"西瓜晶的第二人生 - 啪啪图片声音社区\"','',NULL,'http://papa.me/post/HA8pH6l3?syncref=sinapost',104,NULL),(825,NULL,'姚如意视频记忆2006-2013','',NULL,'http://www.tudou.com/programs/view/VeD4sTunhcU/?resourceId=31463179_06_02_99',104,NULL),(826,NULL,'第二季中国好声音全国巡演_高清直播间_视频回放_专题_乐视网','',NULL,'http://music.letv.com/zt/thevoiceofchina/index.shtml',104,NULL),(827,NULL,'好声音石家庄演唱会全程视频第二段《红颜劫》《也许明天》','',NULL,'http://v.youku.com/v_show/id_XNjMzMzY3NTE2.html',104,NULL),(828,NULL,'YOKA独家专访姚贝娜','',NULL,'http://v.youku.com/v_show/id_XNjMzMjgyNDc2.html',104,NULL),(829,NULL,'姚贝娜新闻','',NULL,'http://www.tudou.com/programs/view/adMrwEkLdNI/',104,NULL),(830,NULL,'【视频】【湖北后援会】11.11娜娜武音现场视频清晰版','',NULL,'http://tieba.baidu.com/p/2702294836',104,NULL),(831,NULL,'【新闻】ELLE中文网独家专访姚贝娜：破茧成蝶的惊艳','',NULL,'http://tieba.baidu.com/p/2701226994',104,NULL),(832,NULL,'姚贝娜','',NULL,'http://v.youku.com/v_show/id_XNjM1MzI4NjI4.html',104,NULL),(833,NULL,'《也许在》姚贝娜、候磊 （济南站 2013-11-16）','',NULL,'http://v.youku.com/v_show/id_XNjM1NjUyMDI4.html',104,NULL),(834,NULL,'网易女人专访姚贝娜','',NULL,'http://v.youku.com/v_show/id_XNjM2MzA0NzQ4.html',104,NULL),(835,NULL,'西安偶像225好声音特别节目（姚贝娜）','',NULL,'http://www.tudou.com/programs/view/8z11pLgqfy4/?resourceId=0_06_02_99',104,NULL),(836,NULL,'姚贝娜-bring me to life','',NULL,'http://v.youku.com/v_show/id_XNjM4Mzc2NzQw.html',104,NULL),(837,NULL,'姚贝娜~诺言.mp3_免费高速下载|百度云 网盘-分享无限制','',NULL,'http://pan.baidu.com/share/link?shareid=579255444&uk=859009648',104,NULL),(838,NULL,'2013.11.23姚贝娜重庆巴南长江国际原墅商演','',NULL,'http://v.youku.com/v_show/id_XNjM4ODIyMDc2.html',104,NULL),(839,NULL,'中国好声音学员 姚贝娜','',NULL,'http://v.pps.tv/play_39Z4WR.html',104,NULL),(840,NULL,'姚贝娜-心火-MV-饥饿游戏版','',NULL,'http://v.youku.com/v_show/id_XNjM5MDQzNzQ4.html',104,NULL),(841,NULL,'2013-11-27 姚贝娜 溧水演唱红颜劫','',NULL,'http://v.youku.com/v_show/id_XNjQxNDgxNDQ0.html',104,NULL),(842,NULL,'中瑾 姚贝娜。','',NULL,'http://v.youku.com/v_show/id_XNjQxMTAyODY0.html',104,NULL),(843,NULL,'【图片】11.29  网信之夜超凡精英聚会 姚贝儿微博图','',NULL,'http://tieba.baidu.com/p/2732966265?pid=42339322426&cid=#42339322426',104,NULL),(844,NULL,'姚贝娜 乐山演出2013.11.30','',NULL,'http://v.youku.com/v_show/id_XNjQyMTk4MjQw.html',104,NULL),(845,NULL,'<1/2的我>新碟发布会','',NULL,'http://v.yinyuetai.com/video/825913',104,NULL),(846,NULL,'【1/2的我】music radio录音','',NULL,'http://tieba.baidu.com/p/2742050985',104,NULL),(847,NULL,'网易云音乐 听见好时光','',NULL,'http://music.163.com/#/m/dj?id=632370',104,NULL),(848,NULL,'2013.12.14 姚贝娜《也许在》《Dear Friend》','',NULL,'http://www.tudou.com/programs/view/EbVUZRybiAk/?resourceId=107217851_06_02_99',104,NULL),(849,NULL,'【1/2的我】——视频——京东校园之星《不唱情歌》《也许明天》','',NULL,'http://tieba.baidu.com/p/2765912845',104,NULL),(850,NULL,'2014-01-05凤凰视频年终策划《我》姚贝娜-20140105凤凰视频年终策划《我》','',NULL,'http://v.ifeng.com/program/special/2014001/01db88a7-5718-47cd-8fc6-06e0883fbcc1.shtml',104,NULL),(851,NULL,'QQ音乐-音乐你的生活！','',NULL,'http://y.qq.com/#type=song&mid=000fGbWu2BXxkh',104,NULL),(852,NULL,'网易旅游2013年终策划-专访姚贝娜 - 网易旅游视频','',NULL,'http://v.travel.163.com/video/2014/1/3/0/V9GLNHO30.html',104,NULL),(853,NULL,'第二届搜狐时尚盛典直播专题-搜狐','',NULL,'http://fashion.sohu.com/s2014/fashionawards2014/index.shtml',104,NULL),(854,NULL,'20140107姚贝娜做客《东方风云榜》动感101','',NULL,'http://www.tudou.com/programs/view/dY1-xHfLB0w/',104,NULL),(855,NULL,'20140108姚贝娜做客iRadio大来宾','',NULL,'http://www.tudou.com/programs/view/uksmlr5LpSM/',104,NULL),(856,NULL,'视频:中国好声音学员姚贝娜献唱也许明天_新浪汽车_新浪网','',NULL,'http://auto.sina.com.cn/video/2014-01-10/000963357389.html?bsh_bid=337424428',104,NULL),(857,NULL,'西华师大新传之声网络电台和蜻蜓FM联合制作“姚贝娜专访”','',NULL,'http://www.tudou.com/programs/view/3DMJiM1Jgds/?resourceId=0_06_02_99',104,NULL),(858,NULL,'姚贝娜专访_中国访谈_中国网','',NULL,'http://www.china.com.cn/fangtan/node_7198746.htm',104,NULL),(859,NULL,'陈蓉博客20140125','',NULL,'http://www.iqiyi.com/v_19rrgzlrp0.html?share_sTime=0-share_eTime=1240',104,NULL),(860,NULL,'央视2014春晚20140130姚贝娜《天耀中华》','',NULL,'http://www.iqiyi.com/v_19rrgyprrg.html',104,NULL),(861,NULL,'北京卫视2014春晚20140131姚贝娜《心火》','',NULL,'http://www.iqiyi.com/v_19rrgyqh0s.html',104,NULL),(862,NULL,'做客《京东会客厅》','',NULL,'http://jd.yuntv.letv.com/play/626.html',104,NULL),(863,NULL,'20140310音乐之声《音乐VIP》姚贝娜（第一期）','',NULL,'http://www.tudou.com/programs/view/MTRbOjg7DiM/',104,NULL),(864,NULL,'讲诉在好声音上的故事','',NULL,'http://www.tudou.com/programs/view/iudC0VC1fuk/',104,NULL),(865,NULL,'面对伤痛和病痛时鲜为人知的小故事','',NULL,'http://www.tudou.com/programs/view/P4YEJmentr8/',104,NULL),(866,NULL,'姚贝娜和她的爱情故事','',NULL,'http://www.tudou.com/programs/view/Xbi9AMKiPuk/',104,NULL),(867,NULL,'姚贝首度开腔谈自己的爱情世界','',NULL,'http://www.tudou.com/programs/view/FYRT9chERUs/',104,NULL),(868,NULL,'姚贝谈谈自己梦想','',NULL,'http://www.tudou.com/programs/view/W_9PRsTomog/',104,NULL),(869,NULL,'《Beautiful Light》不一样的色彩：姚贝娜白色版演绎“包容”主题','',NULL,'http://www.tudou.com/programs/view/11zJy6A2QF0/',104,NULL),(870,NULL,'star_star明星访谈_明星访谈直播_专题_乐视网','',NULL,'http://ent.letv.com/zt/star/index.shtml?ref=index_focus_7',104,NULL),(871,NULL,'2014418MR金曲网络演唱会姚贝娜全程','',NULL,'http://v.youku.com/v_show/id_XNzAxMDIyODY0.html',104,NULL),(872,NULL,'兰蔻法式轻妆潮第二任轻妆使者-姚贝娜','',NULL,'http://v.youku.com/v_show/id_XNzU5NzAyNTAw.html',104,NULL),(873,NULL,'140917姚贝娜《时间都去哪儿了》.HDTV.1080i.MPEG2-CHDTV.ts','',NULL,'http://www.tudou.com/programs/view/wPnOCJiuddE/',104,NULL),(874,NULL,'20140920中国传媒大学60周年校庆-姚贝娜《随它吧》','',NULL,'http://v.youku.com/v_show/id_XNzg2OTg0NjUy.html',104,NULL),(875,NULL,'姚贝娜9.21西安万科现场演出视频_视频在线观看 - 56.com','',NULL,'http://www.56.com/u55/v_MTI1NTk3NTE2.html',104,NULL),(876,NULL,'屈臣氏《爱动情歌》上海站 姚贝娜1','',NULL,'http://v.youku.com/v_show/id_XNzkzMTc4OTMy.html',104,NULL),(877,NULL,'20141001《我和我的祖国》-姚贝娜','',NULL,'http://v.youku.com/v_show/id_XNzk0NzU1OTQ0.html',104,NULL),(878,NULL,'《天地在我心》刘欢 姚贝娜 18—在线播放—《第十届金鹰节开幕式》—综艺','',NULL,'http://v.youku.com/v_show/id_XODAwNzk3Njg4.html',104,NULL),(879,NULL,'141009 姚贝娜 山西农大信院全程','',NULL,'http://v.youku.com/v_show/id_XODAwNjA1NDIw.html',104,NULL),(880,NULL,'Hi歌 2014-11-13期 完整版：姚贝娜旋灵木两代好声音同台差距大','',NULL,'http://v.qq.com/cover/l/l0tmyon4rqb0alh.html',104,NULL),(881,3,'《中国好声音第二季视频报道》姚贝娜性感着装亮相 满意“好声音”赛后收益 - 搜狐视频','',NULL,'http://tv.sohu.com/20130927/n387339351.shtml',104,'2013-09-26'),(882,4,'姚贝娜-苏州首届五金博览会演唱会全场1080P','',NULL,'http://v.youku.com/v_show/id_XNjMyNjU0MjI4.html',103,'2013-11-08'),(883,3,'第一部分三首歌','如果我们没有遇见,红颜劫,我要的很简单',NULL,'http://www.iqiyi.com/common/qplay.html?cnid=23&tvid=341264509&vid=f06e9939b959c83251372cb6114ceffc',104,NULL),(884,3,'第二部分三首歌','Dear Friend,也许在,也许明天',NULL,'http://www.iqiyi.com/common/qplay.html?cnid=23&tvid=341292409&vid=7e9fcd6e54cdf6af93f5030ccba897a8',104,NULL),(885,3,'候场偷拍','',NULL,'http://www.iqiyi.com/common/qplay.html?cnid=23&tvid=341306209&vid=fa8a1a4768707e01894969b1380fe8b9',104,NULL),(886,3,'合唱部分','因为爱情,多彩的时光',NULL,'http://www.iqiyi.com/common/qplay.html?cnid=23&tvid=341339009&vid=7f540c8bd5a3191901a1d4cc961cf6db',104,NULL),(887,4,'歌曲《时间都去哪儿了》 演唱：姚贝娜 五个一工程获奖作品','',NULL,'http://v.youku.com/v_show/id_XNzg3NTY1NDk2.html',104,NULL),(889,1,'姚贝娜青藏高原','',NULL,'http://v.youku.com/v_show/id_XNTQ5NjAyNDg=.html?f=1662911',104,NULL),(890,3,'[综艺喜乐汇]歌曲《小头发》 演唱：姚贝娜 20130122','',NULL,'http://tv.cntv.cn/video/C39318/49afe720c70943aaaa3a83924520ca18',104,'2013-01-22'),(891,3,'《魅力中国-内蒙古》 2011-02-26','',NULL,'http://www.tudou.com/programs/view/y038no-qFkE/',104,NULL),(892,4,'姚贝娜 海蓝海蓝 金色记忆-蓝色情怀音乐会 现场版','',NULL,'http://www.1ting.com/mv/video/1c/353199.html',103,'2011-11-12'),(893,3,'中国，我为你歌唱_沙宝亮 姚贝娜（2011央视唱响中国歌曲5）','',NULL,'http://www.tudou.com/programs/view/PFGs0s7EPGQ/',104,NULL),(894,3,'追寻_姚贝娜（2011央视唱响中国歌曲21号）','',NULL,'http://www.56.com/u52/v_NTk2OTc3NDU.html',104,NULL),(895,3,'姚贝娜-影子','',NULL,'http://www.tudou.com/programs/view/Zn9C6sNHjYw',103,NULL),(896,3,'三峡的孩子快长大','',NULL,'http://mp.weixin.qq.com/s?__biz=MjM5MjEyMjMxMQ==&mid=203492441&idx=1&sn=40af51f154a49d86342bac780daa1596&scene=7&key=8ea74966bf01cfb6b5ddcc6be58141c73026d404ab12b128c7c06dc175a051bba2a8bd9962f8a8a36aba80f789cf5068&ascene=0&uin=MjcyMzIxNDkxMQ%3D%3D&devicetype=android-16&version=26010042&pass_ticket=H5Sikxsx%2F0mcJusJWMGnYg%2BmAZ%2FBe2cRN%2FF2XOfFN4crGzQgu2g1ZVp1NvElRm8A',104,NULL),(897,3,'三峡的孩子快长大','',NULL,'http://v.qq.com/boke/page/n/0/u/n0148768ayu.html',104,NULL),(898,3,'孩子，你不哭','',NULL,'http://music.sina.com.cn/yueku/i/963110.html',103,NULL),(899,3,'你是我的天使','',NULL,'http://music.sina.com.cn/yueku/i/963104.html',103,NULL),(900,3,'2010年6月，站我面前的姚贝娜','',NULL,'http://weibo.com/p/1001603821539253470560',101,NULL),(901,3,'红旗飘飘 中央电视台“心连心”艺术团赴湖北黄冈慰问演出 1-2','',NULL,'http://tv.cntv.cn/video/C20315/8729710195c84f5a55b712bc59edf5fa',104,NULL),(902,3,'红旗飘飘 中央电视台“心连心”艺术团赴湖北黄冈慰问演出 2-2','',NULL,'http://tv.cntv.cn/video/C20315/73cd602cfc7c470852a124900adabb87',104,NULL),(903,3,'那片阳光平安俊作品音乐会－大爱无疆(北京)','',NULL,'http://www.tudou.com/programs/view/x4nadTzmw2o/',104,NULL),(904,3,'姚贝娜十六大经典歌曲特辑','',NULL,'http://v.youku.com/v_show/id_XOTEzNjI1MjM2.html',104,NULL),(905,3,'音乐现场20100627','',NULL,'http://v.sohu.com/20100628/n273128319.shtml',104,NULL),(906,3,'20070217-姚贝娜 师鹏 阿卓 廖忠-蓝色诗意-【2007年春节歌舞晚会','',NULL,'http://www.tudou.com/programs/view/o4kRJeldrOI/?FR=LIAN',103,NULL),(907,3,'7.2深圳电台姚峰、刘罡、姚贝娜节目录音','',NULL,'http://www.tudou.com/programs/view/9Ty67Znpw4U/?resourceId=0_06_02_99',103,NULL),(908,4,'聚焦“灵魂歌者”姚贝娜 《红颜劫》中惊艳亮相','',NULL,'http://www.1905.com/video/play/742472.shtml',104,NULL),(909,4,'姚贝娜《一生花》','',NULL,'http://www.iqiyi.com/w_19rscv9um5.html',104,NULL),(910,2,'姚贝娜《你是我的天使》','',NULL,'http://v.ku6.com/show/AoE8-xoc1r6COFj3nrB4xQ...html',104,NULL),(911,3,'彩云之恋—姚贝娜&沙宝亮（音乐电影）','',NULL,'http://www.tudou.com/programs/view/xHV4Vv8SrAo/',103,NULL),(912,3,'20140305MusicRadio启动记者会----9姚贝娜接受电视采访','',NULL,'http://v.youku.com/v_show/id_XNjgxMjI5MDgw.html?from=y1.2-1-86.3.6-1.1-1-1-5',104,NULL),(913,3,'《爱电影》送电影·学演技——电影爱甘孜','',NULL,'http://dianshiju.cntv.cn/city/aidianying/classpage/video/20100819/100038.shtml',104,NULL),(914,3,'姚贝娜 《成都全搜索》专访','',NULL,'http://www.tudou.com/programs/view/odSPMWXKvEM/',104,NULL),(915,3,'姚贝娜 第十五届青歌赛流行唱法复赛评委片段集锦','',NULL,'http://v.ku6.com/show/vaY7Zpov_zUQ62LwlplQDw...html',104,NULL),(916,3,'姚贝娜牵手镇江“三山”景区 助力大型水景秀','',NULL,'http://www.dzwww.com/yule/yulezhuanti/mtcbg/201403/t20140328_9486331.htm',101,NULL),(917,3,'姚贝娜牵手镇江市“三山”景区 妙音助力大型水景秀《白蛇传》','',NULL,'http://www.tudou.com/programs/view/JwO7rOYWUEU',104,NULL),(918,3,'20140327 姚贝娜 依爱 镇江景区旅游推介会','',NULL,'http://v.youku.com/v_show/id_XNjkxMTEwNTUy.html',104,NULL),(919,3,'姚贝娜演唱依爱现场版','',NULL,'http://v.youku.com/v_show/id_XNzA1Mzg3ODMy.html?from=y1.2-1-95.4.2-1.12-1-2-1',104,NULL),(920,3,'2014.4.28镇江白蛇传姚贝娜《依爱》','',NULL,'http://v.youku.com/v_show/id_XNzA1MzkzNjYw.html?from=y1.2-1-95.3.12-2.1-1-1-11',104,NULL),(921,3,'【1/2的我】当年的“三好女声”','',NULL,'http://tieba.baidu.com/p/2771846574',101,NULL),(922,2,'三好女声接受中央台采访搞笑花絮','',NULL,'http://www.tudou.com/programs/view/NeupdWP4PH8',104,NULL),(923,3,'【型男志】姚贝娜踏上男士理容大典红毯，光彩夺目','',NULL,'http://tieba.baidu.com/p/2949776943',101,NULL),(924,3,'刘恺威称要忙到老婆生娃杨幂购物太疯狂被医生骂','',NULL,'http://www.56.com/u17/v_MTEwNDQyNDcw.html#st=29&fromoutpvid=MTEwNDQyNDcw&',104,NULL),(925,3,'20140329姚贝娜汉川演出 也许明天 高清','',NULL,'http://v.youku.com/v_show/id_XNjkyNjY5ODQ4.html',104,NULL),(926,3,'姚贝娜汉川与贝壳互动全程','',NULL,'http://v.youku.com/v_show/id_XOTIyMTE0OTg4.html',104,NULL),(927,3,'《黄金年代》20130328：常宽曝料王菲与前夫往事','',NULL,'http://www.letv.com/ptv/vplay/1943949.html',104,NULL),(928,3,'姚贝娜 《单妍访谈录》第十五届青歌赛','',NULL,'http://www.letv.com/ptv/vplay/22242892.html#163578-tsina-1-29746-854b451d2e4e671505fd1cadadf7aca1',104,NULL),(929,3,'2014/03/30CCTV-3《我要春晚了（下）》-姚贝娜剪辑','',NULL,'http://xiyou.cntv.cn//v-7791ae63-d07e-11e4-bf9b-b9856d949d58.html?&0-tsina-1-6177-397232819ff9a47a7b7e80a40613cfe1',104,NULL),(930,3,'女声独唱《追寻》 演唱者：姚贝娜 唱响中国','',NULL,'http://ent.cntv.cn/special/C36792/classpage/video/20120418/101837.shtml',104,NULL),(931,2,'沙宝亮 姚贝娜 做客搜狐社区网友大会','',NULL,'http://www.56.com/u89/v_NTA5MDAwNzA.html',104,NULL),(932,3,'\"爱让我们成长\"录制现场及歌手签名祝福','',NULL,'http://tieba.baidu.com/f?kz=768842303',101,NULL),(933,3,'爱让我们成长','',NULL,'http://v.youku.com/v_show/id_XMTcyMTczMjMy.html',104,NULL),(934,3,'姚贝娜 《问红尘》录制特辑','',NULL,'http://www.tudou.com/programs/view/RrsiD4ynQic/',104,NULL),(935,3,'姚贝娜20140403南昌万达开业','',NULL,'http://v.youku.com/v_show/id_XNjk0MzA1MDQw.html',104,NULL),(936,3,'13届青歌赛 两个人的世界','',NULL,'http://www.iqiyi.com/w_19rrdfasnx.html',104,NULL),(937,3,'视频: 姚贝娜 日月凌空','',NULL,'http://v.youku.com/v_show/id_XMjU2OTIyODQ=.html',104,NULL),(938,3,'姚贝娜《Aint no sunshine》（第13届青歌赛流行组决','',NULL,'http://v.youku.com/v_show/id_XMjYwNTI3MjA=.html',103,NULL),(939,3,'姚贝娜《日月凌空》（第13届青歌赛流行组决赛）','',NULL,'http://v.youku.com/v_show/id_XMjYwNTMwNDg=.html',104,NULL),(940,3,'百变歌手姚贝娜演唱《与你同行》','',NULL,'http://tieba.baidu.com/p/499562268',101,NULL),(941,3,'姚贝娜郑州签唱会现场视频 贝壳给力歌迷网友人气爆','',NULL,'http://v.youku.com/v_show/id_XNzA5MzYzNTg0.html',104,NULL),(942,3,'刘欢发《甄嬛传》原声碟 姚贝娜助阵','',NULL,'http://video.sina.com.cn/p/ent/v/m/2012-04-30/203361737059.html',104,NULL),(943,3,'如果我们没有遇见','',NULL,'http://v.rbc.cn/play--s-/play_id_53192.html',104,NULL),(944,3,'中歌榜红五月-沙宝亮 姚贝娜《只因为爱》','',NULL,'http://www.56.com/u35/v_NTE0NzEyMjQ.html',104,NULL),(945,3,'【新闻】《中歌榜》红五月音乐节','',NULL,'http://tieba.baidu.com/p/762131321',101,NULL),(946,3,'姚贝娜、廖忠—《世上哪有树缠藤》','',NULL,'http://v.ku6.com/show/s4xmvf04SgLdqTcBi-1Jdg...html?loc=youce_tuijian',104,NULL),(947,3,'心如明月','',NULL,'http://www.xiami.com/album/874474987',103,NULL),(948,3,'姚贝娜歌曲《我要歌唱》','',NULL,'http://www.iqiyi.com/v_19rro2c5z4.html',104,NULL),(949,3,'姚贝娜《追寻》（电影爱深圳 送电影·学演戏)','',NULL,'http://xiyou.cntv.cn/v-a4b5a9bb-3fc0-11e3-ab80-d43d7e0625c8.html',104,NULL),(950,3,'姚贝娜-眼睛(五一特别节目)','',NULL,'http://www.tudou.com/programs/view/3No348w_-UY?bid=03&pid=24&resourceId=0_03_05_24',104,NULL),(951,3,'姚贝娜','',NULL,'http://v.youku.com/v_show/id_XMTUwMDI3Nzcy.html',104,NULL),(952,3,'2015北京乐谷理想音乐节 孙楠','',NULL,'http://v.youku.com/v_show/id_XOTQ2ODAzNDY4.html',104,NULL),(953,3,' 《唱响中国 群众最喜爱的新创作歌曲 四川石棉演唱会》 25:45追寻 46:45相亲相爱','',NULL,'http://tv.cntv.cn/video/C36791/9c4906ac3ae34e3e8bde5c90ac1aa578',104,NULL),(954,3,'《黄金年代》20130321：张帝曝与邓丽君生死与共的往事','',NULL,'http://www.letv.com/ptv/vplay/1936236.html#vid=1936236',104,NULL),(955,3,'2014 MusicRadio痛快High歌校园行 姚贝娜演唱部分','',NULL,'http://www.tudou.com/programs/view/NjBubY2TuxE/?resourceId=0_06_02_99',104,NULL),(956,3,'【视频】中歌榜五月音乐节-姚贝娜','',NULL,'http://tieba.baidu.com/p/762045564',101,NULL),(957,3,'只因为爱 新视听现场版-姚贝娜','',NULL,'http://v.ku6.com/show/PeTn4eX8Gl_OzeOeEJ8LbQ...html',104,NULL),(958,3,'爱奋斗更爱音乐 闪亮对抗为明天','',NULL,'http://www.iqiyi.com/zongyi/20120805/2dbb478ec3fc9951.html#curid=243547_034c420f4dde4a61919e28f45266dffe',104,NULL),(959,3,'追寻(姚贝娜 2011广东军民联欢音乐会)','',NULL,'http://www.tudou.com/programs/view/vG87O0z7MFk/?resourceId=32599533_06_02_99',104,NULL),(960,3,'重逢(姚贝娜 刘罡)','',NULL,'http://www.tudou.com/programs/view/C_emGuBzP0c/?resourceId=32599533_06_02_99',104,NULL),(961,2,'沙宝亮北京演唱会 姚贝娜部分','',NULL,'http://v.ku6.com/show/9ioR4LjWg_Qba_1ccykbXg...html?mobile',104,NULL),(962,3,'20111111-姚贝娜-小头发-【2011沙宝亮北京演唱会】','',NULL,'http://www.tudou.com/programs/view/N2k3aFFBIWc',104,NULL),(963,3,'姚贝娜沙宝亮《想念》','',NULL,'http://v.ku6.com/show/x6WgaRs-demVZLaOAObRBg...html',104,NULL),(964,3,'风尚加州Calibio VIP分享会 Calibio-源自加州天然护肤品牌','',NULL,'http://www.ellechina.com/beauty/news/20140511-174481-pn-2.shtml',101,NULL),(965,3,'pps_姚贝娜助阵“风尚加州”分享会','',NULL,'http://v.ku6.com/show/k5uy9JACgUs3KdZKYjJwJw...html?st=1_9_2_1&nr=1',104,NULL),(966,3,'[城市之间]2010-09-28','',NULL,'http://sports.cntv.cn/20100928/104174.shtml',104,NULL),(967,3,'“优歌赛”８日开赛 深圳两首歌曲均列第七','',NULL,'http://szsb.sznews.com/html/2009-05/12/content_619110.htm',101,NULL),(968,3,'5首深圳原创歌曲入围“流行歌曲创作大赛”','',NULL,'http://wb.sznews.com/html/2009-05/12/content_620069.htm',101,NULL),(969,3,'《你是我的四季》词：卢泓 曲：黄江田、王雅立_流行歌曲大赛','',NULL,'http://space.tv.cctv.com/video/VIDE1241958037809888',104,NULL),(970,3,'追寻 我要去延安大型广场文艺演出 现场版 - 姚贝娜','',NULL,'http://www.iqiyi.com/w_19rsc4uhlp.html',104,NULL),(971,3,'爱在天地间...','',NULL,'http://blog.sina.com.cn/s/blog_4b97fed901009yhb.html',101,NULL),(972,3,'刘家昌2009音乐会【高清版】','',NULL,'http://v.youku.com/v_show/id_XMTI0OTI3MDI4.html',104,NULL),(973,3,'中国奇迹','',NULL,'http://ent.cntv.cn/program/mhxjy/shouye/',104,NULL),(974,3,'中国奇迹－纪念抗击汶川特大地震三周年大型专题文艺晚会（完整版）','',NULL,'http://www.56.com/u71/v_NjA0NDExMDA.html',104,NULL),(975,3,'姚贝娜 《音乐high客》','',NULL,'http://www.tudou.com/programs/view/oj_X54qlKkY/',104,NULL),(976,3,'姚贝娜-兰花花（中华情现场版）','',NULL,'http://www.tudou.com/programs/view/mpxsJhVEgbA/?resourceId=101230407_06_02_99',104,NULL),(977,3,'姚贝娜 美丽的龙','',NULL,'http://www.tudou.com/programs/view/a3RBGB-cgUY/',104,NULL),(978,3,'《中华情》魅力荣成2007-09-15','',NULL,'http://news.cntv.cn/program/zhongguoqing/20100419/103993.shtml',104,NULL),(979,3,'[中华情]山歌好比春江水(20110618)','',NULL,'http://news.cntv.cn/ent/20110618/106484.shtml',104,NULL),(980,3,'中华情・魅力宝鸡','',NULL,'http://tv.cntv.cn/video/C10513/87c2babe9af242df9488adb49a2586e4',104,NULL),(981,2,'20140518姚贝娜做客中国之声《中国大舞台》','','TYPE html><html class=\"program','http://www.tudou.com/programs/view/H9ln0hD_gnw/',103,NULL),(982,4,'姚贝娜《中国英雄》512抗震救灾专场慰问晚会','','TYPE html><html><head>    ','http://www.iqiyi.com/w_19rscitaph.html',104,NULL),(983,3,'群星 - 伙伴','',NULL,'http://www.iqiyi.com/w_19rr1aykol.html',104,NULL),(984,3,'姚贝娜-心火（天天把歌唱）','',NULL,'http://www.tudou.com/programs/view/BRPFnwCV_F8',104,NULL),(985,3,'《大戏看北京》20120519：戏里戏外话甄嬛','',NULL,'http://www.letv.com/ptv/vplay/1604858.html',104,NULL),(986,3,'《大戏看北京》20120519：戏里戏外话甄嬛','',NULL,'http://www.letv.com/ptv/vplay/1604858.html',104,NULL),(987,3,'姚贝娜-献唱宝立方 《红颜劫》《画情》《Ain’t no sunshine》','',NULL,'http://v.youku.com/v_show/id_XNTg2ODUxNzY0.html?from=s1.8-1-1.2',104,NULL),(988,3,'119名群星演唱赈灾主题歌《我们心在一起》(组图) ','',NULL,'http://blog.sina.com.cn/s/blog_4b586e7c0100a08s.html',101,NULL),(989,3,'群星MV抗震救灾《我们心在一起》【中视天迈】','',NULL,'http://v.youku.com/v_show/id_XMjg1MTE0ODA=_rss.html',104,NULL),(990,3,'我们心在一起! ','',NULL,'http://blog.sina.com.cn/s/blog_4b97fed90100a189.html',104,NULL),(991,3,'潘美辰&119名群星演唱赈灾主题歌《我们心在一起》','',NULL,'http://www.tudou.com/listplay/ijnoezVn-o0/tf6EUhLan2E.html',104,NULL),(992,3,'20140515上海外语频道ICS《城市节拍》：好声音背后的姚贝娜','',NULL,'http://v.youku.com/v_show/id_XNzE0MzIwNTA0.html?tpa=dW5pb25faWQ9MTAzMjUyXzEwMDAwMV8wMV8wMQ',104,NULL),(993,3,'深圳大运会在京举行第一届征歌活动优秀歌曲发布晚会','',NULL,'http://www.sz2011.org/oldsite/sz2011zhuanti/content/2009-05/17/content_3875706.htm',101,NULL),(994,3,'姚贝娜原创获奖作品《晨跑》','',NULL,'http://v.youku.com/v_show/id_XMTI5OTc2ODIw.html?tpa=dW5pb25faWQ9MTAzMjUyXzEwMDAwMV8wMV8wMQ',104,NULL),(995,3,'姚贝娜在大运会优秀歌曲发布晚会上演唱《爱是》','',NULL,'http://v.youku.com/v_show/id_XMTI5OTg3NTY4.html',104,NULL),(996,3,'【ELLE专访】姚贝娜:热爱德国队的女汉子','',NULL,'http://www.haokoo.com/fashion/1254291.html',101,NULL),(997,2,'姚贝娜 刘罡《回家》2010·7·15 ”今夜吹来低碳风”深圳演唱会','',NULL,'http://v.youku.com/v_show/id_XNjE2OTA4MDc2.html',104,NULL),(998,3,'百名歌手赈灾大行动倾情献唱 相信爱','','TYPE html><html><head><meta h','http://v.youku.com/v_show/id_XMjc1OTkzNDA=.html',104,NULL),(999,3,'姚贝娜-不唱情歌（天天把歌唱）','',NULL,'http://www.tudou.com/programs/view/czDBFJGNbQs/',104,NULL),(1000,3,'《蓝色诗意》演唱：姚贝娜、师鹏、阿卓、廖忠','',NULL,'http://www.iqiyi.com/w_19rscd6lcd.html',104,NULL),(1001,3,'【新闻】那些年，平面媒体上的娜娜','',NULL,'http://tieba.baidu.com/p/3621998788?pn=12',101,NULL),(1002,3,'那些年，平面媒体上的娜娜  290楼','',NULL,'http://tieba.baidu.com/p/3621998788?pn=10',103,NULL),(1003,3,'姚贝娜、师鹏、雷佳、吴娜等青年歌手联唱《士兵情怀》（2007年双拥晚会）','',NULL,'http://www.tudou.com/programs/view/d8pOnp_nnn8',104,NULL),(1004,3,'那些年，平面媒体上的娜娜 313楼','',NULL,'http://tieba.baidu.com/p/3621998788?pn=10',101,NULL),(1005,3,'那些年，平面媒体上的娜娜  359楼','',NULL,'http://tieba.baidu.com/p/3621998788?pn=12',101,NULL),(1006,3,'姚贝娜演唱的电视剧武则天主题曲《日月凌空》','',NULL,'http://www.56.com/w32/play_album-aid-2162810_vid-MTg3NzU1NTQ.html',104,NULL),(1007,3,'姚贝娜 Venus','',NULL,'http://www.56.com/u59/v_OTU1MjAwMDA.html',104,NULL),(1008,3,'聚焦三农五一特别节目：我们的新农村走进衢州','',NULL,'http://finance.sina.com.cn/hy/20070429/16253557337.shtml',101,NULL),(1009,3,'姚贝娜-眼睛(五一特别节目)','',NULL,'http://www.tudou.com/programs/view/3No348w_-UY?bid=03&pid=24&resourceId=0_03_05_24',104,NULL),(1010,3,'【新闻】那些年，平面媒体上的娜娜  387','',NULL,'http://tieba.baidu.com/p/3621998788?pn=13',101,NULL),(1011,3,'【新闻】那些年，平面媒体上的娜娜  339楼','',NULL,'http://tieba.baidu.com/p/3621998788?pn=11',101,NULL),(1012,3,'放歌中国2014看点-20140330-姚贝娜《半个月亮半个家》','',NULL,'http://v.pptv.com/show/uibVFwiaqQAD6hH4c.html',104,NULL),(1013,3,'客家组歌深圳演绎客家情','',NULL,'http://paper.sznews.com/tqb/20070517/ca2665368.htm',101,NULL),(1014,3,'那些年，平面媒体上的娜娜 325楼','',NULL,'http://tieba.baidu.com/p/3767318061?see_lz=1',101,NULL),(1015,3,'姚贝娜 我爱你中华锦绣','',NULL,'http://www.tudou.com/programs/view/g0l9dG4yX_U/',104,NULL),(1016,3,'姚贝在3年前的武汉音乐学院通俗演唱会','',NULL,'http://tieba.baidu.com/p/767901708',101,NULL),(1017,3,'姚贝娜 - 二十年后再相会 心连心赴抚顺慰问演出 现场','',NULL,'http://v.pps.tv/play_3LMF5F.html',104,NULL),(1018,3,'综艺快报视频：心连心艺术团赴抚顺慰问演出','',NULL,'http://ent.sina.com.cn/h/bn/2007-06-20/155715115.shtml',101,NULL),(1019,3,'姚贝娜小白兔','',NULL,'http://www.tudou.com/programs/view/hxdHsqlvKwQ/',104,NULL),(1020,3,'6月24日《周末音乐快递》－（周赛）','',NULL,'http://www.cctv.com/program/zmyykd/20070620/102389.shtml',101,NULL),(1021,3,'大海扬波作和声——海政文工团慰问西沙驻岛官兵','',NULL,'http://old.cflac.org.cn/chinaartnews/2007-08/02/content_10747495.htm',101,NULL),(1022,3,'姚贝娜‘李函曦’孙佳《阳光海》','',NULL,'http://www.tudou.com/programs/view/UlgdPmsvdjs/',104,NULL),(1023,3,'姚贝娜 小品《水中情》','',NULL,'http://www.tudou.com/programs/view/i-JfvxoU5jY/',104,NULL),(1024,3,'姚贝娜 等《阳光海》(2007海政文工团作品音乐会)','',NULL,'http://www.tudou.com/programs/view/A49WY-uuens/',104,NULL),(1025,3,'姚贝娜 倾海之恋','',NULL,'http://www.tudou.com/programs/view/JWFqGp_vWOA/',104,NULL),(1026,3,'姚贝娜 - 目光 长城长孟庆云作品音乐会现场版','',NULL,'http://www.iqiyi.com/w_19rscgdowt.html',104,NULL),(1027,3,'八一军旗红——庆祝建军80周年文艺晚会侧记','',NULL,'http://www.ce.cn/xwzx/gnsz/szyw/200707/31/t20070731_12367071.shtml',101,NULL),(1028,3,'钱琳 姚贝娜等-不要问为什么(建军80周年文艺晚会)','',NULL,'http://www.tudou.com/programs/view/QHAdl0n8FrY/?FR=LIAN',104,NULL),(1029,3,'“圆梦”助残慈善之夜——奥迪 2007巴萨中国行','',NULL,'http://vip.v.ifeng.com/societyvip/huangpaidafangsongvip/200708/8cb20bad-4ff5-42fa-9c87-224a63f336ed.shtml',104,NULL),(1030,3,'第三届中国网络音乐节启动','',NULL,'http://www.zj.xinhuanet.com/newscenter/2007-08/29/content_10991222.htm',101,NULL),(1031,3,'第三届中国网络音乐节启动','',NULL,'http://www.zj.xinhuanet.com/newscenter/2007-08/29/content_10991222.htm',101,NULL),(1032,3,'中国网络音乐节启动仪式，姚贝娜献唱','',NULL,'http://v.youku.com/v_show/id_XODUxMjYyOA==.html',104,NULL),(1033,3,'首届中国羊肉美食节-第四届中国羊业发展大会','',NULL,'http://www.szcsyr.net/yangrouwenhua/yrmsj/95-zgyrmsj-no4-zgyyfzdh-hynr.html',101,NULL),(1034,3,'一个人听见，全世界听见姚贝娜','',NULL,'http://v.youku.com/v_show/id_XMjM1OTUxODg=.html?from=s1.8-1-1.2',104,NULL),(1035,3,'鹏城歌飞大时代 深圳原创歌曲献礼十七大','',NULL,'http://www.sznews.com/news/content/2007-10/26/content_1605946.htm',101,NULL),(1036,3,'姚贝娜《南国花儿艳》CCTV音乐频道【每日歌曲】','',NULL,'http://v.youku.com/v_show/id_XNjg4MTQ5MDA=.html?from=s1.8-1-1.2',104,NULL),(1037,3,'姚贝娜-《南国花儿艳》鹏城歌飞大时代','',NULL,'http://www.aipai.com/x18/PzgjJCUhLSNqJWQvKg.html',104,NULL),(1038,3,'粉丝大派送之姚贝娜(一)','',NULL,'http://www.56.com/u21/v_MzQ5ODg5ODY.html',104,NULL),(1039,3,'粉丝大派送之姚贝娜(二)','',NULL,'http://www.56.com/u43/v_MzQ5ODg5MjA.html',104,NULL),(1040,3,'【新闻】那些年，平面媒体上的娜娜   399楼','',NULL,'http://tieba.baidu.com/p/3621998788?pn=13',101,NULL),(1041,3,'第九届中韩歌会唱响北京','',NULL,'http://news.sina.com.cn/o/2007-12-07/073713036433s.shtml',101,NULL),(1042,3,'【第九届中韩歌会】２００７年《完整版》（高清）   67:08','',NULL,'http://v.youku.com/v_show/id_XMTI2MzA1MDIw.html?from=s1.8-1-1.2',104,NULL),(1043,3,'【新闻】那些年，平面媒体上的娜娜   421','',NULL,'http://tieba.baidu.com/p/3621998788?pn=14',101,NULL),(1044,3,'【新闻】那些年，平面媒体上的娜娜  438','',NULL,'http://tieba.baidu.com/p/3621998788?pn=14',101,NULL),(1045,3,'20071215-姚贝娜 师鹏-草根-【心连心赴河南南阳慰问演出】','',NULL,'http://www.tudou.com/programs/view/71r_rV2-a3k/',104,NULL),(1046,3,'央视心连心艺术团今起在十堰连演三场','',NULL,'http://news.ifeng.com/a/20141015/42204935_0.shtml',101,NULL),(1047,3,'最美的爱 心连心赴湖北丹江口慰问演出 现场版 - 姚贝娜师鹏','',NULL,'http://v.pps.tv/play_3LMD8T.html',104,NULL),(1048,3,'【新闻】那些年，平面媒体上的娜娜    434','',NULL,'http://tieba.baidu.com/p/3621998788?pn=14',101,NULL),(1049,3,'《主角与配角》表演：姚贝娜、赵保乐','',NULL,'http://xiyou.cntv.cn/v-c5b3c33c-edf5-11e2-b474-a4badb4689bc.html',101,NULL),(1050,3,'【新闻】那些年，平面媒体上的娜娜    437','',NULL,'http://tieba.baidu.com/p/3621998788?pn=14',101,NULL),(1051,3,'新闻】那些年，平面媒体上的娜娜  441','',NULL,'http://tieba.baidu.com/p/3621998788?pn=15',101,NULL),(1052,3,'姚贝娜 小品《追星族》','',NULL,'http://www.tudou.com/programs/view/_rXIR-FHrAI',104,NULL),(1053,3,'心愿 法在你身边现场版-- 师鹏','',NULL,'http://www.tudou.com/programs/view/yUAwiaxEIIc',104,NULL),(1054,3,'林依婷.汪正正.姚贝娜《相约永恒》','',NULL,'http://my.tv.sohu.com/us/63348875/58255775.shtml',104,NULL),(1055,3,'全国声乐新人新作比赛落幕 评选受各界欢迎(图)','',NULL,'http://ent.sina.com.cn/p/i/2003-12-25/1532262998.html',101,NULL),(1056,3,'组图：沙宝亮陆毅遭湘妹子偷吻 大兵让人捧腹','',NULL,'http://yule.sohu.com/2004/01/06/52/article217995205.shtml',101,NULL),(1057,3,'图文：06年鹏城歌飞扬-著名深圳歌手 周峰','',NULL,'http://nianqing.wenhuahuodong.cn/l/g/d.html',101,NULL),(1058,3,'【新闻】那些年，平面媒体上的娜娜   309','',NULL,'http://tieba.baidu.com/p/3621998788?pn=10',101,NULL),(1059,3,'姚贝娜 美丽的传说','',NULL,'http://www.tudou.com/programs/view/7B3Riu_0v18',104,NULL),(1060,3,'“喜盈门2006电影人新春大联欢”大年初五亮相','',NULL,'http://yule.sohu.com/20060127/n227741520.shtml',101,NULL),(1061,3,'《永远跟您走》纪念中国共产党成立85周年大型文艺晚会（完整版）   79:04','',NULL,'http://www.tudou.com/programs/view/vszqeD_Rxhk/?resourceId=0_06_02_99',104,NULL),(1062,3,'山海欢歌第七届蓬莱“和平颂”闭幕式晚会花絮','',NULL,'http://news.sohu.com/20060825/n244988478.shtml',101,NULL),(1063,3,'【新闻】那些年，平面媒体上的娜娜     264','',NULL,'http://tieba.baidu.com/p/3621998788?pn=9',101,NULL),(1064,3,'姚贝娜&师鹏.-.这里通向未来.MTV','',NULL,'http://www.tudou.com/programs/view/lmtGfGKI38k',104,NULL),(1065,3,'【新闻】那些年，平面媒体上的娜娜   278','',NULL,'http://tieba.baidu.com/p/3621998788?pn=9',101,NULL),(1066,3,'2006姚贝娜 袁泉—敬酒歌','',NULL,'http://v.youku.com/v_show/id_XMjAzMDMwNDU2.html',104,NULL),(1067,3,'图文：南宁民歌节盛大开幕--姚贝娜袁泉','',NULL,'http://ent.sina.com.cn/y/p/2006-11-08/20131319693.html',101,NULL),(1068,3,'“活力余姚”大型演唱会昨举行','',NULL,'http://tv.cnnb.com.cn/system/2006/11/07/005204433.shtml',101,NULL),(1069,3,'【新闻】那些年，平面媒体上的娜娜   272','',NULL,'http://tieba.baidu.com/p/3621998788?pn=9',101,NULL),(1070,3,'小品《胡椒面》表演：姚贝娜、姚峰','',NULL,'http://tv.cntv.cn/video/C11356/1d15545b180a40ee91e87bf419ca2b0e',101,NULL),(1071,4,'119明星《我们心在一起》MV','',NULL,'http://v.youku.com/v_show/id_XMjg3MzA1NjQ=.html?from=s1.8-1-1.2',104,NULL),(1072,4,'119位明星＜我们心在一起＞花絮MV','',NULL,'http://v.youku.com/v_show/id_XMjg0NDQ5MzI=.html?from=s1.8-1-1.2',104,NULL),(1073,4,'广汽丰田致炫青春系列剧：姚贝娜 白色惊喜','',NULL,'http://v.youku.com/v_show/id_XNzEzOTU2Mzgw.html?from=s1.8-1-1.2',104,NULL),(1074,3,'第九届中国（深圳）文博会宝立方文艺晚会举行','','TYPE html PUBLIC \"-//W3C//DTD XH','http://sz.house.sina.com.cn/news/2013-05-20/19213181374.shtml',101,NULL),(1075,3,'姚贝娜 日月凌空','',NULL,'http://www.tudou.com/programs/view/JoPHrJ-QAFg/',104,NULL),(1076,3,'艺苑风景线-情系应县-姚贝娜《如果我们没有遇见》','',NULL,'http://www.tudou.com/programs/view/qbKKVg3UtrU/',104,NULL),(1077,3,'姚贝娜献唱应县释迦塔国际旅游文化节开幕式文艺晚会（20100521）','',NULL,'http://www.tudou.com/programs/view/l59-ZJtcZYQ/',104,NULL),(1078,3,'20140522第七届城市至尊音乐榜空中盛典-年度至尊女歌手（姚贝娜）','',NULL,'http://www.tudou.com/programs/view/35H2MhOAuhI/?resourceId=0_06_02_99',103,NULL),(1079,3,'《丁香女孩》+《我们的心在一起》','',NULL,'http://www.tudou.com/programs/view/9klYwTJLzPM/',104,NULL),(1080,3,'《我们的心在一起》','',NULL,'http://www.tudou.com/programs/view/Ia5MJ_fAnn0/',104,NULL),(1081,3,'《今儿个高兴》','',NULL,'http://www.tudou.com/programs/view/reLQgdWuhAM/',104,NULL),(1082,3,'公大第十二届十佳歌手大赛之姚贝娜助阵视频','',NULL,'http://v.qq.com/page/b/h/i/b01294fwvhi.html',104,NULL),(1083,3,'空巢姥爷 片头-时间都去哪儿了（姚贝娜）','',NULL,'http://www.tudou.com/programs/view/LXYHJavZDdE/?qq-pf-to=pcqq.group',104,NULL),(1084,3,'央视“六一”晚会彩排 宋小宝姚贝娜亮相现场','',NULL,'http://ent.163.com/14/0528/00/9T9S540100031GVS.html',101,NULL),(1085,3,'亲爱的小孩 2008六一特别节目 现场版 - 姚贝娜师鹏','',NULL,'http://www.iqiyi.com/w_19rscjfh6x.html',104,NULL),(1086,3,'姚贝娜江苏商演视频','',NULL,'http://v.youku.com/v_show/id_XNzIyMDc0ODAw.html',104,NULL),(1087,3,'姚贝娜 ＜小头发＞新专辑发布会','',NULL,'http://my.tv.sohu.com/us/244379929/77876595.shtml',104,NULL),(1088,3,'姚贝娜531福州东二环泰禾广场','',NULL,'http://v.youku.com/v_show/id_XNzIyNjU4MDUy.html',104,NULL),(1089,3,'姚贝娜-飞天','',NULL,'http://my.tv.sohu.com/us/115823913/80285455.shtml',104,NULL),(1090,3,'随他吧 & 也许明天 香港青年音乐节 现场版 14/06/10','',NULL,'http://v.yinyuetai.com/video/2072718',104,NULL),(1091,3,'20140601-姚贝娜-随它吧-【“在五彩缤纷的节日里”六一晚会】','',NULL,'http://www.tudou.com/programs/view/cLZP-PRBh_0/',103,NULL),(1092,3,'在遥远的地fang 姚贝娜 明星来了','',NULL,'http://ent.cntv.cn/enttv/mingxinglaile/classpage/video/20100714/100812.shtml',104,NULL),(1093,3,'得知家人住院仍坚持录制 云南卫视《音乐现场》水木年华上演感人一幕','',NULL,'http://bbs.tianya.cn/post-funinfo-2069361-1.shtml',101,NULL),(1094,3,'20120614《画皮Ⅱ》全球首映礼<画情>','',NULL,'http://v.youku.com/v_show/id_XNjA3NDYzNTAw.html',104,NULL),(1095,3,'20120625-姚贝娜 乔毓敏-一起走到-【第四届中国新加坡大','',NULL,'http://www.tudou.com/programs/view/oKaPJ9ncreQ/?qq-pf-to=pcqq.group',104,NULL),(1096,3,'新声代歌后姚贝娜！倾情助阵北京林业大学第十届社团文化节闭幕式晚','',NULL,'http://www.56.com/u90/v_MTE2MTYzODYz.html?refer2=direct&refer1=http%3A%2F%2Fweibo.com%2Fu%2F5475805298%3Ffrom%3Dfeed%26loc%3Dnickname',104,NULL),(1097,3,'姚贝娜《追寻》（欢乐中国行20110608 魅力重庆·万州）','',NULL,'http://www.tudou.com/programs/view/x6b851PEcFg/',103,NULL),(1098,3,'weibo','',NULL,'http://weibo.com/3858961902/Ba1QP6NlE',101,NULL),(1099,3,'[精彩音乐汇]贞观长歌 姚贝娜 20121209','',NULL,'http://tv.cntv.cn/video/C25545/07b424a24e4a4ed7aa43487e38bbfd4a',104,NULL),(1100,3,'开心歌迷汇','',NULL,'http://www.tudou.com/programs/view/bZmE5lN-Ddk',103,NULL),(1101,3,'姚贝娜 《城市至尊音乐盛典》','',NULL,'http://www.tudou.com/programs/view/yOI-QS_fU48/',103,NULL),(1102,3,'新视听-幸福集结号','',NULL,'http://tv.cntv.cn/video/C10433/5da479795d604d0e826de5aa9c07c062',103,NULL),(1103,3,'日月凌空 电视剧<日月凌空>主题曲','',NULL,'http://my.tv.sohu.com/us/63328276/58537502.shtml',104,NULL),(1104,3,' 140625 姚贝娜领奖 高姿之星明星盛典','',NULL,'http://v.youku.com/v_show/id_XNzMxODY0MzA0.html',104,NULL),(1105,3,'140625 姚贝娜 随它吧 高姿之星明星盛典','',NULL,'http://v.youku.com/v_show/id_XNzMxODY5NzI4.html?x=&sharefrom=iphone',104,NULL),(1106,3,'060626姚贝娜 《爱我中华》','',NULL,'http://www.tudou.com/programs/view/AEPunHOMS6Q/',103,NULL),(1107,3,'《我不是明星》20140630：姚贝娜唱葫芦娃萌到爆 赵雅芝拒绝给郑少秋拥抱','',NULL,'http://www.letv.com/ptv/vplay/20207768.html',104,NULL),(1108,3,'因为有你','',NULL,'http://v.ku6.com/show/en4yAPNdBYrohUus.html',103,NULL),(1109,3,'四面山之恋-姚贝娜','',NULL,'http://www.tudou.com/programs/view/DR0G5N6Hd6w/',103,NULL),(1110,3,'画皮2宣传主题曲《画情》姚贝娜','',NULL,'http://www.tudou.com/programs/view/oS0QjKhDfEE/',104,NULL),(1111,3,'姚贝娜《也许明天》','',NULL,'http://tv.sohu.com/20130714/n381563929.shtml',104,NULL),(1112,3,'20140707《世界杯星播客》姚贝娜带你了解C罗与小贝的不同','',NULL,'http://www.tudou.com/programs/view/kk_RD4e9Rd0/?FR=LIAN',104,NULL),(1113,3,'20101201 世界艾滋病日晚會<只因為愛>','http://www.56.com/w76/play_album-aid-8871318_vid-NTY5MDcwNTg.html',NULL,'http://www.56.com/w76/play_album-aid-8871318_vid-NTY5MDcwNTg.html',103,NULL),(1114,3,'2010中国(国际)七夕情歌大会---宋祖英、梁静茹、任贤齐、费玉清等明星陪你一起过七夕 ','',NULL,'http://www.deyi.com/thread-485275-1-1.html',101,NULL),(1115,3,'姚贝娜.-.追寻.唱响中国.云南玉溪演唱会','',NULL,'http://www.tudou.com/programs/view/MNq2bXG9zRw',104,NULL),(1116,3,'《弯弯的月亮》演唱：姚贝娜','',NULL,'http://tv.cntv.cn/video/C25545/4045efcd8be9409397db48cf51768415',104,NULL),(1117,3,'在遥远的地fang 姚贝娜 明星来了','',NULL,'http://ent.cntv.cn/enttv/mingxinglaile/classpage/video/20100714/100812.shtml',104,NULL),(1118,3,'《明星魔幻秀》——姚贝娜【魔幻星播报】','',NULL,'http://www.tudou.com/programs/view/xJM7bP_DORw/',103,NULL),(1119,3,'《明星魔幻秀》——姚贝娜 【魔幻音乐秀】','',NULL,'http://www.tudou.com/programs/view/Xq28xLTyfog/',103,NULL),(1120,3,'和谐的节日-姚贝娜','',NULL,'http://my.tv.sohu.com/us/115823913/80707249.shtml',103,NULL),(1121,3,'山歌好比春江水-姚贝娜','',NULL,'http://my.tv.sohu.com/us/115823913/80707255.shtml',103,NULL),(1122,3,'姚贝娜0709中华情-怀念战友','',NULL,'http://my.tv.sohu.com/us/115823913/80718197.shtml',103,NULL),(1123,3,'2006姚贝娜在河海大学常州校区演唱“你是我的天使\"','2006姚贝娜在河海大学常州校区演唱“你是我的天使\"',NULL,'http://v.youku.com/v_show/id_XODczOTQ0MTMy.html',104,NULL),(1124,3,'20061126姚贝娜在河海大学常州校区演唱 Venus','20061126姚贝娜在河海大学常州校区演唱 Venus',NULL,'http://v.youku.com/v_show/id_XODczOTE0ODI0.html',104,NULL),(1125,3,'【LOVE姚贝娜】【图片】贝娜姐参演河海大学20周年校庆','【LOVE姚贝娜】【图片】贝娜姐参演河海大学20周年校庆',NULL,'http://tieba.baidu.com/p/721221979',102,NULL);
/*!40000 ALTER TABLE `bellawiki_file` ENABLE KEYS */;
UNLOCK TABLES;

--
-- Table structure for table `bellawiki_file_tags`
--

DROP TABLE IF EXISTS `bellawiki_file_tags`;
/*!40101 SET @saved_cs_client     = @@character_set_client */;
/*!40101 SET character_set_client = utf8 */;
CREATE TABLE `bellawiki_file_tags` (
  `id` int(11) NOT NULL AUTO_INCREMENT,
  `file_id` int(11) NOT NULL,
  `tag_id` int(11) NOT NULL,
  PRIMARY KEY (`id`),
  UNIQUE KEY `file_id` (`file_id`,`tag_id`)
) ENGINE=MyISAM AUTO_INCREMENT=226 DEFAULT CHARSET=utf8;
/*!40101 SET character_set_client = @saved_cs_client */;

--
-- Dumping data for table `bellawiki_file_tags`
--

LOCK TABLES `bellawiki_file_tags` WRITE;
/*!40000 ALTER TABLE `bellawiki_file_tags` DISABLE KEYS */;
INSERT INTO `bellawiki_file_tags` VALUES (7,34,5),(23,17,19),(13,3,5),(8,24,5),(9,23,5),(10,21,9),(11,35,11),(12,36,11),(14,4,5),(15,1,5),(16,5,5),(17,26,4),(18,20,12),(19,22,12),(20,37,5),(21,38,5),(22,37,18),(24,1,4),(25,42,22),(26,44,22),(42,51,29),(41,50,33),(40,47,31),(39,46,27),(43,12,34),(32,46,28),(45,5,34),(34,51,30),(44,1,34),(36,47,32),(46,23,34),(38,50,32),(47,24,34),(48,35,34),(49,36,34),(50,52,34),(51,52,36),(52,53,34),(53,53,36),(54,54,37),(55,54,34),(56,56,37),(57,56,34),(58,57,37),(59,57,38),(60,58,39),(61,58,34),(62,59,40),(63,59,41),(64,60,42),(65,60,43),(66,61,44),(67,61,34),(68,63,45),(69,64,46),(70,65,34),(75,67,48),(72,62,34),(73,66,34),(74,66,47),(76,67,34),(77,68,49),(78,68,34),(79,69,50),(80,69,34),(81,70,51),(82,70,34),(83,70,52),(84,62,52),(85,65,52),(86,66,52),(87,68,52),(88,71,53),(89,73,34),(90,73,54),(91,73,53),(92,75,55),(93,77,9),(94,79,34),(95,79,56),(96,80,57),(97,80,22),(98,81,55),(99,81,34),(100,82,55),(101,82,34),(102,82,58),(103,83,9),(104,83,59),(105,84,9),(106,85,40),(107,85,32),(108,86,34),(110,87,60),(111,87,61),(112,88,62),(113,88,52),(114,89,34),(115,90,34),(116,91,64),(117,93,34),(118,93,65),(119,97,34),(120,97,52),(121,98,34),(122,98,67),(123,98,52),(124,101,11),(125,103,68),(126,106,34),(127,106,52),(128,107,34),(129,109,69),(130,58,65),(131,110,73),(132,111,73),(133,112,73),(134,113,73),(135,114,73),(136,115,73),(151,17,73),(138,118,73),(139,119,73),(150,129,73),(141,120,73),(142,121,73),(143,122,73),(144,123,73),(145,124,73),(146,125,73),(147,126,73),(148,127,73),(149,128,73),(152,18,73),(153,30,73),(154,39,34),(155,132,34),(156,132,76),(157,132,65),(158,133,77),(159,647,78),(160,648,78),(161,649,79),(162,650,55),(163,651,78),(164,652,55),(165,652,78),(166,653,78),(167,654,55),(168,654,80),(169,655,78),(170,656,78),(171,658,78),(172,659,80),(173,660,78),(174,662,78),(175,664,78),(176,665,78),(177,666,55),(178,666,80),(179,670,80),(180,671,55),(181,671,80),(182,672,55),(183,672,78),(184,674,78),(185,675,55),(186,675,78),(187,676,78),(188,677,78),(189,678,78),(190,681,55),(191,681,78),(192,682,78),(193,683,55),(194,683,78),(195,686,55),(196,688,55),(197,694,78),(198,697,78),(199,701,80),(200,704,78),(201,706,78),(202,709,55),(203,718,55),(204,720,55),(205,726,78),(206,729,78),(207,734,55),(208,735,78),(209,737,80),(210,744,55),(211,744,80),(212,746,80),(213,749,78),(214,755,55),(215,755,80),(216,758,78),(217,759,78),(218,763,78),(219,763,80),(223,654,9),(222,71,80),(224,786,52),(225,787,52);
/*!40000 ALTER TABLE `bellawiki_file_tags` ENABLE KEYS */;
UNLOCK TABLES;

--
-- Table structure for table `bellawiki_tag`
--

DROP TABLE IF EXISTS `bellawiki_tag`;
/*!40101 SET @saved_cs_client     = @@character_set_client */;
/*!40101 SET character_set_client = utf8 */;
CREATE TABLE `bellawiki_tag` (
  `id` int(11) NOT NULL AUTO_INCREMENT,
  `type` int(11) NOT NULL,
  `name` varchar(255) NOT NULL,
  PRIMARY KEY (`id`)
) ENGINE=MyISAM AUTO_INCREMENT=83 DEFAULT CHARSET=utf8;
/*!40101 SET character_set_client = @saved_cs_client */;

--
-- Dumping data for table `bellawiki_tag`
--

LOCK TABLES `bellawiki_tag` WRITE;
/*!40000 ALTER TABLE `bellawiki_tag` DISABLE KEYS */;
INSERT INTO `bellawiki_tag` VALUES (1,301,'中国好声音'),(19,302,'娜姐才是主持人吧'),(4,302,'震撼'),(5,302,'中国好声音'),(12,302,'分析'),(34,302,'现场'),(8,301,'青歌赛'),(9,302,'青歌赛'),(10,301,'春晚'),(11,302,'春晚'),(14,301,'流行'),(15,301,'英文'),(16,301,'日文原唱'),(20,301,'感动'),(18,302,'对唱'),(21,301,'震撼'),(22,302,'电影主题曲'),(37,302,'广西第三届刘三姐文化旅游节开幕式'),(36,302,'搜狐时尚权力榜颁奖盛典'),(35,301,'现场'),(27,302,'网游主题曲'),(28,302,'大明龙权'),(29,302,'都市女人.com'),(30,302,'电视剧片头曲'),(31,302,'淞沪风云'),(32,302,'电视剧片尾曲'),(33,302,'红蝎子'),(38,302,'互动'),(39,302,'上海电信见面会'),(40,302,'哼唱'),(41,302,'电影片尾曲'),(42,302,'电视剧主题曲'),(43,302,'大丈夫'),(44,302,'2008国庆庆典音乐会'),(45,302,'姚峰作曲'),(46,302,'亚东'),(47,302,'花絮'),(48,302,'BTV2014春节联欢晚会'),(49,302,'湖北卫视2014新年狂欢夜'),(50,302,'2012音乐工程鹏城歌飞扬星光十年'),(51,302,'潮白河'),(52,302,'贝壳录制'),(53,302,'串烧'),(54,302,'魅力中国'),(55,302,'CCTV'),(56,302,'留欢2012'),(57,302,'笔仙3'),(58,302,'2009中秋晚会'),(59,302,'综合知识环节'),(60,302,'发布会'),(61,302,'VCR'),(62,302,'手机画质'),(63,301,'公益'),(64,302,'开门大吉'),(65,302,'商演'),(66,301,'CCTV'),(67,302,'哒哒哒哒滴的少年'),(68,302,'MV'),(69,302,'曹芙嘉'),(70,301,'合唱'),(71,301,'独唱'),(72,301,'对唱'),(73,302,'访谈'),(74,301,'商演'),(75,301,'密云水库建成50周年主题晚会'),(76,302,'清唱'),(77,302,'戴玉强'),(78,302,'晚会'),(79,302,'歌剧'),(80,302,'获奖'),(81,301,'童年'),(82,301,'粉丝创作');
/*!40000 ALTER TABLE `bellawiki_tag` ENABLE KEYS */;
UNLOCK TABLES;

--
-- Table structure for table `bellawiki_work`
--

DROP TABLE IF EXISTS `bellawiki_work`;
/*!40101 SET @saved_cs_client     = @@character_set_client */;
/*!40101 SET character_set_client = utf8 */;
CREATE TABLE `bellawiki_work` (
  `id` int(11) NOT NULL AUTO_INCREMENT,
  `type` int(11) DEFAULT '201',
  `title` varchar(255) NOT NULL,
  `desc` varchar(5000) DEFAULT NULL,
  `date` date DEFAULT NULL,
  `up` int(11) NOT NULL DEFAULT '0',
  PRIMARY KEY (`id`),
  UNIQUE KEY `title` (`title`)
) ENGINE=MyISAM AUTO_INCREMENT=650 DEFAULT CHARSET=utf8;
/*!40101 SET character_set_client = @saved_cs_client */;

--
-- Dumping data for table `bellawiki_work`
--

LOCK TABLES `bellawiki_work` WRITE;
/*!40000 ALTER TABLE `bellawiki_work` DISABLE KEYS */;
INSERT INTO `bellawiki_work` VALUES (608,201,'“全国优秀流行歌曲创作大赛”颁奖晚会','','2009-05-23',0),(609,201,'为人民放歌——纪念毛泽东同志《在延安文艺座谈会上的讲话》发表70周年大型文艺晚会','','2012-05-23',0),(610,208,'助阵中国公安大学十佳歌手大赛','','2014-05-24',0),(611,207,'电视剧《空巢姥爷》首播','','2014-05-25',0),(612,208,'央视“六一”晚会彩排','','2014-05-27',0),(613,208,'2008六一特别节目','','2008-06-01',0),(614,208,'《小头发》发布会','','2012-06-01',0),(615,207,'CCTV-3天天把歌唱《飞天》','','2012-05-30',0),(2,0,'时间都去哪儿了','',NULL,0),(3,201,'也许在','so good','2013-11-09',0),(4,0,'不聪明','',NULL,0),(607,201,'也许明天','',NULL,0),(6,0,'心火','',NULL,0),(7,201,'腾讯视频《Hi》歌录制','在《Hi歌》节目中，姚贝娜作为歌手身份加盟，不仅亲自挑选原创歌曲，还通过自己的改编现场完美演绎了歌曲《鱼》。','2014-10-23',9),(8,201,'Venus','',NULL,0),(9,208,'2014MusicRadio中国TOP排行榜颁奖晚会','心火',NULL,0),(10,202,'艺术人生20140515姚贝娜','','2014-05-15',0),(11,202,'20121213网易专访','',NULL,0),(12,202,'《网易女人》专访','',NULL,0),(14,206,'泛旅杂志','',NULL,0),(15,0,'日月凌空','','2008-09-10',0),(17,201,'All By Myself','测试','2013-08-08',0),(18,0,'又忆江南','',NULL,0),(20,201,'Beautiful Life','',NULL,0),(28,201,'矜持','',NULL,0),(30,201,'把握','','2013-08-08',0),(31,201,'天耀中华','','2014-01-30',0),(32,201,'自己','',NULL,0),(33,201,'Dear Friend','',NULL,0),(35,201,'暖','','2010-08-26',0),(36,201,'当一张报纸飘落在眼前','',NULL,0),(37,201,'第一江山春好处','http://v.youku.com/v_show/id_XODc3MzUxNzQ4.html\r\n2012年7月8日姚贝娜到宿迁市宿豫区演出','2012-07-08',0),(38,201,'爱无反顾','','2013-10-01',0),(39,201,'四季歌','',NULL,0),(40,201,'了了歌','这是一首安魂曲。一首生命之歌。它穿透了生与死，爱与梦，痛苦与欢乐。被群众广泛喜爱。\r\nhttp://www.hechangjie.com/experts/zjt/2013-05-09/620.html',NULL,0),(41,201,'渴望','',NULL,0),(42,201,'问红尘','',NULL,0),(43,201,'死也不伤悲','',NULL,0),(44,201,'牡丹花谱','',NULL,0),(45,201,'与你同行','',NULL,0),(46,201,'来生还要做一个女人','',NULL,0),(47,201,'每一个女人都想','',NULL,0),(48,201,'菩萨蛮','',NULL,0),(49,201,'画情','',NULL,0),(50,208,'广西第三届刘三姐文化旅游节开幕式','',NULL,0),(51,201,'电影《萧红》','',NULL,0),(52,201,'原来我是这么爱你','',NULL,0),(54,201,'迎风飘扬的旗','2011年6月，为庆祝中国共产党成立90周年，中央电视台在全国范围内开展《唱响中国——群众最喜爱的新创作歌曲》征集评选活动中，在由唐跃生填词，姚峰作曲，总政合唱团演唱的歌曲《迎风飘扬的旗》入选《唱响中国》36强，多次在中央电视台黄金时段播出。同时，该曲还作为庆祝中国共产党建党90周年十集大型文献纪录片《旗帜》的片尾曲，在CCTV黄金档播出。','2011-05-31',0),(55,201,'生命之恋','',NULL,0),(56,201,'小头发','',NULL,0),(57,201,'北京潮白河演出','演唱我要的很简单','2014-06-28',0),(61,201,'爱是','http://v.ku6.com/show/XqDQUU7KZyOnIa-Oq0Ck8w...html\r\n爱是一种容易让人迷惑的东西\r\n男男女女陷在这里都不能自己\r\n因为爱要零距离\r\n因为快不能呼吸\r\n因为它让我们找回失去的勇气\r\n勇敢的释放自己\r\n勇敢说爱你\r\n爱是快乐的\r\n爱是幸福的\r\n爱是甜蜜的神秘的美好的\r\n爱是自由的\r\n爱是疯狂的\r\n爱是感动的伟大的永恒的\r\n爱是什么\r\n爱是一种容易让人迷惑的东西\r\n男男女女陷在这里都不能自己\r\n因为爱要零距离\r\n因为快不能呼吸\r\n因为它让我们找回失去的勇气\r\n勇敢的释放自己\r\n勇敢说爱你\r\n爱是快乐的\r\n爱是幸福的\r\n爱是甜蜜的神秘的美好的\r\n爱是自由的\r\n爱是疯狂的\r\n爱是感动的伟大的永恒的\r\n爱是什么\r\n爱让我们不再害怕\r\n虽然世界有太多变化\r\nBut the greatest love in my heart\r\n爱是快乐的\r\n爱是幸福的\r\n爱是甜蜜的神秘的美好的\r\n爱是自由的\r\n爱是疯狂的\r\n爱是感动的伟大的永恒的\r\n爱是什么\r\n爱是快乐的\r\n爱是幸福的\r\n爱是甜蜜的神秘的美好的\r\n爱是自由的\r\n爱是疯狂的\r\n爱是感动的伟大的永恒的\r\n爱是快乐的\r\n爱是幸福的\r\n爱是甜蜜的神秘的美好的\r\n爱是自由的\r\n爱是疯狂的\r\n爱是感动的伟大的永恒的\r\n爱是什么\r\n爱是什么',NULL,0),(62,201,'南国花儿艳','为纪念改革开放30周年，中共深圳市委宣传部、龙岗区委、区政府与中央电视台戏曲音乐部合作拍摄了音乐电视片《南国花儿艳》。\r\n\r\n　　作为中国改革开放第一个“窗口”和“试验田”的深圳，见证过多少敢为天下先的壮举，也最早品尝改革开放的成果。歌曲《南国花儿艳》就是以花为媒，由深圳著名词、曲作家房千和姚峰联袂精心打造的一首优秀歌曲。歌曲表达了对改革开放30年来，我国各项事业建设蒸蒸日上、人民安居乐业、社会繁荣进步的美好心情。歌曲旋律优美、朗朗上口，曾在广东省有关部门组织的迎接中共十七大征歌活动中，荣获“优秀作品奖”，还入选了广东电视台2008年春节联欢晚会。这次推出的音乐电视片《南国花儿艳》，由获得央视第13届青年歌手大赛流行组金奖的姚贝娜演唱。央视将于10月14日音乐频道《每日歌曲》栏目五次播出。\r\n\r\n第一首个人MV?','2008-10-13',0),(63,201,'两个人的世界','',NULL,0),(64,201,'离不开你','',NULL,0),(65,201,'黑夜落雪','',NULL,0),(66,201,'一路笑着走','',NULL,0),(67,201,'中国之最','','2009-10-03',0),(68,204,'13届青歌赛','评委：韩红、满文军、韩磊。。。等',NULL,0),(69,201,'电视剧《青盲》','',NULL,0),(70,201,'我用所有报答爱','',NULL,0),(71,205,'我爱的是你爱我','',NULL,0),(72,201,'“大德至信，大爱无垠”关爱老人慈善联谊会活动','共筑和谐社会，实现中国梦想—“大德至信，大爱无垠”关爱老人慈善联谊会','2013-12-22',0),(73,201,'张家口演唱会','','2013-10-20',0),(74,208,'北京朝北大悦城公益活动','','2013-10-12',0),(75,201,'开门大吉','','2013-03-31',0),(76,206,'星尚性感白玫瑰','http://tv.sohu.com/s2014/mode005/',NULL,0),(77,201,'惊鸿舞','',NULL,0),(78,201,'只要你过的比我好','http://v.youku.com/v_show/id_XNDk2MjQzNDQ0.html',NULL,0),(79,201,'瑞安飞云演出','','2013-10-19',0),(80,201,'在一起','姚贝娜 17岁时与父亲同台演唱《在一起》','1999-03-15',0),(81,202,'时尚二十年','','2014-11-23',0),(82,201,'不唱情歌','','2013-12-19',0),(83,201,'战争世界','',NULL,0),(84,204,'天天向上','','2012-07-20',0),(85,207,'2007春晚','','2007-02-17',0),(86,201,'老婆老公我爱你','','2007-02-17',0),(87,207,'中国好声音北京五棵松演唱会','','2013-11-09',0),(88,201,'只因为爱','',NULL,0),(89,207,'2010春晚','','2010-02-13',0),(91,208,'苏州首届五金博览会演唱会','','2013-11-08',0),(92,201,'铿锵玫瑰','http://www.tudou.com/programs/view/JWOyOfDZm1I/',NULL,0),(93,201,'御龙吟','http://www.tudou.com/listplay/oY3F8NSeRcU/WoUjukO-YyI.html\r\nhttp://v.qq.com/page/z/l/k/z0122zpeolk.html\r\n',NULL,0),(320,201,'央视六一晚会','','2014-06-01',0),(95,201,'暗香','',NULL,0),(96,201,'同一个梦想','http://www.tudou.com/listplay/deL6LLX3BF8/W3jp7ot8918.html',NULL,0),(97,201,'北京欢迎你','http://www.tudou.com/listplay/deL6LLX3BF8/svdY9iD97Ic.html?FR=LIAN',NULL,0),(98,201,'冬天里的一把火','http://v.yinyuetai.com/video/578760',NULL,0),(99,208,'领舞中国','2014.10.18成都\r\nhttp://tieba.baidu.com/p/3360626503?pid=59114197698&cid=65199147147#65199147147',NULL,0),(100,202,'视友微访谈','',NULL,0),(101,202,'音乐high客','',NULL,0),(102,202,'好声音英雄谱','',NULL,0),(103,202,'商都网','',NULL,0),(104,202,'天籁星主打','',NULL,0),(105,202,'YOKA独家专访','',NULL,0),(106,204,'黄焖世界杯','',NULL,0),(107,202,'娱乐梦工厂','',NULL,0),(108,202,'央视网专访','',NULL,0),(109,202,'陈蓉博客','','2014-01-26',0),(110,202,'京东会客厅','',NULL,0),(111,202,'超级访问','','2012-12-09',0),(112,202,'四川新闻网专访','',NULL,0),(113,202,'PPTV专访','',NULL,0),(114,202,'春晚明星马上到独家采访','','2014-01-31',0),(115,202,'西安偶像访谈','',NULL,0),(116,202,'说出你的故事','','2013-03-02',0),(117,202,'中国网专访','',NULL,0),(118,204,'中国文艺','http://v.ku6.com/show/sYdvsunc-uLOczBy7E12jw...html','2012-09-23',0),(119,207,'马秋华获奖学生全新教学课堂实录','http://v.ku6.com/show/F2kkjLLd4757_85ge9WlCg...html',NULL,0),(120,201,'千万次的问','http://v.ku6.com/show/HKK6F3zrAqNXdQfv.html\r\n\r\nhttp://v.ku6.com/show/EnFM0OJJ3jw8U8ItuI2GHw...html?lb=1',NULL,0),(121,201,'格拉丹冬雪光','这是一首借民族传说而创作的歌曲。表达了生命的信仰。2007年在第六届“金钟奖”首届流行音乐大赛中，获得评委会推荐的唯一优秀作品奖。\r\nhttp://www.hechangjie.com/experts/zjt/2013-05-09/620.html','2007-01-01',0),(122,201,'CityFM10周年城市至尊音乐盛典的记者会','','2014-04-10',0),(123,201,'广东步步高','2002年7月为广东省第十一届运动会演唱主题曲《广东步步高》并拍摄 MTV，在开幕式上与歌唱家戴玉强合作演出','2002-07-01',0),(124,207,'12届青歌赛','参加“隆力奇杯”第十二届CCTV青年歌手大奖赛，获得通俗唱法个人单项的亚军','2006-05-11',0),(127,201,'《音乐现场》 20130310 姚贝娜小头发首唱会','','2013-03-10',0),(323,201,'酷我真声音','酷我真声音','2013-07-19',0),(129,201,'第十二届青歌赛通俗唱法决赛第二场.rar','','2006-08-01',0),(130,201,'第十二届青歌赛通俗唱法决赛第三场.rar','','2006-08-01',0),(131,201,'第十二届青歌赛通俗唱法决赛第四场.mp4','','2006-08-01',0),(132,201,'中国文艺百分歌者姚贝娜','','2012-09-23',0),(257,201,'留欢2012','','2013-01-01',0),(498,201,'CCTV3综艺喜乐汇','','2013-01-22',7),(259,201,'Music Radio北京发布会',NULL,'2014-03-05',0),(134,201,'《蒙牛酸酸乳MusicRadio中国TOP排行榜》颁奖晚会','参加在北京五棵松体育馆举办的《蒙牛酸酸乳MusicRadio中国TOP排行榜》颁奖晚会，获得年度金曲，音乐之声DJ最爱艺人以及年度最佳女歌手三项大奖。','2014-04-26',0),(135,201,'第一届中国新歌榜颁奖盛典','参加由浙江电台动听968和香港新城电台联合举办的“第一届中国新歌榜颁奖盛典”夺得亚洲最欣赏女歌手“和年度十大新歌两项大奖。','2014-05-17',0),(136,201,'献唱《笔仙3》主题曲MV《黑夜落雪》','献唱《笔仙3》主题曲MV《黑夜落雪》。','2014-07-01',0),(137,201,'全球中文音乐榜上榜','参加中央电视台《全球中文音乐榜上榜》，现场演唱歌曲《随它吧》《寂寞是因为思念谁》。','2014-04-12',0),(138,201,'中央电视台春节联欢晚会','参加中央电视台春节联欢晚会，并在零点前献唱压轴歌曲《天耀中华》；','2014-01-30',0),(139,201,'北京卫视马年春晚','参加北京卫视马年春晚，演唱歌曲《心火》。','2014-01-31',0),(140,201,'《1/2的我》在北京举行首唱会','姚贝娜携最新EP《1/2的我》在北京举行首唱会，现场演唱多首歌曲，刘欢、捞仔、徐沛东、付林到现场助阵。','2013-12-03',0),(141,201,'安徽卫视国剧盛典','同月参加安徽卫视国剧盛典，演唱歌曲《红颜劫》《我不想说》《千万次的问》。','2013-12-30',0),(143,201,'《CCTV我要上春晚》年度总决选的录制','受央视邀请，参加《CCTV我要上春晚》年度总决选的录制。现场演唱歌曲《也许明天》和《生命的河》，并获得2014年马年央视春晚的彩排邀请函。','2013-11-01',0),(144,201,'2013粉红丝带乳腺癌防治运动粉红庆典','姚贝娜出席了由《时尚健康》杂志主办的2013粉红丝带乳腺癌防治运动粉红庆典，成为粉红丝带代言人。','2013-09-26',0),(145,201,'20131020-【浙江卫视 我爱记歌词 姚贝娜专场】','参与浙江卫视《我爱记歌词》节目的录制。','2013-09-27',0),(146,201,'“辽宁舰”慰问演出','受邀参加中国文联赴“辽宁舰”慰问演出，演唱歌曲《追寻》。','2013-10-01',0),(147,201,'《中国好声音第二季》第一期','参加《中国好声音第二季》第一期，姚贝娜以一首《也许明天》赢得四位导师哄抢。','2013-07-12',0),(148,201,'“感恩海南祝福明天”海南省2013年迎新晚会','在海口海航文化广场由海航集团主办的“感恩海南祝福明天”海南省2013年迎新晚会上演唱《红颜劫》等多首代表作，与海航文化旗下知名艺人迟中南合唱《最佳誓言》。','2012-12-28',0),(149,201,'担任第十五届青歌赛流行组复赛评委','姚贝娜担任第十五届青歌赛流行组复赛评委。','2013-03-25',0),(150,201,'第三十届中国洛阳牡丹文化节','参加由文化部和河南省人民政府主办的第三十届中国洛阳牡丹文化节。演唱《牡丹花谱》\r\n\r\n影片連結\r\nhttp://www.tudou.com/programs/view/HhqHYcf3fgg','2012-04-10',0),(151,201,'《1942》献唱主题曲《生命的河》','为冯小刚导演新作《1942》献唱主题曲《生命的河》。姚贝娜空灵清透的嗓音，大气而不失婉转的演绎方式也让冯小刚十分欣赏，赞其唱歌“有人味”，试唱时更要求“再听一遍”。1','2012-11-01',0),(152,201,'浙江余姚“金号奖2010全国听众喜爱的歌手推介展评活动”颁奖典礼','参加浙江余姚“金号奖2010全国听众喜爱的歌手推介展评活动”颁奖典礼，获得“十大金牌歌手”称号','2010-11-08',0),(153,201,'“1沙1世界”2010沙宝亮全国走唱会暨成都金沙演唱会','担任内地歌坛一哥沙宝亮“1沙1世界”2010沙宝亮全国走唱会暨成都金沙演唱会嘉宾，并将演唱3首歌曲','2010-10-16',0),(154,201,'第十届CCTV-MTV音乐盛典“内地年度最佳新人奖”提名','获得第十届CCTV-MTV音乐盛典“内地年度最佳新人奖”提名','2010-10-18',0),(155,201,'第12届南宁国际民歌艺术节开幕式','参加第12届南宁国际民歌艺术节开幕式，与尼日利亚歌手郝歌献上跨国版《在那遥远的地方》','2010-10-20',0),(156,201,'北京工人体育馆“生态行动助力中国”公益晚会','参加北京工人体育馆“生态行动助力中国”公益晚会，演唱《原野牧歌》','2010-09-10',0),(157,201,'辉煌跨越——第16届亚运会会歌发布仪式','参加广东电视台“辉煌跨越——第16届亚运会会歌发布仪式”，与孙楠演唱2010广东亚运会会歌《重逢》','2010-09-30',0),(158,201,'荣获金号奖“十大金牌歌手”称号','荣获金号奖“十大金牌歌手”称号','2010-10-01',0),(159,201,'被亚组委评为“亚运歌手”并颁发证书','被亚组委评为“亚运歌手”并颁发证书','2010-10-01',0),(160,201,'《只因为爱》入选2010北京流行音乐典礼第2季度候选金曲','单曲《只因为爱》入选2010北京流行音乐典礼第2季度候选金曲','2010-10-01',0),(161,201,'CDTV-2《12530说唱就唱》','做客CDTV-2《12530说唱就唱》做点评嘉宾','2010-10-01',0),(162,201,'沙宝亮全国走唱会启动仪式','参加沙宝亮全国走唱会启动仪式做嘉宾','2010-10-01',0),(163,201,'“四川日报报业集团成立10周年暨华西都市报读者节”开幕式','参加“四川日报报业集团成立10周年暨华西都市报读者节”开幕式，演唱《日-凌空》','2010-10-09',0),(164,201,'心连心艺术团赴深圳慰问演出','随心连心艺术团赴深圳慰问演出，演唱《弯弯的月亮》\r\n影片連結\r\n\r\nhttp://www.tudou.com/programs/view/NyhaRln8zUI/','2010-08-22',0),(165,201,'音乐电影《生命之恋》献唱主题歌','为音乐电影《生命之恋》献唱主题歌','2010-09-01',0),(166,201,'央视三套《向幸福出发》演唱主题歌','为央视三套大型情感互动节目《向幸福出发》演唱主题歌','2010-09-01',0),(167,201,'第26届世界大学生夏季运动会开幕倒计时一周年晚会','参加第26届世界大学生夏季运动会开幕倒计时一周年晚会，与沙宝亮演唱主题歌曲《告诉世界》','2010-08-12',0),(168,201,'中国国际七夕盛典歌会','参加中国国际七夕盛典歌会，与沙宝亮唱响情歌《爱在七夕》','2010-08-13',0),(169,201,'梁佳杰首张同名专辑《梁佳杰》发布会','助阵同门师弟梁佳杰首张同名专辑《梁佳杰》发布会','2010-08-16',0),(170,201,'乐巢音尚吉日乔迁','所属的独立音乐厂牌乐巢音尚吉日乔迁，新址符合了独立音乐厂牌概念的场地特性，厂房一应俱全的软硬设备全都为创作音乐做足了准备，也将成为一群执着于音乐的人心目中的音乐梦幻乌托邦，期待着从这个独特的厂房内诞生出崭新的优质音乐作品','2010-08-01',0),(171,201,'深圳音乐厅与父亲姚峰、师兄刘罡共同举办“今夜吹来低碳风”演唱会','在深圳音乐厅与父亲姚峰、师兄刘罡共同举办“今夜吹来低碳风”演唱会，将票房10余万元全部捐给公益事业','2010-07-15',0),(172,201,'“八度之音”网络电台榜样音乐栏目专题访谈','与沙宝亮做客“八度之音”网络电台榜样音乐栏目接受专题访谈','2010-07-22',0),(173,201,'“唐山大地震32周年纪念日”活动','参加“唐山大地震32周年纪念日”活动，与汤子星演唱著名作曲家王备为晚会专门谱写的歌曲《生命之城》','2010-07-27',0),(174,201,'广东活动周及深圳特别活动日演出','参加广东活动周及深圳特别活动日演出，演唱自己创作的歌曲《祖国》','2010-08-01',0),(175,201,'《只因为爱》被“中歌榜”评为“恒星歌”','单曲《只因为爱》被“中歌榜”评为“恒星歌”','2010-07-01',0),(176,201,'“我和深圳一起歌唱”深圳音乐30年文化沙龙第二期活动','参加“我和深圳一起歌唱”深圳音乐30年文化沙龙第二期活动','2010-07-14',0),(177,201,'《新视听》栏目的“青歌赛后”录制','参加《新视听》栏目的“青歌赛后”节目录制','2010-06-23',0),(178,201,'云南卫视《音乐现场》明星大会','参加云南卫视《音乐现场》明星大会第二季4期的节目录制','2010-06-10',0),(510,204,'音乐现场20100627','','2010-06-27',0),(511,201,'深圳电台姚峰、刘罡、姚贝娜节目','','2010-07-02',0),(512,204,'天天把歌唱20120316','','2012-03-16',0),(180,201,'“中国歌曲排行榜”栏目专题访谈','与沙宝亮做客“中国歌曲排行榜”栏目接受专题访谈','2010-07-01',0),(181,201,'“中国时刻”栏目专题访谈','做客“中国时刻”栏目接受专题访谈','2010-07-01',0),(182,201,'深圳电台飞扬971“我唱我歌”栏目专题访谈','与父亲姚峰、师兄刘罡做客深圳电台飞扬971“我唱我歌”栏目接受专题访谈','2010-07-01',0),(633,201,'《我要上春晚》生活视频录制','','2013-06-22',0),(634,201,'《日月凌空》中国大陆首播','','2010-06-24',0),(635,201,'参与录制抗洪公益歌曲《因为有你》','','2010-07-01',0),(184,201,'四川甘孜州拍摄单曲《只因为爱》MV','赴四川甘孜州拍摄单曲《只因为爱》MV','2010-07-01',0),(185,201,'央视综艺频道《艺苑风景线》栏目','随央视综艺频道《艺苑风景线》栏目赴应县演出，演唱《如果我们没有遇见》等3首歌曲','2010-07-01',0),(186,201,'“唱响中国”启动仪式','参加“唱响中国”启动仪式，演唱《在那遥远的地方》','2010-07-14',0),(187,201,'广西艺术学院会演中心与父亲姚峰、师兄刘罡共同举办演唱会','在广西艺术学院会演中心与父亲姚峰、师兄刘罡共同举办演唱会','2010-04-08',0),(188,201,'第十四届中央电视台青年歌手电视大奖赛启动仪式','参加第十四届中央电视台青年歌手电视大奖赛启动仪式，与师鹏演唱《东方之珠》','2010-04-11',0),(189,201,'中央电视台“情系玉树 大爱无疆”赈灾晚会','参加中央电视台“情系玉树 大爱无疆”赈灾晚会，与群星合唱《感恩的心》','2010-04-20',0),(190,201,'随心连心艺术团赴湄州慰问演出','随心连心艺术团赴湄州慰问演出，与林永健、周炜、周彦宏演唱《相亲相爱》','2010-04-26',0),(191,201,'2010全国青少年感恩母亲大型公益晚会','参加2010全国青少年感恩母亲大型公益晚会','2010-05-01',0),(192,201,'城市之间','与徐子崴赴苏州录制《城市之间》节目','2010-05-01',0),(193,201,'《中歌榜》“红五月音乐节”','参加《中歌榜》“红五月音乐节”','2010-05-02',0),(194,201,'激情广场——爱国歌曲大家唱','参加央视综艺频道和华侨城集团公司联合录制的“激情广场——爱国歌曲大家唱”节目，与戴玉强共同演唱《祖国，深圳对你说》','2010-05-19',0),(195,201,'“梦开始的地方”北京朝阳大悦城冠军溜冰场开业庆典演出','参加“梦开始的地方”北京朝阳大悦城冠军溜冰场开业庆典演出','2010-05-28',0),(196,201,'最新单曲《只因为爱》登榜“中国歌曲排行榜”、“中国音乐联播榜”以及“蒙牛酸酸乳—中国音乐联播榜”','最新单曲《只因为爱》登榜“中国歌曲排行榜”、“中国音乐联播榜”以及“蒙牛酸酸乳—中国音乐联播榜”','2010-06-01',0),(197,201,'春华秋实——马秋华教授从教30周年学生音乐会','参加“春华秋实——马秋华教授从教30周年学生音乐会”，演唱《千万次的问》','2010-02-25',0),(198,201,'个人国语EP《只因为爱》','录制第3张个人国语EP《只因为爱》','2010-03-01',0),(199,201,'中央电视台“女性之光”三八国际劳动妇女节100周年专题晚会','参加中央电视台“女性之光”三八国际劳动妇女节100周年专题晚会，与金美儿、于霞合唱《节日》','2010-03-08',0),(200,201,'《只因为爱》拍摄宣传照','为EP《只因为爱》拍摄宣传照','2010-03-11',0),(201,201,'做客搜狐社区','与沙宝亮做客搜狐社区，演唱《感叹》\r\n2010年4月10日 沙宝亮 姚贝娜 做客搜狐社区网友大会 \r\n                并现场合唱《感叹》\r\n                沙宝现场应网友要求清唱《暗香》 \r\n                沙宝亮《无名指》','2010-04-10',0),(202,201,'“大明龙权”配唱主题歌《问红尘》','为腾讯公司推出的大型网络游戏“大明龙权”配唱主题歌《问红尘》','2010-04-01',0),(203,208,'青歌赛众获奖歌手共同录制公益歌曲《爱让我们》','与青歌赛众获奖歌手共同录制公益歌曲《爱让我们》','2010-04-21',0),(204,201,'广西、河南、徐州电视台春晚','参加广西、河南、徐州电视台春晚的录制','2010-01-01',0),(205,201,'《想挑战吗》、《新视听》新年特别节目','参加《想挑战吗》、《新视听》新年特别节目的录制，演唱《如果我们没有遇见》等','2010-01-01',0),(206,201,'“七彩带”爱心助残公益活动','参加“七彩带”爱心助残公益活动“七彩带”爱心助残公益活动','2010-01-01',0),(207,201,'珠海市《奔向蔚蓝色》海港大合唱演出','参加珠海市《奔向蔚蓝色》海港大合唱演出','2010-01-01',0),(208,201,'中华情·瑞雪飞扬佳木斯','参加“中华情·瑞雪飞扬佳木斯”演出，演唱《家的港湾》','2010-01-02',0),(209,201,'2011中央电视台春节联欢晚会','参加中央电视台春节联欢晚会，演唱《我要歌唱》','2010-02-13',0),(210,201,'央视中秋晚会','参加央视中秋晚会，在福建湄洲岛和徐子崴共唱《中国之最》','2009-10-03',0),(211,201,'环保星锋会的慈善义演','参加电影频道举办的环保星锋会的慈善义演','2009-10-01',0),(212,201,'祖国60大庆','在祖国60大庆时候录制为祖国献礼《深圳中的歌声》','2009-10-01',0),(213,201,'CCTV3与您相约','参加CCTV3《与您相约》栏目，献上自己的新歌《如果我们没有遇见》','2009-11-01',0),(214,201,'北京华侨城金奖新年音乐会','参加北京华侨城金奖新年音乐会','2009-11-01',0),(215,201,'CCTV-6《爱电影》','参加CCTV-6《爱电影》赴深圳演出，演唱《建国大业》主题曲《追寻》和《与地球相爱吧》','2009-12-27',0),(216,201,'深圳第26届世界大**会“唱响春天”征歌活动优秀歌曲发布晚会','参加深圳第26届世界大**会“唱响春天”征歌活动优秀歌曲发布晚会','2009-05-01',0),(217,201,'江西电视台红歌会开幕晚会','参加江西电视台红歌会开幕晚会，与孙伟良演唱《红军阿哥你慢慢走》','2009-07-01',0),(218,201,'意大利超级杯中国赛','受邀参加意大利超级杯中国赛演出嘉宾，在鸟巢演唱《爱在北京》','2009-08-01',0),(219,201,'重庆市四面山风景区代言人','作为重庆市四面山风景区代言人在四面山长唱响《四面山之歌》','2009-08-01',0),(220,201,'CCTV俄语频道开播晚会','参加CCTV俄语频道开播晚会，演唱《伦巴》','2009-09-01',0),(221,201,'北京太庙卡地亚晚会','参加在北京太庙举行的卡地亚晚会','2009-09-01',0),(222,201,'飞天奖颁奖晚会','参加CCTV6飞天奖颁奖晚会','2009-01-01',0),(223,201,'“军营大拜年”海军专场','参加“军营大拜年”海军专场，一曲《你是月光里的海》唱出了水兵们的心声','2009-01-01',0),(224,201,'浙江省宁海县春节联欢晚会','参加浙江省宁海县春节联欢晚会，演唱《生死不离》','2009-02-01',0),(225,201,'央视元宵晚会','在央视元宵晚会上与柏文同唱一曲《欢天喜地闹元宵》，拉开了晚会的帷幕','2009-02-09',0),(226,201,'全国首届流行歌曲创作大赛','全国首届流行歌曲创作大赛上，多为知名作曲家邀请姚贝娜参与自己歌曲的演唱，并在颁奖晚会上演唱歌曲《丁香女孩》和地震励志歌曲《我们的心在一起》','2009-05-01',0),(227,201,'汶川地震义演团队','在汶川地震中作为义演团队中的一员奔赴灾区为灾区中的人民演出，《中国英雄》等歌曲深入灾区人民的心中\r\n\r\n姚贝娜捐出3万元支援灾区','2008-06-01',0),(228,201,'奥运会闭幕式','奥运会闭幕式上参加歌曲《超越》的演唱','2008-08-01',0),(229,201,'德中同行','在“德中同行”广州天河广场的献唱，《与你同行》、《来不及》等歌曲获得德国友人和在场的所有人的称赞\r\n\r\n<黑>\r\nhttps://www.youtube.com/watch?v=NVnCzz5HO5w\r\n\r\n<两个人的世界>\r\nhttps://www.youtube.com/watch?v=nxgRBm3xT5k\r\n\r\n<不聪明>\r\nhttps://www.youtube.com/watch?v=fbEYQcDGuQk\r\n\r\n<如果我们没有遇见>\r\nhttps://www.youtube.com/watch?v=h_V3DLqSOzQ\r\n\r\n<来不及>\r\nhttps://www.youtube.com/watch?v=3zPBkjtLcyA','2008-11-08',0),(230,201,'2008CCTV-MTV内地年度“最受欢迎潜力歌手','获得2008年CCTV-MTV内地年度“最受欢迎潜力歌手”称号','2008-11-16',0),(231,201,'“德中同行”新闻发布会','在北京钓鱼台国宾馆举行的“德中同行”新闻发布会上，青歌赛冠军姚贝娜正式成为“德中同行”主题歌——《与你同行》的授权主唱歌手，德国特别大使芮悟锋亲自为其颁发了证书.《与你同行》这首歌是词曲作者根据姚贝娜的演唱特点精心打造的.“千里迢迢，来到你身旁。谈未来，叙过往。听天籁，品杜康。”歌词将德中两国携手同行的美好愿望充满诗意地表现出来；曲谱由国内作曲界大师级人物张宏光主笔，录音师更是曾为《不见不散》、《我的父亲母亲》、《大碗》等电影录音的金牌录音师王小沛。其清新灵动、充满现代感的旋律在这个春天给所到之处的人们留下深刻的印象。','2008-04-29',0),(232,201,'八一建军节晚会','参加八一建军节晚会','2007-08-01',0),(233,201,'凤凰卫视《2007巴萨中国行》大型公益晚会','参加凤凰卫视《2007巴萨中国行》大型公益晚会','2007-08-01',0),(234,201,'第十三届CCTV青年歌手电视大奖赛','实现了自己的梦想，以总分199.19分领先第二名3分多的优势荣获了隆力奇杯第十三届CCTV青年歌手电视大奖赛流行唱法个人单项的冠军，届时，演唱歌曲《日月凌空》，众多评委给予其99余分，甚至100分的完美成绩。比赛结束时，评委韩红霍地站起来为其喝彩，为出现这样一个天才歌手而骄傲。','2008-04-17',0),(235,208,'深圳卫视《香港回归十周年》晚会','参加深圳卫视《香港回归十周年》晚会，演唱《我爱你中华锦绣》\r\n\r\n2007年6月29日，由深圳卫视和香港TVB电视台联合录制的庆祝香港回归十周年大型晚会——《辉煌十年》，是深港两地主流电视媒体第一次实现两地联动直播。这场晚会立意清新，形式不落俗套，除了传统的歌舞节目意外，晚会利用深圳、香港两个演播室的对切碰撞出美丽的火花，街舞、rap、成名曲串烧、杂技等节目形式也将在晚会上一一亮相。\r\n深圳卫视当红主持王海东、张美曦坐镇深圳演播室，另一美女主持刘茗茗前往香港压阵。晚会请到内地炙手可热的著名歌手艾敬、水木年华、孙楠、刘罡、徐千雅、姚贝娜一展歌喉；香港方面也派出at17、侧田、郑融、孙耀威、何韵诗、关心妍、农夫、麦浚龙、tonick等共同组成强大演出阵容，更有大家熟悉的台湾歌手苏芮、黄品源前来助阵，共唱两岸三地友谊地久天长。','2007-06-29',0),(236,201,'武汉音乐学院通俗演唱会','参加武汉音乐学院通俗演唱会','2007-06-13',0),(237,201,'宋祖英《好一朵美丽的茉莉花》个人音乐会','在美国华盛顿肯尼迪艺术中心，担任宋祖英《好一朵美丽的茉莉花》个人音乐会表演嘉宾。','2006-10-13',0),(238,201,'双拥晚会','参加双拥晚会 。','2006-12-01',0),(239,201,'2006深圳电台971全国原创歌曲评选','荣获2006深圳电台971全国原创歌曲评选“年度飞越大奖”','2007-01-01',0),(240,201,'中央电视台春节晚会、春节歌舞晚会、外交部文艺晚会等','参加中央电视台春节晚会、春节歌舞晚会、外交部文艺晚会等','2007-02-01',0),(241,201,'《唱山歌》栏目“姚贝娜个人专场”演唱会','录制了《唱山歌》栏目“姚贝娜个人专场”演唱会','2007-03-01',0),(242,208,'江苏省第十六届运动会闭幕式大型文艺晚会','参加江苏省第十六届运动会闭幕式大型文艺晚会。\r\n2006-11-03\r\n　　 本报南通电(记者 单昊 通讯员王建波)昨晚的南通体育会展中心花团锦簇，万众欢腾，江苏省第十六届运动会在隆重热烈的颁奖仪式和欢乐喜庆的大型文艺晚会《星夜无眠》中徐徐落下帷幕。在此次省运会上，我市体育健儿奋力拼搏，取得了优异的成绩，还有5项成绩打破省年龄组记录。据统计，我市一共获得33.5枚金牌、31枚银牌、24枚铜牌，总积分1,227.5分，超过了上届的1163.5分，完成了预期任务。\r\n　　闭幕式晚会将夜空里星星的璀璨、神秘呈现在观众的面前。全场演出由“凯旋”、“心愿”、“祝福”、“告别”四大版块组成，将本次运动会演绎成一个充满温馨与柔情的盛会，将主办地南通永久地留在每一个人的记忆里。另外，晚会还从“星的璀璨、星的深邃、星的唯美和星的浪漫”四个角度解构了“星夜无眠”这一主题。专门为十六运创作的两歌一词（《美丽的南通，多好的家》、《这里通向未来》、《美丽颂歌———献给江苏省第十六届运动会闭幕式》）将闭幕式晚会推向了高潮。\r\n　　据介绍，本届省运会首次以申办方式确定承办地，是我省举办的规模最大、项目最全、参赛人数最多的一届省运会，也是我省备战2008年奥运会的一次大练兵和大检阅。本届省运会共设青少年、高校和职工三个部，比赛大项63个，参赛运动员超过14000人。最终南京市以265金、139银、147铜高居奖牌榜首位，苏州市以178.5金、115银、107铜列第二，东道主南通市以170.5金、97.5银、92.5铜位列第三。\r\n　　我市代表队在此次省运会上共参加了24个大项的100多个小项的比赛，港城健儿摘取了金牌35.5枚、银牌31枚、铜牌24枚，总积分达到1,227.5分，完成了赛前提出的目标任务。\r\n　　2010年第十七届省运动会将在常州举行。','2006-11-02',0),(243,201,'纪念中国共产党成立八十五周年','参加《永远跟您走》纪念中国共产党成立八十五周年大型专题文艺晚会。','2006-06-26',0),(244,201,'第十二届青歌赛通俗唱法决赛第一场.rar','参加“隆力奇杯”第十二届CCTV青年歌手大奖赛，获得通俗唱法个人单项的亚军','2006-08-01',0),(245,201,'第十二届CCTV青年歌手大奖赛 – 小品','在青歌赛举办的“最受观众喜爱的歌手评选活动”晚会上反串方言小品《罚款》，之后又在《新视听》栏目多次反串经典小品《吃面条》，《胡椒面》、《主角与配角》、《追星族》等，展现了其卓越的表演天赋。','2006-08-06',0),(246,201,'央视《欢乐中国行》《中华情》等','多次参加中央电视台多个品牌栏目录制。先后随《欢乐中国行》《中华情》参加荣城，鞍山，南通等地演出。','2006-01-01',0),(247,201,'第五届中国金唱片颁奖晚会','参加第五届中国金唱片颁奖晚会。','2006-01-01',0),(248,201,'2006电影人新春大联欢','参加CCTV-6“2006电影人新春大联欢”晚会录制。','2006-01-27',0),(249,201,'“大地飞歌”南宁国际民歌艺术节开幕晚会','连续两年参加“大地飞歌”南宁国际民歌艺术节开幕晚会。','2006-01-01',0),(250,201,'金沙成都首演','出演中国首部大型原创音乐剧《金沙》女主角‘金’。与沙宝亮合作，共同成为第一任男女主演。该剧在成都试演，北京首演后，获得了界内的首肯和好评。著名音乐人总导演兼作曲三宝对姚贝娜的实力与潜质给予了好评及充分肯定。因为出演了该剧也为姚贝娜奠定了在音乐界的基础。大型音乐剧《金沙》投入1600多万元排演，其中360多套精美的服饰花掉上百万元。深圳女孩姚贝娜凭扎实的音乐功底征服著名音乐人三宝，出演该剧女主角。该剧作曲兼总导演三宝在昨晚首演后哭了，为音乐剧“蓄须明志”三个月的他含着泪对演员们说：“我现在特别有信心，先不说轰动，但大家一定会喜欢看！” 　　《金沙》在“新”上下了很多功夫，新的音乐，号称“国内最先进”的舞台技术，新               鲜的故事，可以让观众看到国内音乐剧中最为先锋的东西。 　　深圳女孩姚贝娜挑起大梁演主角 　　三宝音乐剧《金沙》一举成功 　　由著名音乐家三宝担任总导演兼作曲的大型音乐剧《金沙》昨夜在成都正式演出，深圳女孩姚贝娜挑起女一号大梁，演出大获成功。演出结束后，本报记者第一时间电话连线姚贝娜，电话那头，正在卸妆的姚贝娜，兴奋地与记者聊起了音乐剧《金沙》。她说，她与四川歌手谭维维被三宝分别确定为女主角的A角与B角。《金沙》将于4月8、9、10日在北京保利剧院公演，到时候，姚贝娜的搭档可能是现在的张博，也可能是沙宝亮。 　　出演女一号神鸟 　　深圳女孩姚贝娜是中国音乐学院声乐歌剧系大五学生，24岁，身高1.68米，漂亮。能够在三宝的大型音乐剧《金沙》里出演女主角，实在是一件太幸运的事情，因为三宝的作品让不少歌手一夜走红。 　　音乐剧《金沙》是为世界重大考古发现成都“金沙遗址”量身定做的。“这是一部充满神话色彩但又有很多时尚元素而且十分惟美的音乐剧。”姚贝娜边说边搜索形容词来赞誉该剧。她在剧中扮演女主角金，金是一只神鸟，与挖掘“金沙遗址”的当代考古学家沙在3000年前是一对恋人。3000年来，金一直爱着沙，但已经成为凡人的沙，显然是没有记忆了，为了唤起沙的记忆，金开始了惟美而又深情的演唱，一段跨越时空的爱情故事开始回溯…… 　　姚贝娜在音乐剧中共演唱14首歌曲。她说：“三宝老师的音乐太美了，旋律简单又好听，时而柔，时而刚，时而如泣如诉，时而雄浑激昂，时而诙谐活泼，而且编剧关山的词写得也特别简练、通俗。”谈起角色金，姚贝娜说表演起来并没有感到难度很大，自今年1月开始排练以来，她已经对角色心领神会，并融入得很深。她说：“金是个神鸟的化身，大气、内敛、圣洁又有威仪的女性。自己在表演时很入戏，也很享受。” 　　征服了挑剔的音乐人三宝 　　三宝对歌手的挑剔历来严格。姚贝娜靠什么征服了三宝呢？姚贝娜说，2004年12月，《金沙》开始筹备，在全国选演员，她去了。面试时，三宝让她唱了《金沙》中的选段，三宝感觉她处理歌曲很到位，嗓音纯正、自然，一点儿不复杂，她就这样就被选中了。记者说：“这可能让你一夜走红。”而姚贝娜却说：“我对走不走红并不感兴趣，只是希望能够做自己喜欢的音乐。” 　　台上一分钟，台下10年功。姚贝娜之所以一下子被三宝看中，完全取决于她扎实的音乐功底。姚贝娜中学时就被父母送进武汉音乐学院附中，师从汤灿的老师冯家慧。考入中国音乐学院学习民族声乐，但姚贝娜又酷爱通俗音乐。早在2002年上大二时，她就回到深圳，在第11届广东省运动会的开幕式和闭幕式上，演唱了那首轻松活泼的歌曲《广东步步高》。2003年，她又在文化部主办的“全国声乐新人新作比赛”中获得了二等奖。此后又回到深圳演唱了由唐跃生作词、陈小奇作曲的《梧桐烟雨》，获得一致好评。 　　复活了富庶的蜀都风情 　　与姚贝娜在电话里聊了10多分钟，当话题重新回到三宝的音乐剧《金沙》上时，姚贝娜的兴奋依然没有丝毫的减退。记者问：“除了音乐和故事是该剧的魅力所在，你认为还有什么让你感动呢？”姚贝娜的语言很有色彩，她说：“舞台美轮美奂，充满神秘气息，我在演出时完全可以感受到：一个绮丽富庶、温柔多情的古蜀王国被复活了，加上剧情穿越时空，把古典与现代并蓄的成都风情演绎得如诗如画。” 　　记者了解到，制作单位投入了1600多万元来排演音乐剧《金沙》，其中360多套精美的服饰就花掉了上百万元。姚贝娜说，她在剧中共有3套服装，或如翠鸟、或如白衣仙女、或如青莲花仙，姿态绰约。此外，音乐剧还配有充满金沙神秘色彩的布景，以及美轮美奂的3D动画背景：透明的象牙灯、剪纸艺术制作的成都街道牌坊、光色斑斓的陨石飞船、可自由升降的巨型乌木、幽静茂密的水草丛……在多变的背景中，演绎着古蜀王都、金沙夜色、远古战场 ','2005-05-22',0),(251,201,'中法教育展','赴法国参加中、法两国教育展，并为当地华人华侨高校学生等各界人士演出。','2003-10-01',0),(252,201,'与香港大学生联合演出','参加由北京市教委组织赴香港与当地大学生联合演出。','2003-11-01',0),(253,201,'深圳首届国际时装周开幕式晚会','参加深圳首届国际时装周开幕式晚会。','2003-12-01',0),(254,201,'赴俄两国高等教育艺术节演出','赴俄罗斯参加由国家教育部组织的两国高等教育艺术节演出。2004年6月在中俄两国高校艺术节上获得由国家教育部颁发的最佳表演奖；','2004-05-30',0),(255,201,'首都大学生庆祝中华人民共和国诞辰55周年','参加北京电视台“首都大学生庆祝中华人民共和国诞辰55周年”节目录制。','2004-09-01',0),(256,201,'2005“大地飞歌”南宁国际民歌艺术节开幕晚会','连续两年参加“大地飞歌”南宁国际民歌艺术节开幕晚会。','2005-10-19',0),(260,201,'真维斯搜狐视频合作发布会',NULL,'2014-03-11',0),(262,201,' 音乐风云榜年度盛典最受欢迎新人 （提名）',NULL,'2014-03-19',0),(264,201,'镇江三山旅游名胜推介发布会','','2014-03-30',0),(265,201,'姚贝娜 798艺术区 拍摄致炫白色惊喜宣传片微电影',NULL,'2014-04-02',0),(322,201,'中国好声音盲选第一期《也许明天》','中国好声音盲选第一期《也许明天》','2013-07-12',0),(269,201,'浙江奥克斯空调20周年庆',NULL,'2014-04-13',0),(274,201,'艺术人生节目录制',NULL,'2014-04-22',0),(275,201,'MR中国TOP榜颁奖礼',NULL,'2014-04-26',0),(278,201,'郑州曼哈顿签唱会',NULL,'2014-04-30',0),(280,201,'江西上饶群星演唱会',NULL,'2014-05-02',0),(281,201,'MR校园行北京中国农大',NULL,'2014-05-06',0),(283,201,'OOH广告创意大赛颁奖礼',NULL,'2014-05-09',0),(284,201,'合肥红星美凯龙EP签售',NULL,'2014-05-11',0),(324,201,'中国好声音导师考核第六期','中国好声音导师考核第六期 姚贝娜VS林育群《自己》','2013-08-16',0),(286,201,'中国文艺志愿者公益宣传',NULL,'2014-05-20',0),(287,201,' 城市至尊音乐榜',NULL,'2014-05-22',0),(290,201,'福州泰禾广场开业演出',NULL,'2014-05-31',0),(291,201,'江苏如皋演出',NULL,'2014-06-01',0),(292,201,'京东万和电气上门送礼活动',NULL,'2014-06-04',0),(295,201,'江苏泰州群星演唱会',NULL,'2014-06-14',0),(296,201,'华谊ELLE之夜',NULL,'2014-06-15',0),(298,201,'浙江卫视助唱我不是明星',NULL,'2014-06-18',0),(299,201,'周口群星演唱会',NULL,'2014-06-20',0),(300,201,'城市至尊音乐盛典',NULL,'2014-06-21',0),(497,201,'第九届中国西部国际博览会文艺晚会','',NULL,0),(304,201,'福建莆田',NULL,'2014-08-08',0),(306,201,'山西晋城',NULL,'2014-08-22',0),(311,201,'上海屈臣氏演唱会','屈臣氏蒸馏水「爱·动情歌」上海演唱会','2014-09-28',0),(314,201,'成都金牛万达公益活动',NULL,'2014-10-18',0),(315,201,'广汽丰田十周年庆',NULL,'2014-10-18',1),(316,201,'屈臣氏广州演唱会',NULL,'2014-10-19',0),(318,201,'宝清商演',NULL,'2014-10-26',0),(319,201,' 百度沸点飞跃成就歌手奖 （获奖）',NULL,'2014-12-20',11006),(325,201,'好声音百场演出宁波站','好声音百场演出宁波站','2013-08-17',0),(326,201,'浙江台庆','浙江台庆 姚贝娜VS金池《也许明天》','2013-08-25',0),(327,201,'中国好声音终极考核36进16','中国好声音终极考核36进16 《也许在》','2013-09-13',0),(328,201,'中秋特辑','中秋特辑 姚贝娜《也许明天》','2013-09-19',0),(329,201,'中国好声音那英组四进一','中国好声音那英组四进一《妥协之歌》','2013-09-20',0),(330,201,'新疆库尔勒汇嘉时代广场招商峰会','新疆库尔勒汇嘉时代广场招商峰会，视频待补充','2013-09-23',0),(331,201,'北京大学肿瘤医院慰问乳腺癌患者','北京大学肿瘤医院慰问乳腺癌患者，获颁“北京大学肿瘤医院健康公益大使” 姚贝娜生日医院探望癌症患者+传递正能量+','2013-09-26',0),(332,201,'中国好声音巅峰之夜','中国好声音巅峰之夜《龙的传人》','2013-10-07',0),(333,201,'英雄谱第七期','英雄谱第七期 姚贝娜澄清“甩手”传闻 闺蜜爆料情史','2013-10-08',0),(334,201,'录制歌曲 《我爱我家》姐妹篇《我们一家人》','录制歌曲 《我爱我家》姐妹篇《我们一家人》 英达称全家是姚贝娜歌迷','2013-10-08',0),(335,201,'青岛辽宁舰慰问演出','青岛辽宁舰慰问演出，待补充','2013-10-09',0),(336,201,'全新单曲《心火》首播','全新单曲《心火》首播','2013-10-11',0),(337,201,'北京朝北大悦城2013Music Radio 爱.回家爱心助学行动','北京朝北大悦城2013Music Radio 爱.回家爱心助学行动 姚贝娜北京朝北大悦城公益活动完整现场版','2013-10-12',0),(338,201,'上海电信见面会','上海电信见面会《也许明天》','2013-08-31',0),(339,201,'姚贝娜首秀演技 《仙变》微电影声动发布','姚贝娜首秀演技 《仙变》微电影声动发布','2013-09-11',0),(340,201,'好声音百城百场演唱会西安站','好声音百城百场演唱会西安站（108分钟开始）','2013-10-13',0),(341,201,'北京电视台文艺频道每日文娱播报','北京电视台文艺频道每日文娱播报 上 姚贝娜为何爆冷出局','2013-10-13',0),(342,201,'拍摄“广汽丰田”广告','拍摄“广汽丰田”广告（貌似会出mv，待补充）','2013-10-14',0),(343,201,'做客搜狐客户端自媒体直播间','做客搜狐客户端自媒体直播间 搜狐客户端发言','2013-10-16',0),(344,201,'搜狐视频专访','搜狐视频专访姚贝娜：中国好声音独家猛料 姚贝娜披露化疗期间心路历程 回应黑幕质疑','2013-10-17',0),(345,201,'北京雅诗兰黛集团“粉红丝带乳腺健康粉皮书”新闻发布会','北京雅诗兰黛集团“粉红丝带乳腺健康粉皮书”新闻发布会','2013-10-17',0),(346,201,'搜狐视频好声音庆功会','搜狐视频好声音庆功会《dear friend》','2013-10-17',0),(347,201,'拍摄VOGUE杂志记录','拍摄VOGUE杂志记录：姚贝娜钟爱裤衩背心休闲风 自曝从小爱臭美','2013-10-18',0),(348,201,'温州瑞安五星国际商贸城开幕','温州瑞安五星国际商贸城开幕','2013-10-19',0),(349,201,'浙江卫视我爱记歌词','浙江卫视我爱记歌词','2013-10-20',0),(350,201,'《爱无反顾》MV发布','《爱无反顾》MV发布','2013-10-20',0),(351,201,'大好河山我的梦●2013张家口金秋音乐盛典','大好河山我的梦●2013张家口金秋音乐盛典','2013-10-20',0),(352,201,'永康国际会展中心《超人集团30周年盛典晚会》','永康国际会展中心《超人集团30周年盛典晚会》','2013-10-21',0),(353,201,'昆明俊发商业品牌起航暨滨江·俊发广场商家签约仪式','昆明俊发商业品牌起航暨滨江·俊发广场商家签约仪式','2013-10-25',0),(354,201,'.广州萝岗万达好声音演唱会','.广州萝岗万达好声音演唱会','2013-10-26',0),(355,201,'中国好声音杭州十六强演唱会','中国好声音杭州十六强演唱会姚贝娜VS侯磊 《也许在》','2013-10-28',0),(356,201,'江苏昆山“好声音白鹭湾之夜”','江苏昆山“好声音白鹭湾之夜”红颜劫 http://v.youku.com/v_show/id_XNjMwMDU4NzAw.html我要的很简单 http://v.youku.com/v_show/id_XNjMwMDkxNjc2.html也许明天 http://v.youku.com/v_show/id_XNjMwMTE4MzY0.html','2013-11-02',0),(357,201,'宾利深圳与深业上城酒会青藏高原','宾利深圳与深业上城酒会青藏高原 http://papa.me/post/HA8pH6l3?syncref=sinapost','2013-11-05',0),(358,201,'姚如意视频记忆2006-2013','强烈推荐个视频，一定要看姚如意视频记忆2006-2013','2013-11-05',0),(359,201,'上海战争世界发布会','上海战争世界发布会，演唱主题曲专访《战争世界》主题曲演唱者-姚贝娜','2013-11-06',0),(360,201,'好声音百城百场演唱会北京站','好声音百城百场演唱会北京站http://music.letv.com/zt/thevoiceofchina/index.shtml','2013-11-09',0),(361,201,'好声音巡演石家庄站好声音石家庄演唱会','好声音巡演石家庄站好声音石家庄演唱会全程视频第二段《红颜劫》《也许明天》','2013-11-10',0),(362,201,'YOKA独家专访姚贝娜','YOKA独家专访姚贝娜','2013-11-11',0),(363,201,'新闻联播报道姚贝娜上春晚片段','新闻联播报道姚贝娜上春晚片段','2013-11-11',0),(364,201,'姚峰、刘罡，姚贝娜武音演唱会','也许明天---姚峰、刘罡，姚贝娜武音演唱会【视频】【湖北后援会】11.11娜娜武音现场视频清晰版 http://tieba.baidu.com/p/2702294836【爱无反顾】武音演唱会现场视频清晰版列表（有亮点哦） http://tieba.baidu.com/p/2702198449?share=9105【爱无反顾】武音姚贝儿视频集合 http://tieba.baidu.com/p/2700896208（出官方版再补充）','2013-11-11',0),(365,201,'ELLE中文网独家专访姚贝娜：破茧成蝶的惊艳','插一条新闻【新闻】ELLE中文网独家专访姚贝娜：破茧成蝶的惊艳 http://tieba.baidu.com/p/2701226994（对很多大家关心的问题作出了解释，很有价值）','2013-11-11',0),(366,201,'好声音巡演泸州站','好声音巡演泸州站目前只找到红颜劫，待补充','2013-11-15',0),(367,201,'好声音巡演济南站','好声音巡演济南站也许在 http://v.youku.com/v_show/id_XNjM1NjUyMDI4.html也许明天 http://v.youku.com/v_show/id_XNjM1NjY2MTUy.html','2013-11-16',0),(368,201,'2013女性传媒大奖网易女人专访姚贝娜','2013女性传媒大奖网易女人专访姚贝娜','2013-11-18',0),(369,201,'《西安偶像》特别节目姚贝娜','《西安偶像》特别节目姚贝娜','2013-11-17',0),(370,201,'广汽丰田致炫价格发布会','广汽丰田致炫价格发布会现场演唱《也许明天》','2013-11-20',0),(371,201,'北京果味VC新专辑发布会果味VC发新专辑','北京果味VC新专辑发布会果味VC发新专辑 粉丝姚贝娜送礼祝贺','2013-11-21',0),(372,201,'好声音巡演泰州站','好声音巡演泰州站','2013-11-22',0),(373,201,'我要上春晚《Bring me to life》','我要上春晚《Bring me to life》（录制于2013.6.16）','2013-11-22',0),(374,201,'《我们一家人》主题曲《诺言》首播','《我们一家人》主题曲《诺言》首播姚贝娜~诺言.mp3 http://pan.baidu.com/share/link?shareid=579255444&uk=859009648','2013-11-23',0),(375,201,'重庆长江国际原墅开放仪式也许明天','重庆长江国际原墅开放仪式也许明天','2013-11-23',0),(376,201,'贵州•兴义浙兴商贸博览城之夜 中国好声音群星演唱会','贵州•兴义 浙兴商贸博览城之夜 中国好声音群星演唱会','2013-11-24',0),(377,201,'姚贝娜 现场清唱集锦','推荐：姚贝娜 现场清唱集锦','2013-11-24',0),(378,201,'姚贝娜-心火-MV-饥饿游戏版','推荐：姚贝娜-心火-MV-饥饿游戏版','2013-11-24',0),(379,201,'南京溧水 “悦动全城 星耀五洲”群星演唱会《红颜劫》','南京溧水 “悦动全城 星耀五洲”群星演唱会《红颜劫》','2013-11-27',0),(380,201,'全新单曲《不唱情歌》首发不唱情歌 - 姚贝娜','全新单曲《不唱情歌》首发不唱情歌 - 姚贝娜','2013-11-28',0),(381,201,'南通中谨.翰伯府演唱会《也许明天》','南通中谨.翰伯府演唱会《也许明天》','2013-11-28',0),(382,201,'北京“Dear Friend—网信之夜”超凡精英聚会','北京“Dear Friend—网信之夜”超凡精英聚会【图片】11.29 网信之夜超凡精英聚会 姚贝儿微博图 http://tieba.baidu.com/p/2732966265?pid=42339322426&cid=#42339322426','2013-11-29',0),(383,201,'四川乐山好声音海天夜','四川乐山好声音海天夜','2013-11-30',0),(384,201,'北京 姚贝娜EP《1/2的我》发布会','北京 姚贝娜EP《1/2的我》发布会','2013-12-03',0),(385,201,'MusicRadio巨星梦想会客室专访姚贝娜','MusicRadio巨星梦想会客室专访姚贝娜【1/2的我】music radio录音 http://tieba.baidu.com/p/2742050985','2013-12-04',0),(386,201,'姚贝娜全新EP《1/2的我》首发','姚贝娜全新EP《1/2的我》首发战争世界 - 姚贝娜爱无反顾 - 姚贝娜不唱情歌 - 姚贝娜心火 - 姚贝娜','2013-12-09',0),(387,201,'网易云音乐《明星会客室》专访','网易云音乐《明星会客室》专访姚贝娜：独家讲述“二分之一的我”http://music.163.com/#/m/dj?id=632370','2013-12-11',0),(388,201,'好声音巡演深圳站','好声音巡演深圳站','2013-12-14',0),(389,201,'出席电影《私人定制》首映礼','出席电影《私人定制》首映礼','2013-12-17',0),(390,201,'北京五棵松京东校园之星总决赛','北京五棵松京东校园之星总决赛【1/2的我】——视频——京东校园之星《不唱情歌》《也许明天》 http://tieba.baidu.com/p/2765912845','2013-12-17',0),(391,201,'2013国剧盛典观众最喜爱的影视歌演唱人录制','2013国剧盛典观众最喜爱的影视歌演唱人','2013-12-18',0),(392,201,'腾讯2013年度微盛典最具人气女歌手','腾讯2013年度微盛典最具人气女歌手','2013-12-19',0),(393,201,'武汉万达电影乐园&汉秀开幕倒计时365天启动仪式','武汉万达电影乐园&汉秀开幕倒计时365天启动仪式','2013-12-20',0),(394,201,'哈尔滨维雪啤酒好声音信阳演唱会','哈尔滨维雪啤酒好声音信阳演唱会','2013-12-20',0),(395,201,'云南芒市拍摄《彩虹之恋》宣传片','云南芒市拍摄《彩虹之恋》宣传片','2013-12-21',0),(496,201,'民歌专场-娜来唱，你来听','','2012-05-08',0),(397,201,'录制湖北卫视2014新年环球狂欢夜','录制湖北卫视2014新年环球狂欢夜（2014.1.1 湖北卫视播出）','2013-12-22',0),(398,201,'深圳华昱机构年会','深圳华昱机构年会','2013-12-23',0),(399,201,'陕西汉中堂宏广场之夜港台明星大型演唱会','陕西汉中堂宏广场之夜港台明星大型演唱会','2013-12-27',0),(400,201,'2013国剧盛典观众最喜爱的影视歌演唱人','2013国剧盛典观众最喜爱的影视歌演唱人（录制于12.18）','2013-12-30',0),(401,201,'湖北卫视新年环球狂欢夜','湖北卫视新年环球狂欢夜（录制于2013.12.22）参加湖北卫视跨年晚会，演唱歌曲《心火》《也许明天》；','2014-01-01',0),(402,201,'凤凰视频年终策划《我》','凤凰视频年终策划《我》 姚贝娜','2014-01-05',0),(403,201,'电影《前任攻略》主题曲《矜持》发布','电影《前任攻略》主题曲《矜持》发布http://y.qq.com/#type=song&mid=000fGbWu2BXxkh','2014-01-06',0),(404,201,'网易旅游2013年终策划-专访姚贝娜','网易旅游2013年终策划-专访姚贝娜http://v.travel.163.com/video/2014/1/3/0/V9GLNHO30.html','2014-01-06',0),(405,201,'第二届搜狐时尚权力榜颁奖盛典','第二届搜狐时尚权力榜颁奖盛典http://fashion.sohu.com/s2014/fashionawards2014/index.shtml（45分钟左右）','2014-01-06',0),(406,201,'姚贝娜做客《东方风云榜》动感101','姚贝娜做客《东方风云榜》动感101','2014-01-07',0),(407,201,'姚贝娜做客iRadio大来宾','姚贝娜做客iRadio大来宾','2014-01-08',0),(408,201,'新浪年度车2014颁奖典礼','新浪年度车2014颁奖典礼http://auto.sina.com.cn/video/2014-01-10/000963357389.html?bsh_bid=337424428','2014-01-09',0),(409,201,'天津南洋胡氏二十周年庆典','天津南洋胡氏二十周年庆典','2014-01-12',0),(410,201,'CCTV3《我要上春晚》年终总决赛第二场','CCTV3《我要上春晚》年终总决赛第二场','2014-01-13',0),(411,201,'电影《前任攻略》新闻发布会','电影《前任攻略》新闻发布会','2014-01-15',0),(412,201,'微博之夜获微博年度人气奖','微博之夜获微博年度人气奖','2014-01-15',0),(413,201,'温州瑞安香缇花园开盘倒计时','温州瑞安香缇花园开盘倒计时','2014-01-16',0),(414,201,'淮海第一城-新天地落成庆典','淮海第一城-新天地落成庆典','2014-01-18',0),(415,201,'做客《京东会客厅》录制','做客《京东会客厅》','2014-01-19',0),(416,201,'与梦同行 日照兴业集团2014年春节联欢晚会','与梦同行 日照兴业集团2014年春节联欢晚会','2014-01-21',0),(417,201,'做客西华师范大学新传之声网络电台','做客西华师范大学新传之声网络电台','2014-01-22',0),(418,201,'《中国访谈》姚贝娜：执着梦想 善待生活','《中国访谈》姚贝娜：执着梦想 善待生活http://www.china.com.cn/fangtan/node_7198746.htm','2014-01-23',0),(419,201,'武汉华氏集团20周年庆典暨2013年年度人物颁奖盛典','武汉华氏集团20周年庆典暨2013年年度人物颁奖盛典','2014-01-23',0),(420,201,'姚贝娜做客新浪聊春晚','姚贝娜做客新浪聊春晚','2014-01-24',0),(421,201,'慧聪网年会','慧聪网年会','2014-01-24',0),(422,201,'上海新娱乐《陈蓉博客》之姚贝娜 唱出好声音','上海新娱乐《陈蓉博客》之姚贝娜 唱出好声音','2014-01-25',0),(423,201,'#女神伴你回家路#姚贝娜作客搜狐新闻客户端直播间','#女神伴你回家路#姚贝娜作客搜狐新闻客户端直播间 聊聊参加春晚这些年','2014-01-28',0),(424,201,'2014央视马年春晚','2014央视马年春晚','2014-01-30',0),(425,201,'北京卫视2014春晚','北京卫视2014春晚     《心火》','2014-01-31',0),(426,201,'做客《京东会客厅》','（录制于1.19） 做客《京东会客厅》http://jd.yuntv.letv.com/play/626.html','2014-02-19',0),(427,201,'《朝闻天下》 艺考故事：小样歌手姚贝娜','《朝闻天下》 艺考故事：小样歌手姚贝娜','2014-02-25',0),(428,201,'唱响东兴群星演唱会','唱响东兴群星演唱会','2014-02-28',0),(429,201,'音乐电影《彩云之恋》 CCTV6《美丽中国·音乐电影欣赏》首播','音乐电影《彩云之恋》 CCTV6《美丽中国·音乐电影欣赏》首播','2014-03-01',0),(430,201,'Music Radio中国TOP排行榜颁奖典礼启动仪式','Music Radio中国TOP排行榜颁奖典礼启动仪式','2014-03-05',0),(431,201,'MusicRadio音乐之声《音乐VIP》第一期：做自己','MusicRadio音乐之声《音乐VIP》第一期：做自己','2014-03-10',0),(433,201,'《后海星光下之LIFE VIP》妇女节特别呈现《@姚贝娜  的那些人 那些事》','《后海星光下之LIFE VIP》妇女节特别呈现《@姚贝娜  的那些人 那些事》','2014-03-04',0),(434,201,'讲诉在好声音上的故事','讲诉在好声音上的故事 http://www.tudou.com/programs/view/iudC0VC1fuk/','2014-03-03',0),(435,201,'面对伤痛和病痛时鲜为人知的小故事','面对伤痛和病痛时鲜为人知的小故事 http://www.tudou.com/programs/view/P4YEJmentr8/','2014-03-04',0),(436,201,'姚贝娜和她的爱情故事','姚贝娜和她的爱情故事 http://www.tudou.com/programs/view/Xbi9AMKiPuk/','2014-03-05',0),(437,201,'姚贝首度开腔谈自己的爱情世界','姚贝首度开腔谈自己的爱情世界 http://www.tudou.com/programs/view/FYRT9chERUs/','2014-03-06',0),(438,201,'姚贝谈谈自己梦想','姚贝谈谈自己梦想 http://www.tudou.com/programs/view/W_9PRsTomog/','2014-03-07',0),(439,201,'MusicRadio中国TOP排行榜沈阳活力拉票会','MusicRadio中国TOP排行榜沈阳活力拉票会','2014-03-13',1),(440,201,'CCTV-6《音乐之声》特别策划：聚焦“灵魂歌者”姚贝娜','CCTV-6《音乐之声》特别策划：聚焦“灵魂歌者”姚贝娜 《红颜劫》中惊艳亮相','2014-03-20',0),(441,201,'《我上春晚了》','《我上春晚了》','2014-03-23',0),(442,201,'镇江 “三山”景区旅游推介会','镇江 “三山”景区旅游推介会在北京举行 签约为“三山”景区形象代言人','2014-03-27',0),(443,201,'2014《型男志Men’s JOKER》男士理容大典','2014《型男志Men’s JOKER》男士理容大典','2014-03-28',0),(444,201,'湖北汉川 汉海好声音之夜','湖北汉川 汉海好声音之夜','2014-03-29',0),(445,201,'CCTV3《我上春晚了 下》','CCTV3《我上春晚了 下》','2014-03-30',0),(446,201,'《Beautiful Light》MV','《Beautiful Light》MV','2014-03-31',0),(447,208,'万达集团的南昌万达茂奠基盛典','万达集团的南昌万达茂奠基盛典\r\n\r\n2014年4月3日，万达茂开工盛典在南昌万达文化旅游城展示中心隆重举行。典礼现场，应邀助阵的著名歌手姚贝娜接受了各大媒体的现场采访。\r\n \r\n\r\n姚贝娜\r\n\r\n   著名歌手姚贝娜接受媒体的现场采访（图片来源：爱房网）\r\n\r\n   问题一：您是第几次来南昌，您对南昌万达城 ( 论坛 )有什么影响？\r\n\r\n   姚贝娜：其实来南昌比较少，但是每一次来都觉得跟自己家乡想象的地方，所以有特别的感情。包括两边吃的蛮像，还有空气、气侯。\r\n\r\n   万达是国内非常知名的一个房产，很有名气，也很有实力。给人的感觉就是高端、大气、上档次。作为歌手来说，能够与万达合作，我觉得是我的荣幸，也很愿意参加关于万达的活动，因为确实是很受人关注。\r\n\r\n   问题二：我们都知道南昌万达城的整体建筑风格是以青花瓷为主要的元素，非常具有中国风。最近您有哪些新歌？它们大多数是什么风格？会不会把中国风的风格融入到您作品当中？\r\n\r\n   姚贝娜：对中国风，我自己一向都非常喜欢。因为作为一个中国的歌手，一定要有我们自己那样一个标志性的东西。就像中国文化，要把它唱在歌里头，这是我最后期望的。所以我希望有一些作品延续《甄嬛传》里面歌曲的风格。我很喜欢，同时也希望大家喜欢我的歌。现在也在找歌，所以也欢迎做中国风曲作者喜欢我。\r\n\r\n  问题三：南昌万达城“万达茂”里面有世界级的海洋乐园，也有国际一流的电影乐园，还有国内顶级配置的电影城，以及一些汇集国际时尚品牌前沿的商业中心。我就想问，它将在2016年建成，正式运营。我想问您到时会过来体验一把吗？还有假如您在南昌投资，会不会第一选择就是万达城呢？谢谢。\r\n\r\n    姚贝娜：我是特别喜欢玩，尤其你说的海洋馆，还有游乐园这样的地方，电影城。其实对我自己来讲，有很大的吸引力。所以2016年我有时间，一定过来看、一定过来玩。\r\n\r\n   您说的投资，作为万达这样一个品牌，任何有眼光，还有实力的人，一定会想去这样一个投资的计划。所以如果我有实力，一定想。谢谢！\r\n\r\n    主持人：谢谢，刚才姚贝娜团队也做了这个计划，团队做一个好的建议，一定多多关注我们南昌的万达城。','2014-04-03',0),(448,201,'成都城市之音十周年记者会','成都城市之音十周年记者会','2014-04-10',0),(450,201,'2014爱的小桔灯新闻发布会','2014爱的小桔灯新闻发布会','2014-04-15',0),(451,201,'姚贝娜做客《乐视star》','姚贝娜做客《乐视star》http://ent.letv.com/zt/star/index.shtml?ref=index_focus_7','2014-04-17',0),(452,201,'MR网络金曲演唱会','MR网络金曲演唱会','2014-04-18',0),(453,201,'七彩致炫·七城试驾武汉站','七彩致炫·七城试驾武汉站','2014-04-19',0),(454,201,'京东“东乐计划”媒体发布会','京东“东乐计划”媒体发布会','2014-04-21',0),(456,201,'北京爱琴海购物中心《1/2 的我》签售会','北京爱琴海购物中心《1/2 的我》签售会','2014-04-27',0),(457,201,'大型水景秀《白蛇传》首演','大型水景秀《白蛇传》首演','2014-04-28',0),(459,201,'辽宁卫视中国《喜剧力量》助唱嘉宾录制','辽宁卫视中国《喜剧力量》助唱嘉宾录制','2014-05-01',0),(460,201,'中航城-大美上饶群星演唱会','中航城-大美上饶群星演唱会','2014-05-02',0),(461,201,'MusicRadio音乐之声HIGH歌校园行首场北京站暨启动仪式','MusicRadio音乐之声HIGH歌校园行首场北京站暨启动仪式','2014-05-06',0),(462,201,'上海.风尚.志-风尚加州Calibio VIP分享会','风尚加州Calibio VIP分享会','2014-05-08',0),(555,207,'《大戏看北京》甄嬛传专场','','2012-05-19',0),(466,201,'做客中国之声《中国大舞台》','做客中国之声《中国大舞台》','2014-05-18',0),(467,201,'助阵湖北好声音晋级赛','助阵湖北好声音晋级赛','2014-05-24',0),(468,201,'2014香港青年音乐节','2014香港青年音乐节','2014-05-30',0),(469,201,'2014年“六一”晚会《在五彩缤纷的节日里》','2014年“六一”晚会《在五彩缤纷的节日里》','2014-06-01',0),(470,201,'华谊兄弟20周年庆典','华谊兄弟20周年庆典','2014-06-07',0),(471,201,'搜狐视频《世界杯特别报道》开播仪式','搜狐视频《世界杯特别报道》开播仪式','2014-06-09',0),(472,201,'做客《黄焖世界杯》第5期','做客《黄焖世界杯》第5期','2014-06-17',0),(473,201,'泰州海之蓝群星演唱会','泰州海之蓝群星演唱会','2014-06-14',0),(475,201,'爱是最美的风尚明星盛典','爱是最美的风尚明星盛典','2014-06-25',0),(477,201,'星河集团25周年品牌战略发布会','星河集团25周年品牌战略发布会','2014-06-29',0),(478,201,'《我不是明星》','《我不是明星》','2014-06-30',0),(479,201,'百度乐播《世界杯星播客》：姚贝娜带你了解C罗与小贝的不同','百度乐播《世界杯星播客》：姚贝娜带你了解C罗与小贝的不同','2014-07-07',0),(480,201,'明星说公益之姚贝娜','明星说公益之姚贝娜','2014-07-15',0),(481,201,'辽宁卫视《中国喜剧力量》','辽宁卫视《中国喜剧力量》','2014-08-07',0),(482,201,'正荣润璟产品发布会','正荣润璟产品发布会','2014-08-08',0),(483,201,'石狮“泰禾之夜”','石狮“泰禾之夜”','2014-08-17',0),(484,201,'齐齐哈尔 北大仓百年庆演出','齐齐哈尔 北大仓百年庆演出','2014-08-27',0),(485,201,'兰蔻法式轻妆潮第二任轻妆大使-姚贝娜','视频：兰蔻法式轻妆潮第二任轻妆大使-姚贝娜http://v.youku.com/v_show/id_XNzU5NzAyNTAw.html','2014-08-22',0),(486,201,'《为梦想放歌——第十三届精神文明建设“五个一工程”获奖作品专题节目》','《为梦想放歌——第十三届精神文明建设“五个一工程”获奖作品专题节目》','2014-09-17',1),(487,201,'中国传媒大学60周年校庆','中国传媒大学60周年校庆《随他吧》','2014-09-20',0),(488,201,'西安万科草坪音乐节','西安万科草坪音乐节','2014-09-21',1),(490,201,'CCTV-3《我和我的祖国》特别节目','CCTV-3《我和我的祖国》特别节目','2014-10-01',1),(491,201,'第十届中国电视金鹰节开幕式','第十届中国电视金鹰节开幕式 刘欢&姚贝娜《天地在我心》','2014-10-10',1),(492,201,'山西农业大学信息学院第二届校园音乐节开幕式暨2014迎新晚会','山西农业大学信息学院第二届校园音乐节开幕式暨2014迎新晚会','2014-10-09',0),(494,201,'《Hi歌》','《Hi歌》第二期完整版:姚贝娜旋铃木两代好声音同台差距大','2014-11-13',17),(499,201,'魅力中国2011内蒙古','','2011-02-26',0),(500,201,'金色记忆-蓝色情怀音乐会','','2011-11-12',0),(501,207,'央视-唱响中国','','2011-05-08',0),(502,207,'雪在烧首播','姚贝娜演唱主题曲《影子》','2007-06-15',0),(503,201,'献唱长江三峡','“妈妈您让我想吧，我想那太阳要住在三峡，没有黑夜我才不会害怕，山坡的草，江边的花，三峡的孩子要长大”。　　20年前，三峡工程正式开工，年仅10岁的姚贝娜代表三峡孩子演唱了这首动听的《三峡的孩子快快长大》。这项举世瞩目的水利大工程不仅牵动着全国人民的心，更是三峡儿女们心中最温情的存在。　　几十年来，一代代长江委人殚精竭虑，孜孜以求，为三峡工程倾注了大量心血，奉献了聪明才智，做出了重大贡献，也因此成就了长江委人难以割舍的三峡情结。今年，三峡工程即将迎来全面竣工验收，让我们再次回首聆听这天籁童声，聆听三峡儿女为生命之河送来的乐赞。','1992-01-01',0),(504,201,'三峡的孩子快快长大','',NULL,0),(505,201,'姚贝娜出生','1981年9月26日出生于湖北省武汉市','1981-09-26',0),(506,201,'孩子啊不哭','',NULL,0),(507,208,'纪念鄂豫皖革命根据地创建80周年建党89周年','本次演出适逢纪念鄂豫皖革命根据地创建80周年、纪念建党89周年，主题为“红旗飘飘”，共分三个篇章：第一章《热血赋》展现了黄冈作为革命老区的光辉历史和革命传统；第二章《红土情》展现了改革开放30年来，老区经济建设的成就及广大群众对家乡的眷恋；第三章《和谐颂》展现了今日黄冈坚持科学发展观，与时代同发展的精神面貌。\r\n\r\n姚贝娜随心连心艺术团赴黄冈慰问演出，与演员赵亮合作小品《白果树下》并演唱歌曲《只因为爱》','2010-06-06',0),(508,201,'那片阳光-平安俊作品音乐会','','2012-05-05',0),(509,201,'姚贝娜十六大经典歌曲特辑','',NULL,0),(513,201,'唱山歌·焕然新声','','2007-03-17',0),(514,208,'《爱电影》送电影·学演技——电影爱甘孜','电影频道为响应国家广电总局推进对口帮扶工作的号召，满载着物资和爱心，深入到新中国第一个少数民族自治州-四川省甘孜藏族自治州送温暖，献爱心。\r\n\r\n本期节目主要内容：本期节目主题为电影爱甘孜，送电影·学演戏：1、歌唱祖国：演唱：海螺沟磨西小学合唱团；2、康定情歌：演唱：王茜、江平；3、追寻 电影《建国大业》主题曲 演唱：姚贝娜；4、山丹丹花开红艳艳 演唱：阿宝；5、我的祖国 电影《上甘岭》插曲 演唱：李丹阳；6、1314 演唱：沙宝亮；7、海螺沟之恋 演唱：格绒格西；8、次仁拉索 电影《红河谷》 演唱：香巴拉组合；9、闪闪红星 电影《闪闪红星》插曲 演唱：张一山；10、康巴踢踏舞 表演：海螺沟景区康巴风情园演艺中心；11、洗衣歌 演唱：甘萍；12、沧海一声笑 演唱：耿乐；13、乐琴舞 表演：海螺沟景区新兴乡舞蹈队。','2010-07-06',0),(515,201,'成都全搜索','',NULL,0),(606,208,'金沙北京保利剧场首演','','2005-04-08',0),(516,208,'姚贝娜与沙宝亮在煤矿文工团的演播厅相遇','在开始这篇文字之前我首先要说:下面讲的一切都是实话.如果你真的喜欢他，就和我一起，静静地把这篇文字看完。  \r\n我想我喜欢沙宝应该比在座的大家都要早,因为我喜欢他的时候他还没有红,甚至是一个无名小卒.<暗香>之前,他默默无闻地已经唱了十年的歌.  \r\n从最初听他的《扫落叶的人》，一直到后来的《青春日记》、《爱上一条鱼》、《我的秋天谁来过》，他的声音对我来说是一种享受。奇怪的是，我从来也没有想过要看看他的样子，或者更没想过会见到他的人。  \r\n2000年我上了大学，生活变得丰富起来，有更多的时间听歌，和做喜欢的事情。  \r\n某一年的某一天，我偶然听收音机，一个不太出名的电台，在几乎没有人听的时段，缓缓地主持人和沙宝的声音轻轻在我耳边飘着，还有他的音乐，他的青春日记，他的扫落叶的人。我激动得什么似的。我想，这么好的声音，一定要好好唱歌啊沙宝。  \r\n我们学校附近有一个煤矿文工团的演播厅，是一个摄影棚，很多电视台的综艺节目都是在那个棚里录制的。我们学校的学生经常一群一群地去现场当观众。  \r\n从2001年的元旦开始，我成了那里的常客，只要一有节目录制，我就去棚里看，那时候录制的都是一些省级电视台的类似于《超级访问》的节目，在那里见过很多名人，像孙悦、刘孜、李静、戴军、李冰冰、陶虹、金海心等等等等这些人都是家常便饭，偶尔还会有几个港台的和韩国的明星。  \r\n记得那个时候杨坤还没有红，都是陈琳和他一起登台来给他助威，我就是在那里第一次听他的《无所谓》。  \r\n中央台的《对话》节目也在那里录过，倪萍在开场前给我们讲她的儿子，还挺逗的。  \r\n那个棚本来是规定有开场时间，观众在外面等，当里面的灯光、音响等设备都准备好了，保安打开门，年轻的观众们就一窝蜂地涌进去抢座位。  \r\n但是由于我是常客，一来二去，我和看门的保安就混熟了，于是我就可以早早地进场，在空旷的棚里，找一个角落坐下，看很多帅哥美女在开场前试音，看工作人员忙忙碌碌地布置棚里的东西，我很喜欢那种开场前布置东西的氛围，甚至比录制明星云集的节目现场还要喜欢。  \r\n就是在那一年，也就是2001年的10月（好象是10月，或者是11月，我记得那个时候已经穿上了薄线衣）的某一天，那个棚要录制一期节目，具体是什么节目我忘记了，大概的内容就是一个省级的电视台，请一大堆明星和不太明的星来参加录制，唱歌访问什么的。  \r\n我照常提前进场，搬了把椅子坐在一个角落里看棚里的人走来走去，享受着那种氛围。  \r\n我记得那天我的左边坐了两三个人，也和我一样静静地，看着周围的事情；我的右边，是几个长发的男人在装一些乐器，那是陈琳带来的乐手。  \r\n我正在仔细地看那几个人装那些价值不菲的鼓和吉他，忽然听到左边有个人说：“沙宝，你吃了吗？”  \r\n我一惊，连忙回头。  \r\n我看到左边离我只有两步之距离的那把椅子上，一个穿黑衣服、其貌不扬的男子，用我熟悉的、太熟悉的声音，说：“你们先吃吧，我等会再吃。”  \r\n我的心几乎要跳出来，这就是时常响在我耳边的那个声音，这就是，那个我不知道样子的，默默无闻的，几乎没有人认识的，我太喜欢的那个男人。  \r\n这个时候我坐在他旁边，很近的距离端详着他。  \r\n那个时候的沙宝，真的是没有一点名气，也没有一丝明星的味道，他普通的发型，普通的衬衣和西裤，皮肤黑黑的，不会有人认识他，他坐在那里，就和我一样，像一个普通的观众，注视着空旷的棚子。  \r\n我离开椅子，走过去。  \r\n我说：“你是沙宝吗？我刚才听那个人叫你沙宝。”  \r\n他表情略带吃惊地看着我，说：“是啊。”  \r\n我说：“我经常听你的歌，也很喜欢你的歌。”  \r\n他笑了，看着我，很真诚地说：“谢谢。”  \r\n我说：“不客气，你一定要好好唱歌，你一定会红的。”  \r\n他脸上甚至出现了一丝孩子般的害羞的表情，说：“谢谢你了，你喜欢我的什么歌？”  \r\n我赶紧把我爱听的那几首歌都说了一遍。他又笑了，说：“谢谢你，我会好好唱歌的。”  \r\n看得出来，他也很激动，因为，一个没有名气，甚至相貌平平的歌手，在得到一个宿不相识的人的鼓励时，那种感觉，也许比我这个歌迷在遇到偶像时的心情，还要更快乐一些吧。  \r\n我们那天还聊了一些关于他的歌的内容，只可惜我当时太紧张，当时聊的什么都忘记了，只记得前面的那几句，后面我说了些什么，我自己都不知道了。  \r\n可是我清楚地记得他的笑容，那么明亮，那么朴实，那么真诚，像个快乐的孩子。  \r\n很快观众都陆续进场了，我为了更好地看节目，就去了前排的座位，那个晚上，我心情久久不能平静。前面的节目我几乎都没有看进去，沙宝的声音一直在我耳边飘来飘去。直到沙宝上场，我才慢慢安静下来，静静地看他在台上投入到他的音乐中。他唱的，就是那首《扫落叶的人》。  \r\n那天之后，我一直关注沙宝的各种消息，哪怕他有任何的一点进步，我都高兴万分。  \r\n2003年，沙宝随着那部电视剧，那首《暗香》，他红到每个人的心里，他的歌更加成熟了，他的人也越来越帅气了，只是，5年前的那个朴实无华的不张扬的沙宝，却永远定格在了我的心里。   ','2001-10-01',0),(517,208,'姚贝娜开通新浪博客','http://blog.sina.com.cn/u/1268252377\r\n\r\n我的红色小屋(2006-12-06 01:29)转载▼\r\n今天心情很好，因为交了个新朋友----blog!哈哈哈哈给自己盖了个红色小屋，真暖和！说的什么啊？现在是某日的凌晨一点三十五分，依然没有睡意，脑子却还是糊涂。。。。唉\r\n','2006-12-06',0),(518,201,'DoFaLa三好女声启动仪式','金海心刘沁姚贝娜领军“三好女声”\r\n\r\n\r\n　　信报讯(记者杨博怡) 就在四大选秀激战正酣的时候，一场音乐才女以歌会友的“三好女声”也开始席卷网络。8月16日晚，Do Fa La主办，刘沁、金海心、姚贝娜领军的“三好女声”举行了正式启动仪式，三位女歌手的圈中好友孟军、张亚东、捞仔、沙宝亮、景岗山(blog)等也到场为活动助威。\r\n\r\n　　据网站负责人介绍，本次活动并不是一场选秀，而是以乐会友、以歌过招的一场实\r\n\r\n\r\n力对决。届时，三位掌门人刘沁、金海心、姚贝娜将各自出招，发布自己的最新作品，而网友们则在为歌曲打分的同时，也可以上传自己的作品参与评选。\r\n\r\n　　从现在起，想参与活动的网友都可以在www.dofala.com的声乐琴房中上传自己的作品。最终入选的歌手将有机会成为DoFaLa正式签约歌手，并与“三好女声”一起出唱片。信报记者张越／摄','2006-08-16',0),(520,208,'山东齐鲁电视台粉丝大派送歌友会录制','10月25_26日 深圳 演出 \r\n 10月27日山东 齐鲁电视台<粉丝大派送>歌友会录制 \r\n\r\n另外 ,我是姚贝儿目前的经纪人 陈冬,大家可以叫我冬子,我的联系方式13611396641,吧主和其他歌迷可以与我联系,以后我们每到一个地方都会提前在这个贴吧里面跟大家说明,所到之处的歌迷可以自行组织然后跟我取得联系,我可以安排艺人在不影响工作的时候跟歌迷朋友见面\\聚会等.以上齐鲁电台录制如有当地歌迷想到场助威,请组织同城姚贝儿歌迷,然后跟我联系.欢迎大家到场观看\\助威! \r\n还要感谢一直以来大家对姚贝儿 的支持.贝娜的EP主打歌曲已经开始在全国电台等媒体当中进行播放、打榜，希望大家能够继续多多支持。 \r\n                还有请大家记住：我们是为音乐和你们而存在的！！ \r\n  \r\n                                               冬子 \r\n                                        2007、10、22','2007-10-27',0),(519,208,'深圳演出','10月25_26日 深圳 演出 \r\n \r\n\r\n另外 ,我是姚贝儿目前的经纪人 陈冬,大家可以叫我冬子,我的联系方式13611396641,吧主和其他歌迷可以与我联系,以后我们每到一个地方都会提前在这个贴吧里面跟大家说明,所到之处的歌迷可以自行组织然后跟我取得联系,我可以安排艺人在不影响工作的时候跟歌迷朋友见面\\聚会等.以上齐鲁电台录制如有当地歌迷想到场助威,请组织同城姚贝儿歌迷,然后跟我联系.欢迎大家到场观看\\助威! \r\n还要感谢一直以来大家对姚贝儿 的支持.贝娜的EP主打歌曲已经开始在全国电台等媒体当中进行播放、打榜，希望大家能够继续多多支持。 \r\n                还有请大家记住：我们是为音乐和你们而存在的！！ \r\n  \r\n                                               冬子 \r\n                                        2007、10、22','2007-10-26',0),(521,208,'第十三届青歌赛 - 两个人的世界','贝娜将在4月14日、4月16日、4月17日晚参加隆力奇杯第十三届CCTV青年歌手电视大奖赛流行组的个人比赛，请所有关注和喜爱姚贝娜的朋友们届时在CCTV3上收看。','2008-04-14',0),(522,204,'安徽卫视《黄金年代》','','2013-03-28',0),(523,210,'青歌赛启动仪式','','2013-03-29',0),(524,207,'唱响中国宁波演唱会','','2013-03-30',0),(525,210,'第十三届CCTV青年歌手电视大奖赛 - 日月凌空','姚贝娜	海政文工团	流行	日月凌空	98.28	0.90	99.18','2008-04-16',0),(526,210,'第十三届CCTV青年歌手电视大奖赛 - Ain\'t no sunshine','姚贝娜	海政文工团	流行	Ain\'t no sunshine	99.17','2008-04-17',0),(527,208,'甄嬛传原声大碟—刘欢、姚贝娜北京西单签售会','刘欢携歌手姚贝娜在京为《甄嬛传》原声碟签售。此次刘欢包办创作、演唱，也是他继《北京人在纽约》后再度与郑晓龙合作。虽然该剧及原声都大受欢迎，但刘欢称做电视剧配乐太花时间，未来会多做电影音乐。此前刘欢献唱高晓松作品音乐会，在台上甩动长发，十分狂野。他笑称是情之所至，像年轻了20岁。','2012-04-30',0),(528,208,'第九届西部国际博览会文艺晚会','参加奔腾西部-第九届中国西部国际博览会文艺晚会时，与廖忠合唱《世上哪有树缠藤》','2008-10-26',0),(529,201,'EP《心如明月》发行','',NULL,0),(530,208,'电影爱深圳新年晚会','参加电影爱深圳新年晚会时演唱《追寻》---电影“建国大业”主题曲','2009-12-27',0),(531,201,'CCTV7五一特别节目《走进圣农》','','2007-05-01',0),(532,201,'贝娜姐给大家拜年视频','','2010-02-13',0),(533,208,'2015北京乐谷理想音乐节-孙楠追思姚贝娜','','2015-05-02',0),(534,201,'石棉唱响中国 - 最爱中国红','','2012-05-04',0),(535,201,'“新视听”播出《只因为爱》','','2010-05-12',0),(538,201,'清华大学百年校庆','',NULL,0),(537,208,'广东省2011年春节军民联欢音乐会','','2011-01-29',0),(539,201,'沙宝亮北京演唱会','','2011-11-11',0),(540,208,'沙宝亮成都2010演唱会','','2010-10-16',0),(541,207,'《城市之间》录制','','2010-05-10',0),(542,210,'全国优秀流行歌曲创作大赛','','2009-05-10',0),(543,208,'“我要去延安”大型文艺演出','','2012-05-10',0),(544,208,'百名歌手赈灾大行动','','2008-05-14',0),(545,201,'刘家昌2009音乐会','','2009-03-19',0),(546,208,'纪念抗击汶川特大地震三周年大型专题文艺晚会','','2011-05-11',0),(547,201,'纪念抗击汶川特大地震三周年大型专题文艺晚会-播出','','2011-05-12',0),(548,207,'《音乐high客》播出','','2012-05-11',0),(549,207,'中华情.山歌好比春江水','','2011-06-18',0),(550,208,'中华情·魅力荣成','9月1日（周六），国内外华语晚会豪华至尊版央视—《中华情》携手中国魅力城市荣成，共同打造一年一度的“国际滨海旅游度假周”开幕庆典暨《中华情\"魅力荣成》大型文艺晚会。 \r\n     01   朱 桦  《大海啊，故乡》 \r\n     02 03  斯琴格日乐  《新世纪》 《理想生活》 \r\n     04 05  满文军  《望乡》《爱一个人需要理由吗》 \r\n     06     赵 姝   《凌波微步》 \r\n     07 08  许如云  《独角戏》《好听》 \r\n     09     Battel (韩国组合)《crash》 \r\n     10     王菲菲   《福》 \r\n     11     mina 《kiss kiss+look》  \r\n     12  13 凤凰传奇《月亮之上》《自由飞翔》 \r\n     14  15 刘和刚  《父亲》《节日快乐》 \r\n     16 17 18 梁咏琪  《爱情海》《搬家》《中意他》 \r\n     19  20  王 杰  《一场游戏一场梦》 《安妮》 \r\n     21  22  谭晶   《在那东山顶上》  《龙图腾》 \r\n     23      姚贝娜   《美丽的龙》 \r\n     24      刘承俊   《先说一声谢谢+热情》 \r\n     25  26  孙  悦   《快乐指南》《我心飞翔》 \r\n     27 28 29 孙燕姿  《奔》《第一天》《绿光》 \r\n     30 31 32 周华健   《雨人》《有没有一首歌会让你想起我》《朋友》 ','2007-09-01',0),(551,207,'中华情·魅力荣成播出','','2007-09-15',0),(552,201,'中华情·魅力宝鸡','','2010-01-30',0),(553,201,'歌曲《伙伴》录制','','2012-05-13',0),(554,207,'天天把歌唱播出歌曲《心火》','','2014-05-13',0),(556,207,'《大戏看北京》甄嬛传专场录制','','2012-05-14',0),(557,208,'20130519 第九届中国（深圳）文博会宝立方文艺晚会','','2013-05-19',0),(558,201,'《我们心在一起》录制','','2008-05-19',0),(559,204,'≪开心辞典≫录制','','2012-05-18',0),(560,207,'上海外语频道ICS《城市节拍》：好声音背后的姚贝娜','','2014-05-15',0),(561,208,'深圳大运会在京举行第一届征歌活动优秀歌曲发布晚会','','2009-05-15',0),(562,207,'《中国文艺》录制','','2012-05-29',0),(563,201,'新专辑录制','','2011-05-16',0),(564,207,'《天天把歌唱》-《不唱情歌》','','2014-05-16',0),(565,201,'《春天交响诗———2007年央视春节歌舞晚会》','','2007-02-09',0),(566,207,'军民迎新春文艺晚会:盛世嘉年华','','2007-02-16',0),(567,208,'龙岗区政协十周年纪念活动','','2007-03-28',0),(568,210,'首届全国知识产权组歌大赛决赛','','2007-04-02',0),(569,201,'海政文工团西安演出慰问','','2007-04-06',0),(570,207,'央视《聚焦三农》福建武夷山的福建圣农集团演出','','2007-04-14',0),(571,208,'《相逢皆是客——大路之子》客家组歌交响音乐会','','2007-05-16',0),(572,208,'“心连心”艺术团抚顺慰问演出','','2007-06-18',0),(573,207,'央视节目《周末音乐快递》录制','','2007-06-20',0),(574,208,'《军旅文化周——“蓝色航道”专题晚会》','','2007-07-04',0),(575,208,' 《我爱这蓝色的海洋》-海政文工团作品音乐会','','2007-07-14',0),(576,208,'长城长——孟庆云作品音乐会','','2007-07-13',0),(577,207,'《西班牙巴塞罗那足球俱乐部中国行“圆梦”助残慈善之夜》','凤凰卫视“圆梦”助残慈善之夜\r\n2007年07月23日 11:08\r\n7月16日，中国残疾人联合会、中国残疾人福利基金会、北京体育局、凤凰卫视在北京召开新闻发布会，宣布8月4日晚，将在京举行西班牙巴塞罗那足球俱乐部中国行“圆梦”助残慈善之夜。届时，国际足球劲旅西班牙巴塞罗那足球俱乐部主席、教练、队长等明星将与来自中国政府、企业界、演艺界等社会知名人士共同为中国残疾人教育募集善款。这次活动也是中西文化年的内容之一。\r\n此次巴塞罗那足球俱乐部是应北京体育局之邀，在北京奥运会倒计时一周年之际，为更好地宣传奥运，促进中西两国体育文化交流，于8月来京与北京国安队进行国际友谊赛。据介绍，本次公益慈善活动由凤凰卫视作为特别支持媒体。凤凰卫视知名主持人将担任晚宴的主持工作，演艺界热爱足球和巴萨明星的人士廖昌永、韦唯、景岗山、峦树、周晓鸥、雷佳、姚贝娜等也将前来助阵，演唱一系列充满足球文化的歌曲，为慈善之夜增添爱心氛围。慈善之夜活动将于2007年8月11日在凤凰卫视中文台《凤凰精选》栏目中播出。\r\n（找不到图片）\r\n','2007-08-04',0),(578,208,'第三届中国网络音乐节启动仪式','','2007-08-28',0),(579,207,'“乡村大世界走进木渎”文艺节目','','2007-09-21',0),(580,208,'第九届中韩歌会','','2007-12-07',0),(581,208,'心连心艺术团河南南阳慰问演出','更正地點:河南南阳师鹏、姚贝娜《草根》（心连心赴河南南阳慰问演出）<草根> 與師鵬http://v.yinyuetai.com/playlist/1881273','2007-12-15',0),(582,208,'心艺术团十堰市慰问演出','','2007-12-16',0),(583,208,'2007CCTV综艺盛典录制','','2007-12-28',0),(584,207,'《新视听》：欢声笑语话春晚','','2007-07-25',0),(585,208,'《法在你身边》普法文艺晚会','《法在你身边》普法文艺晚会25日晚首播\r\n本报讯 记者陈丽平\r\n全国普及法律常识办公室近日下发通知，要求各地、各部门组织收看《法在你身边》普法文艺晚会。\r\n\r\n　　据了解，今年“12·4”全国法制宣传日期间，由全国普法办、司法部、中央电视台联合制作的普法文艺晚会———《法在你身边》已制作完成，将于11月25日晚20：00，在中央电视台社会与法频道首播，11月26日中午12：30重播。','2007-11-25',0),(586,207,'《与您相约》大型综艺晚会','','2007-12-01',0),(587,201,'第八届“大红鹰杯”全国青年歌手电视大奖赛','','1998-05-01',0),(588,207,'星际大联盟美少女擂台赛','','2000-06-01',0),(589,208,'庆祝中韩建交十周年两国大学生交流活动','','2002-07-01',0),(590,208,'庆祝申奥成功的全国大学生校园先锋大赛','','2002-09-01',0),(591,207,'BTV－7春节晚会节目录制','','2002-12-01',0),(592,210,'“大红鹰杯”全国青年歌手新人新作比赛','','2003-10-28',0),(593,208,'千心之星大型文艺晚会','','2004-01-05',0),(594,208,'鹏城歌飞扬--2005年度深圳原创歌曲颁奖典礼','','2006-01-20',0),(595,208,'第七届中国蓬莱“和平颂”国际青少年文化艺术盛典“蓬建之夜”闭幕式晚会','','2006-08-24',0),(596,208,'第十二届CCTV青年歌手大奖赛部队获奖选手赴基层慰问演出活动','2006年8月7日—15日，参加总政宣传部组织的第十二届CCTV青年歌手大奖赛部队获奖选手赴基层慰问演出活动。','2006-08-07',0),(597,208,'“秋日情浓，生态广州”文艺晚会','2006年9月24日，参加在广州市体育馆举行，市建委组织的“秋日情浓，生态广州”文艺晚会。演唱《venus》.','2006-09-24',0),(598,208,'“大地飞歌2006”中国-东盟博览会暨南宁国际民歌艺术节开幕晚会文艺晚会','','2006-10-31',0),(599,208,'《活力余姚》演唱会','','2006-11-06',0),(600,208,'河海大学隆重纪念常州校区办学20周年','','2006-11-26',0),(601,201,'《民族魂》—金铁霖、马秋华学生音乐会','','2006-11-28',0),(602,208,'《新视听》元旦特别节 目：欢乐和谐过新年','《新视听》元旦特别节目：欢乐和谐过新年\r\n2006年12月19日 14:09 来源：CCTV.com\r\n2007年,一脸福相的小猪们喜气洋洋地来了。 《新视听》栏目应时应景，为广大电视观众制作了一道连映三天的娱乐大餐，在欢乐和谐的新年伊始，由朱军、管彤、朱迅和马东央视四大主持人领衔，集结演艺界的师徒、父子、夫妻们，各展独门绝活，为新年新气象锦上添花。\r\n1月2日《欢乐和谐之子承父业》\r\n　　主持人：马东、管彤\r\n　　所谓“打虎亲兄弟，上阵父子兵”，潘长江给潘阳《北风吹扎红头绳》(歌剧选段)，姚峰带着姚贝娜擀起了《辣椒面儿》(小品)，而王宝合父子已不甘示弱地耍起了《鬼手》（吴桥杂技）， 宋飞带着父亲和学生一起《赛马》（二胡表演）好不热闹……','2006-12-19',0),(603,201,'广汽丰田致炫青春的微电影-姚贝娜篇之白色惊喜情人节','','2014-05-19',0),(604,207,'《魅力中国-内蒙古》','','2011-05-21',0),(605,208,'应县国际旅游文化节开幕式晚会','','2010-05-21',0),(616,207,'八仙过海闹新春现场版','2012-1-25\r\n首播时间确认为25号\r\n央视节目网站连结\r\n14:27开始剪纸活动有拍到贝娜\r\n演唱<红颜劫>\r\n\r\n贝娜剪了只龙，自己大喊好看^^\r\n\r\nhttp://dianshiju.cntv.cn/coloum/dianshijuhuodong/classpage/video/20120125/100395.shtml\r\n\r\n','2012-01-25',0),(617,201,'《画皮2》全球首映礼','','2012-06-14',0),(618,201,'《武汉晚报》明星会客室','','2007-06-12',0),(619,201,'第四届中国新加坡大型歌会','','2012-06-10',0),(620,201,'北京林业大学第十届社团文化节闭幕式晚会','','2014-06-08',0),(621,201,'CCTV-3欢乐中国行·重庆万州','','2011-06-08',0),(622,201,'广西原创风云榜','','2014-06-22',0),(623,207,'开心歌迷汇','','2012-06-20',0),(624,201,'音乐风云榜','',NULL,0),(625,201,'精彩音乐汇','',NULL,0),(626,207,'<精彩音乐汇> 贞观长歌','影片連結\r\nhttp://tv.cntv.cn/video/C25545/07b424a24e4a4ed7aa43487e38bbfd4a','2012-12-09',0),(627,207,'精彩音乐汇《弯弯的月亮》','2:00开始是贝娜\r\n\r\n影片連結\r\nhttp://tv.cntv.cn/video/C25545/8e0c995c1678493ab190bef2f3c51839','2013-08-03',0),(628,207,'水宜生全国优秀流行歌曲创作大赛获奖歌曲展播','<孔雀>\r\n\r\n影片連結(14:07~17:55)\r\nhttp://tv.cntv.cn/video/C10422/5c1cca488bda4a2893812c8f352d6427','2009-12-24',0),(629,201,'2008年国庆庆典音乐化妆间','\r\n庆典影片連結 <原来我是这么爱你>\r\nhttp://www.tudou.com/programs/view/cQBQaYHUo5s/\r\n\r\n\r\n博客連結\r\nhttp://blog.sina.com.cn/s/blog_4b97fed90100blj9.html\r\n\r\nps1. 節目播出時間待確\r\nps2. youtube上影片較清晰，請連絡小睡','2008-09-25',0),(630,208,'“心连心”艺术团赴厦门经济特区慰问演出','“心连心”艺术团赴厦门经济特区慰问演出，節目2011/12/15播出\r\n\r\n演唱<一路有你>\r\n\r\nhttp://www.tudou.com/programs/view/e-LSCp3ssIQ\r\n\r\nps.youtube上有清晰視頻，請連絡小睡','2011-11-06',0),(631,201,'心连心赴湖北丹江口慰问演出','\r\n<最美的爱>-- 姚贝娜 & 师鹏\r\nhttp://v.yinyuetai.com/video/253190\r\n\r\n相關新聞連結\r\n\r\nhttp://ent.10yan.com/2015/0118/158433.shtml','2007-12-14',0),(636,201,'出席“第二届中国七夕东方情人节”新闻发布会','','2009-07-02',0),(637,207,'《中国好声音第二季》第一期录制','','2013-07-03',0),(638,208,'画皮2主题曲画情宣传','','2012-07-04',0),(639,208,'世界艾滋病日主题晚会','世界艾滋病日晚會\r\n演唱<只因為愛> ','2010-12-01',0),(640,208,'2010中国(国际)七夕情歌大会','','2010-08-16',0),(641,207,'唱响中国玉溪演唱会','','2012-07-17',0),(642,201,'《精彩音乐汇》暑期特辑','','2014-07-05',0),(643,201,'CCTV-3《明星来了》','','2010-07-14',0),(644,201,'明星魔幻秀','','2014-07-21',0),(645,201,'明星魔幻秀第二辑','','2014-07-22',0),(646,201,'玉龙县庆晚会','','2011-07-08',0),(647,207,'中华情播出','','2011-07-09',0),(648,201,'《我们的骄傲》—中国奥运健儿澳门联欢会','','2012-08-27',0),(649,208,'2009环保星锋会晚会','<紅毯採訪>\r\nhttp://www.tudou.com/programs/view/umHUL5gvtkU\r\n\r\n<歌曲--愛是什麼>\r\nhttps://www.youtube.com/watch?v=ca3DAgxIurw\r\n\r\n<台下座位>\r\n0:43~0:44 / 11:08~11:10\r\nhttp://ent.qq.com/a/20091029/000239.htm\r\n\r\n<新聞>\r\n姚貝在團體照中，由左數來第二位\r\nhttp://gongyi.163.com/09/1216/11/5QLE41NN0093413K.html\r\nhttp://ent.qq.com/a/20091029/000204_13.htm\r\n\r\n<照片>\r\n之前知呼上有人發佈的照片，說只知道是2009某未知商演。\r\n對過姚貝的服裝、頭髮和舞台背景，應該是這場沒錯。\r\n貼吧圖冊連結\r\nhttp://tieba.baidu.com/p/3563995266#!/l/p1\r\n該知乎連結\r\nhttp://www.zhihu.com/question/27835045\r\n','2009-10-28',0);
/*!40000 ALTER TABLE `bellawiki_work` ENABLE KEYS */;
UNLOCK TABLES;

--
-- Table structure for table `bellawiki_work_files`
--

DROP TABLE IF EXISTS `bellawiki_work_files`;
/*!40101 SET @saved_cs_client     = @@character_set_client */;
/*!40101 SET character_set_client = utf8 */;
CREATE TABLE `bellawiki_work_files` (
  `id` int(11) NOT NULL AUTO_INCREMENT,
  `work_id` int(11) NOT NULL,
  `file_id` int(11) NOT NULL,
  PRIMARY KEY (`id`),
  UNIQUE KEY `work_id` (`work_id`,`file_id`),
  KEY `file_id_refs_id_19ee2cf8` (`file_id`)
) ENGINE=MyISAM AUTO_INCREMENT=709 DEFAULT CHARSET=utf8;
/*!40101 SET character_set_client = @saved_cs_client */;

--
-- Dumping data for table `bellawiki_work_files`
--

LOCK TABLES `bellawiki_work_files` WRITE;
/*!40000 ALTER TABLE `bellawiki_work_files` DISABLE KEYS */;
INSERT INTO `bellawiki_work_files` VALUES (676,619,1095),(2,2,2),(3,3,3),(4,3,4),(674,178,1093),(6,4,6),(33,28,33),(665,612,1084),(664,611,1083),(663,610,1082),(11,6,11),(12,8,12),(13,9,13),(14,9,14),(332,7,15),(331,7,62),(17,11,17),(18,12,18),(30,10,30),(20,15,20),(21,15,21),(673,186,1092),(36,17,23),(35,17,25),(34,17,24),(26,18,26),(76,20,27),(77,20,28),(78,20,29),(668,614,1087),(37,30,34),(38,31,35),(39,31,36),(40,32,37),(41,33,38),(79,35,39),(80,36,40),(81,37,41),(82,38,42),(83,40,44),(84,41,45),(85,42,46),(86,43,47),(87,39,43),(88,44,48),(89,45,49),(90,46,50),(91,47,51),(92,6,52),(672,469,1091),(94,48,54),(95,48,55),(96,49,56),(97,50,57),(98,50,54),(99,50,56),(671,468,1090),(101,51,59),(667,291,1086),(103,52,61),(330,7,66),(105,54,63),(106,55,64),(329,7,65),(328,7,16),(109,6,67),(110,6,68),(111,56,69),(327,57,70),(456,498,890),(337,145,753),(666,613,1085),(334,135,105),(670,615,1089),(662,609,1081),(661,608,1080),(120,15,73),(121,61,73),(122,61,74),(123,62,75),(124,62,76),(125,63,77),(126,63,78),(127,64,79),(128,65,80),(129,66,81),(130,67,82),(131,68,83),(132,15,84),(133,68,84),(134,69,85),(135,70,86),(136,71,87),(137,72,88),(138,73,89),(139,74,90),(339,75,91),(141,77,92),(142,79,93),(660,608,1079),(144,80,95),(145,81,96),(146,82,97),(147,83,98),(148,84,99),(149,84,100),(150,85,101),(151,86,101),(161,87,102),(153,88,103),(154,89,104),(335,257,775),(156,91,106),(340,320,776),(158,3,108),(669,290,1088),(160,95,109),(162,87,107),(163,87,108),(164,100,110),(165,101,111),(166,102,112),(167,103,113),(168,104,114),(169,105,115),(184,107,130),(171,108,118),(172,109,119),(183,106,129),(174,101,120),(175,110,121),(176,111,122),(177,112,123),(178,113,124),(179,114,125),(180,115,126),(181,116,127),(182,117,128),(185,121,131),(186,122,132),(187,123,133),(188,124,654),(189,124,768),(190,124,769),(191,124,770),(192,118,771),(343,135,779),(457,499,891),(341,137,777),(196,127,773),(344,318,780),(198,129,768),(199,130,769),(200,131,770),(201,132,771),(326,257,774),(203,134,763),(204,135,764),(205,136,766),(206,137,761),(207,138,759),(208,139,760),(209,140,756),(210,141,757),(454,496,888),(212,143,755),(213,144,752),(338,145,772),(215,146,754),(216,147,751),(217,148,749),(218,149,750),(219,150,747),(220,151,748),(221,152,746),(222,153,743),(223,154,744),(224,155,745),(225,156,735),(226,157,736),(227,158,737),(228,159,738),(229,160,739),(230,161,740),(231,162,741),(232,163,742),(233,164,732),(234,165,733),(235,166,734),(236,167,729),(237,168,730),(238,169,731),(239,170,728),(240,171,724),(241,172,725),(242,173,726),(243,174,727),(244,175,722),(245,176,723),(675,617,1094),(247,178,713),(473,510,905),(249,180,715),(250,181,716),(251,182,717),(683,623,1100),(253,184,719),(254,185,720),(255,186,721),(256,187,702),(257,188,703),(258,189,704),(259,190,705),(260,191,706),(261,192,707),(262,193,708),(263,194,709),(264,195,710),(265,196,711),(266,197,695),(267,198,696),(268,199,697),(269,200,698),(270,201,699),(271,202,700),(272,203,701),(273,204,689),(274,205,690),(275,206,691),(276,207,692),(277,208,693),(278,209,694),(279,210,683),(280,211,684),(281,212,685),(282,213,686),(283,214,687),(284,215,688),(285,216,677),(286,217,678),(287,218,679),(288,219,680),(289,220,681),(290,221,682),(291,222,672),(292,223,673),(293,224,674),(294,225,675),(295,226,676),(296,227,668),(297,228,669),(298,229,670),(299,230,671),(300,231,667),(301,232,664),(302,233,665),(303,234,666),(304,235,662),(305,236,663),(306,237,657),(307,238,658),(308,239,659),(309,240,660),(310,241,661),(311,242,656),(312,243,653),(313,244,654),(314,245,655),(315,246,650),(316,247,651),(317,248,652),(318,249,648),(659,287,1078),(320,251,642),(321,252,643),(322,253,644),(323,254,645),(324,255,646),(325,256,647),(333,287,71),(453,486,887),(455,176,889),(348,265,784),(349,275,785),(350,311,786),(351,311,787),(452,487,874),(353,322,789),(354,323,790),(355,324,791),(356,325,792),(357,326,793),(358,327,794),(359,328,795),(360,329,796),(361,329,797),(362,329,798),(363,329,799),(364,331,800),(365,332,801),(366,333,802),(367,334,803),(368,337,804),(369,338,805),(370,339,806),(371,340,807),(372,341,808),(373,343,809),(374,344,810),(375,346,811),(376,347,812),(377,348,813),(378,349,814),(379,350,815),(380,351,816),(381,352,817),(382,353,818),(383,354,819),(384,355,820),(385,356,821),(386,356,822),(387,356,823),(388,357,824),(389,358,825),(390,360,826),(391,361,827),(392,362,828),(393,363,829),(394,364,830),(395,365,831),(396,366,832),(397,367,833),(398,368,834),(399,369,835),(400,373,836),(401,374,837),(402,375,838),(403,376,839),(404,378,840),(405,379,841),(406,381,842),(407,382,843),(408,383,844),(409,384,845),(410,385,846),(411,387,847),(412,388,848),(413,390,849),(414,402,850),(415,403,851),(416,404,852),(417,405,853),(418,406,854),(419,407,855),(420,408,856),(421,417,857),(422,418,858),(423,422,859),(424,424,860),(425,425,861),(426,426,862),(427,431,863),(428,434,864),(429,435,865),(430,436,866),(431,437,867),(432,438,868),(433,446,869),(434,451,870),(435,452,871),(436,485,872),(437,486,873),(451,487,778),(439,488,875),(458,500,892),(441,490,877),(442,491,878),(443,492,879),(444,144,881),(445,91,882),(446,364,883),(447,364,884),(448,364,885),(449,364,886),(459,501,893),(460,501,894),(461,502,895),(465,503,897),(464,503,896),(466,506,898),(467,506,899),(468,507,900),(469,507,901),(470,507,902),(471,508,903),(472,509,904),(474,85,906),(475,511,907),(476,440,908),(477,512,909),(478,513,910),(479,429,911),(480,430,912),(481,514,913),(482,515,914),(483,149,915),(495,457,919),(491,442,918),(490,442,917),(489,442,916),(494,457,920),(496,518,921),(497,518,922),(498,443,923),(499,443,924),(500,444,925),(501,444,926),(502,522,927),(503,523,928),(504,445,929),(505,524,930),(506,201,931),(507,203,932),(508,203,933),(509,202,934),(510,447,935),(514,521,936),(512,525,937),(513,526,938),(515,525,939),(516,229,940),(517,278,941),(518,527,942),(519,193,943),(520,193,944),(521,193,945),(522,528,946),(523,529,947),(524,89,948),(525,530,949),(526,531,950),(527,532,951),(528,533,952),(529,534,953),(530,522,954),(531,461,955),(532,193,956),(533,535,957),(535,537,959),(536,537,960),(537,539,961),(538,539,962),(539,540,963),(543,462,965),(542,462,964),(544,541,966),(545,542,967),(546,542,968),(547,542,969),(548,543,970),(549,544,971),(550,545,972),(551,546,973),(552,547,974),(553,548,975),(554,549,976),(555,550,977),(556,551,978),(557,549,979),(558,552,980),(559,494,981),(560,227,982),(561,553,983),(562,554,984),(563,555,985),(564,556,986),(565,557,987),(566,558,988),(567,558,989),(568,558,990),(569,558,991),(570,560,992),(571,561,993),(572,561,994),(573,561,995),(574,296,996),(575,171,997),(576,544,981),(577,544,998),(578,564,999),(579,565,1000),(580,565,1001),(581,566,1002),(582,566,1003),(583,567,1004),(584,568,1005),(585,569,1006),(586,569,1007),(587,570,1008),(588,570,1009),(589,570,1010),(590,571,1011),(591,571,1012),(592,571,1013),(593,235,1014),(594,235,1015),(595,236,1016),(596,572,1017),(597,572,1018),(598,573,1019),(599,573,1020),(600,574,1021),(601,574,1022),(602,574,1023),(603,575,1024),(604,575,1025),(605,576,1026),(606,232,1027),(607,232,1028),(608,577,1029),(609,578,1030),(610,578,1031),(611,578,1032),(612,579,1033),(613,579,1034),(614,519,1035),(615,519,1036),(616,519,1037),(617,520,1038),(618,520,1039),(619,520,1040),(620,580,1041),(621,580,1042),(622,580,1043),(682,581,1045),(681,581,1044),(625,582,1046),(626,582,1047),(627,582,1048),(628,583,1049),(629,583,1050),(630,584,1051),(631,584,1052),(632,585,1053),(633,586,1054),(634,592,1055),(635,593,1056),(636,594,1057),(637,594,1058),(638,248,1059),(639,248,1060),(640,243,1061),(641,595,1062),(642,237,1063),(643,242,1064),(644,242,1065),(645,598,1066),(646,598,1067),(647,599,1068),(648,599,1069),(649,602,1070),(650,135,998),(651,558,1071),(652,558,1072),(653,466,981),(654,603,1073),(655,557,1074),(656,604,1075),(657,605,1076),(658,605,1077),(677,620,1096),(678,621,1097),(679,622,1098),(680,626,1099),(684,300,1101),(685,177,1102),(686,634,1103),(687,475,1104),(688,475,1105),(689,243,1106),(690,478,1107),(691,635,1108),(692,636,1109),(693,638,1110),(694,637,1111),(695,479,1112),(696,639,1113),(697,640,1114),(698,641,1115),(699,642,1116),(700,643,1117),(701,644,1118),(702,645,1119),(703,646,1120),(704,646,1121),(705,647,1122),(706,600,1123),(707,600,1124),(708,600,1125);
/*!40000 ALTER TABLE `bellawiki_work_files` ENABLE KEYS */;
UNLOCK TABLES;

--
-- Table structure for table `bellawiki_work_tags`
--

DROP TABLE IF EXISTS `bellawiki_work_tags`;
/*!40101 SET @saved_cs_client     = @@character_set_client */;
/*!40101 SET character_set_client = utf8 */;
CREATE TABLE `bellawiki_work_tags` (
  `id` int(11) NOT NULL AUTO_INCREMENT,
  `work_id` int(11) NOT NULL,
  `tag_id` int(11) NOT NULL,
  PRIMARY KEY (`id`),
  UNIQUE KEY `work_id` (`work_id`,`tag_id`)
) ENGINE=MyISAM AUTO_INCREMENT=53 DEFAULT CHARSET=utf8;
/*!40101 SET character_set_client = @saved_cs_client */;

--
-- Dumping data for table `bellawiki_work_tags`
--

LOCK TABLES `bellawiki_work_tags` WRITE;
/*!40000 ALTER TABLE `bellawiki_work_tags` DISABLE KEYS */;
INSERT INTO `bellawiki_work_tags` VALUES (2,3,1),(3,17,1),(4,30,1),(5,15,8),(6,31,10),(7,32,1),(8,33,1),(23,17,15),(24,17,14),(25,33,16),(27,12,20),(29,17,35),(30,31,35),(31,63,8),(32,74,63),(33,72,63),(34,78,15),(35,81,66),(36,97,70),(37,17,71),(38,20,71),(39,33,71),(40,8,71),(41,98,72),(42,87,74),(43,79,74),(44,91,74),(45,99,74),(47,3,71),(48,30,71),(49,32,72),(50,35,75),(51,80,81),(52,509,82);
/*!40000 ALTER TABLE `bellawiki_work_tags` ENABLE KEYS */;
UNLOCK TABLES;

--
-- Table structure for table `django_admin_log`
--

DROP TABLE IF EXISTS `django_admin_log`;
/*!40101 SET @saved_cs_client     = @@character_set_client */;
/*!40101 SET character_set_client = utf8 */;
CREATE TABLE `django_admin_log` (
  `id` int(11) NOT NULL AUTO_INCREMENT,
  `action_time` datetime NOT NULL,
  `user_id` int(11) NOT NULL,
  `content_type_id` int(11) DEFAULT NULL,
  `object_id` longtext,
  `object_repr` varchar(200) NOT NULL,
  `action_flag` smallint(5) unsigned NOT NULL,
  `change_message` longtext NOT NULL,
  PRIMARY KEY (`id`),
  KEY `django_admin_log_6340c63c` (`user_id`),
  KEY `django_admin_log_37ef4eb4` (`content_type_id`)
) ENGINE=MyISAM AUTO_INCREMENT=180 DEFAULT CHARSET=utf8;
/*!40101 SET character_set_client = @saved_cs_client */;

--
-- Dumping data for table `django_admin_log`
--

LOCK TABLES `django_admin_log` WRITE;
/*!40000 ALTER TABLE `django_admin_log` DISABLE KEYS */;
INSERT INTO `django_admin_log` VALUES (1,'2015-03-04 01:47:15',1,1,'22','Work object',3,''),(2,'2015-03-04 01:47:47',1,1,'23','Work object',3,''),(3,'2015-03-04 01:48:19',1,1,'24','Work object',3,''),(4,'2015-03-04 01:48:39',1,1,'16','Work object',3,''),(5,'2015-03-04 01:49:20',1,2,'2','bellaadmin',1,''),(6,'2015-03-04 01:49:47',1,2,'2','bellaadmin',2,'Changed password and is_staff.'),(7,'2015-03-04 01:51:53',1,2,'2','bellaadmin',2,'Changed password and is_superuser.'),(8,'2015-03-04 02:02:59',1,2,'2','bellaadmin',2,'Changed password, is_superuser and user_permissions.'),(9,'2015-03-04 02:09:27',1,3,'2','bellaadmin',2,'Changed password and user_permissions.'),(10,'2015-03-04 06:41:41',2,9,'31','File object',3,''),(11,'2015-03-04 06:42:11',2,10,'26','Work object',3,''),(12,'2015-03-04 12:25:08',2,10,'27','Work object',3,''),(13,'2015-03-04 12:25:16',2,10,'17','Work object',2,'Changed title.'),(14,'2015-03-04 12:25:43',2,10,'29','Work object',3,''),(15,'2015-03-04 16:56:04',1,11,'3','Tag object',3,''),(16,'2015-03-04 16:56:09',1,11,'2','Tag object',3,''),(17,'2015-03-04 16:56:20',1,11,'6','Tag object',3,''),(18,'2015-03-05 01:08:02',2,10,'20','Work object',2,'Changed title, files and tags.'),(19,'2015-03-05 01:08:34',2,10,'34','Work object',3,''),(20,'2015-03-05 01:10:46',2,10,'20','Work object',2,'Changed files.'),(21,'2015-03-05 01:12:03',2,10,'20','Work object',2,'Changed files.'),(22,'2015-03-05 01:12:25',2,10,'20','Work object',2,'Changed files.'),(23,'2015-03-05 01:12:44',2,10,'20','Work object',2,'Changed files.'),(24,'2015-03-05 01:13:17',2,10,'20','Work object',2,'Changed tags.'),(25,'2015-03-05 01:15:46',1,10,'20','Work object',2,'No fields changed.'),(26,'2015-03-05 01:16:02',1,10,'20','Work object',2,'Changed tags.'),(27,'2015-03-05 01:16:13',1,10,'20','Work object',2,'Changed tags.'),(28,'2015-03-05 01:16:24',1,10,'20','Work object',2,'Changed tags.'),(29,'2015-03-05 01:16:35',1,10,'20','Work object',2,'Changed tags.'),(30,'2015-03-05 01:16:45',1,10,'20','Work object',2,'Changed tags.'),(31,'2015-03-05 01:22:37',1,10,'20','Work object',2,'Changed tags.'),(32,'2015-03-05 01:31:36',1,11,'17','Tag object',3,''),(33,'2015-03-05 01:31:59',1,11,'13','Tag object',3,''),(34,'2015-03-05 10:06:15',1,11,'26','Tag object',3,''),(35,'2015-03-05 10:06:15',1,11,'25','Tag object',3,''),(36,'2015-03-05 10:06:15',1,11,'24','Tag object',3,''),(37,'2015-03-05 10:06:15',1,11,'23','Tag object',3,''),(38,'2015-03-05 10:09:18',1,11,'7','Tag object',3,''),(39,'2015-03-05 12:02:23',2,10,'53','Work object',3,''),(40,'2015-03-06 11:55:45',1,10,'87','Work object',2,'Changed title.'),(41,'2015-03-06 13:07:56',1,9,'117','File object',3,''),(42,'2015-03-06 13:07:56',1,9,'116','File object',3,''),(43,'2015-03-08 13:01:38',1,9,'765','File object',3,''),(44,'2015-03-08 14:17:01',1,9,'762','File object',3,''),(45,'2015-03-10 08:24:58',1,10,'133','Work object',3,''),(46,'2015-03-10 12:41:55',1,10,'302','Work object',3,''),(47,'2015-03-10 12:42:29',1,10,'57','Work object',2,'Changed title and desc.'),(48,'2015-03-10 12:43:03',1,10,'317','Work object',3,''),(49,'2015-03-10 12:43:16',1,10,'7','Work object',2,'Changed title.'),(50,'2015-03-10 12:45:27',1,10,'60','Work object',3,''),(51,'2015-03-10 12:45:27',1,10,'59','Work object',3,''),(52,'2015-03-10 12:45:27',1,10,'58','Work object',3,''),(53,'2015-03-10 12:46:35',1,10,'285','Work object',3,''),(54,'2015-03-10 12:47:51',1,10,'90','Work object',3,''),(55,'2015-03-10 16:47:28',1,10,'128','Work object',3,''),(56,'2015-03-10 16:48:02',1,10,'145','Work object',2,'Changed title.'),(57,'2015-03-10 16:48:44',1,10,'125','Work object',3,''),(58,'2015-03-10 16:50:29',1,10,'75','Work object',2,'Changed title.'),(59,'2015-03-10 16:51:48',1,10,'126','Work object',3,''),(60,'2015-03-11 01:51:48',1,10,'94','Work object',3,''),(61,'2015-03-11 06:00:20',1,10,'268','Work object',3,''),(62,'2015-03-11 06:22:56',1,10,'266','Work object',3,''),(63,'2015-03-12 14:50:15',1,10,'489','Work object',3,''),(64,'2015-03-12 14:52:01',1,10,'321','Work object',3,''),(65,'2015-03-12 14:52:20',1,10,'310','Work object',3,''),(66,'2015-03-12 14:52:51',1,10,'309','Work object',3,''),(67,'2015-03-12 14:53:09',1,10,'487','Work object',2,'Changed title.'),(68,'2015-03-12 14:53:57',1,10,'493','Work object',3,''),(69,'2015-03-12 14:54:28',1,10,'313','Work object',3,''),(70,'2015-03-12 14:54:58',1,10,'312','Work object',3,''),(71,'2015-03-12 14:57:47',1,9,'783','File object',3,''),(72,'2015-03-12 14:58:15',1,10,'308','Work object',3,''),(73,'2015-03-12 14:58:54',1,10,'307','Work object',3,''),(74,'2015-03-12 14:59:16',1,10,'305','Work object',3,''),(75,'2015-03-12 14:59:44',1,10,'476','Work object',3,''),(76,'2015-03-12 15:00:22',1,10,'301','Work object',3,''),(77,'2015-03-12 15:00:29',1,10,'495','Work object',3,''),(78,'2015-03-12 15:01:06',1,10,'297','Work object',3,''),(79,'2015-03-12 15:02:23',1,10,'474','Work object',3,''),(80,'2015-03-12 15:02:47',1,10,'294','Work object',3,''),(81,'2015-03-12 15:03:07',1,10,'293','Work object',3,''),(82,'2015-03-12 15:03:27',1,10,'289','Work object',3,''),(83,'2015-03-12 15:03:51',1,10,'288','Work object',3,''),(84,'2015-03-12 15:04:25',1,10,'465','Work object',3,''),(85,'2015-03-12 15:04:38',1,10,'463','Work object',3,''),(86,'2015-03-12 15:05:06',1,10,'279','Work object',3,''),(87,'2015-03-12 15:05:25',1,10,'458','Work object',3,''),(88,'2015-03-12 15:05:50',1,10,'277','Work object',3,''),(89,'2015-03-12 15:06:03',1,10,'276','Work object',3,''),(90,'2015-03-12 15:06:24',1,10,'455','Work object',3,''),(91,'2015-03-12 15:06:42',1,10,'273','Work object',3,''),(92,'2015-03-12 15:06:56',1,10,'272','Work object',3,''),(93,'2015-03-12 15:07:11',1,10,'271','Work object',3,''),(94,'2015-03-12 15:07:26',1,10,'270','Work object',3,''),(95,'2015-03-12 15:07:41',1,10,'449','Work object',3,''),(96,'2015-03-12 15:08:00',1,10,'267','Work object',3,''),(97,'2015-03-12 15:08:21',1,10,'263','Work object',3,''),(98,'2015-03-12 15:08:39',1,10,'261','Work object',3,''),(99,'2015-03-12 15:08:54',1,10,'432','Work object',3,''),(100,'2015-03-12 15:10:10',1,10,'258','Work object',3,''),(101,'2015-03-12 15:10:54',1,10,'142','Work object',3,''),(102,'2015-03-12 15:11:32',1,10,'303','Work object',3,''),(103,'2015-03-12 15:12:18',1,10,'396','Work object',3,''),(104,'2015-03-15 16:41:41',1,10,'503','献唱长江三峡',2,'Changed title and desc.'),(105,'2015-03-20 01:03:19',1,10,'179','心连心艺术团赴黄冈慰问演出',3,''),(106,'2015-03-27 06:44:07',1,10,'442','镇江 “三山”景区旅游推介会',2,'Changed files.'),(107,'2015-03-27 06:44:38',1,10,'264','镇江三山旅游名胜推介发布会',2,'Changed files.'),(108,'2015-03-27 06:45:54',1,10,'264','镇江三山旅游名胜推介发布会',2,'Changed files.'),(109,'2015-03-27 06:46:12',1,10,'457','大型水景秀《白蛇传》首演',2,'Changed files.'),(110,'2015-04-03 17:08:31',1,12,'10','PollStat object',3,''),(111,'2015-04-03 17:08:31',1,12,'9','PollStat object',3,''),(112,'2015-04-03 17:08:31',1,12,'8','PollStat object',3,''),(113,'2015-04-03 17:08:31',1,12,'7','PollStat object',3,''),(114,'2015-04-03 17:08:31',1,12,'6','PollStat object',3,''),(115,'2015-04-03 17:08:31',1,12,'5','PollStat object',3,''),(116,'2015-04-03 17:08:31',1,12,'4','PollStat object',3,''),(117,'2015-04-03 17:08:31',1,12,'3','PollStat object',3,''),(118,'2015-04-03 17:08:31',1,12,'2','PollStat object',3,''),(119,'2015-04-03 17:08:31',1,12,'1','PollStat object',3,''),(120,'2015-04-04 04:13:02',1,12,'226','PollStat object',1,''),(121,'2015-04-04 04:14:25',1,12,'227','PollStat object',1,''),(122,'2015-04-04 04:14:48',1,12,'228','PollStat object',1,''),(123,'2015-04-04 04:15:10',1,12,'234','PollStat object',1,''),(124,'2015-04-04 04:15:33',1,12,'235','PollStat object',1,''),(125,'2015-04-04 04:16:14',1,12,'236','PollStat object',1,''),(126,'2015-04-04 04:16:49',1,12,'237','PollStat object',1,''),(127,'2015-04-04 04:17:07',1,12,'238','PollStat object',1,''),(128,'2015-04-04 04:17:49',1,12,'239','PollStat object',1,''),(129,'2015-04-04 04:18:02',1,12,'240','PollStat object',1,''),(130,'2015-04-04 04:18:14',1,12,'241','PollStat object',1,''),(131,'2015-04-04 04:18:29',1,12,'242','PollStat object',1,''),(132,'2015-04-04 04:18:43',1,12,'243','PollStat object',1,''),(133,'2015-04-04 04:19:07',1,12,'244','PollStat object',1,''),(134,'2015-04-04 04:19:25',1,12,'245','PollStat object',1,''),(135,'2015-04-04 04:21:55',1,12,'245','PollStat object',2,'Changed time.'),(136,'2015-04-04 04:22:05',1,12,'244','PollStat object',2,'Changed time.'),(137,'2015-04-04 04:22:14',1,12,'243','PollStat object',2,'Changed time.'),(138,'2015-04-04 04:22:23',1,12,'242','PollStat object',2,'Changed time.'),(139,'2015-04-04 04:22:39',1,12,'241','PollStat object',2,'Changed time.'),(140,'2015-04-04 04:22:58',1,12,'240','PollStat object',2,'Changed time.'),(141,'2015-04-04 04:23:15',1,12,'239','PollStat object',2,'Changed time.'),(142,'2015-04-04 04:23:27',1,12,'238','PollStat object',2,'Changed time.'),(143,'2015-04-04 04:23:37',1,12,'237','PollStat object',2,'Changed time.'),(144,'2015-04-04 04:23:54',1,12,'236','PollStat object',2,'Changed time.'),(145,'2015-04-04 04:24:06',1,12,'235','PollStat object',2,'Changed time.'),(146,'2015-04-04 04:24:53',1,12,'234','PollStat object',2,'Changed time.'),(147,'2015-04-04 04:25:16',1,12,'228','PollStat object',2,'Changed time.'),(148,'2015-04-04 04:25:32',1,12,'227','PollStat object',2,'Changed time.'),(149,'2015-04-04 04:26:03',1,12,'226','PollStat object',2,'Changed time.'),(150,'2015-04-04 04:27:03',1,12,'246','PollStat object',1,''),(151,'2015-04-04 04:27:19',1,12,'247','PollStat object',1,''),(152,'2015-04-04 04:27:49',1,12,'248','PollStat object',1,''),(153,'2015-04-04 04:28:05',1,12,'249','PollStat object',1,''),(154,'2015-04-04 04:28:22',1,12,'250','PollStat object',1,''),(155,'2015-04-04 04:28:39',1,12,'251','PollStat object',1,''),(156,'2015-04-04 04:28:57',1,12,'252','PollStat object',1,''),(157,'2015-04-04 04:29:15',1,12,'253','PollStat object',1,''),(158,'2015-04-04 04:29:40',1,12,'254','PollStat object',1,''),(159,'2015-04-04 04:30:05',1,12,'260','PollStat object',1,''),(160,'2015-04-04 04:30:22',1,12,'261','PollStat object',1,''),(161,'2015-04-04 04:30:36',1,12,'262','PollStat object',1,''),(162,'2015-04-04 04:30:59',1,12,'263','PollStat object',1,''),(163,'2015-04-04 04:31:30',1,12,'264','PollStat object',1,''),(164,'2015-04-04 04:31:51',1,12,'265','PollStat object',1,''),(165,'2015-04-04 04:36:11',1,12,'266','PollStat object',1,''),(166,'2015-04-04 04:51:06',1,12,'266','PollStat object',3,''),(167,'2015-04-05 13:08:04',1,10,'521','第十三届青歌赛 - 两个人的世界',2,'Changed title.'),(168,'2015-05-06 07:34:53',1,10,'536','音乐现场-谁最闪亮第二季第一期',3,''),(169,'2015-05-08 01:01:10',1,10,'282','上海.风尚志.活动',3,''),(170,'2015-05-08 01:01:47',1,10,'462','上海.风尚.志-风尚加州Calibio VIP分享会',2,'Changed title.'),(171,'2015-05-14 10:01:46',1,10,'464','CCTV-3《艺术人生》姚贝娜专辑',3,''),(172,'2015-05-22 14:21:30',1,10,'250','金沙成都首演',2,'Changed title and desc.'),(173,'2015-05-22 14:38:48',1,10,'1','也许明天',3,''),(174,'2015-05-22 14:39:01',1,10,'25','至少还有你',3,''),(175,'2015-05-22 14:39:21',1,10,'5','随他吧',3,''),(176,'2015-06-02 05:13:25',1,10,'177','《新视听》栏目的“青歌赛后”录制',2,'Changed title.'),(177,'2015-06-28 10:22:22',2,10,'581','心连心艺术团河南南阳慰问演出',2,'Changed title and desc.'),(178,'2015-06-28 10:23:07',2,10,'632','心连心艺术团湖南南阳慰问演出',3,''),(179,'2015-07-01 04:29:28',2,10,'183','央视电影频道《爱电影》“送.学”四川省甘孜藏族自治州慰问演出',3,'');
/*!40000 ALTER TABLE `django_admin_log` ENABLE KEYS */;
UNLOCK TABLES;

--
-- Table structure for table `django_content_type`
--

DROP TABLE IF EXISTS `django_content_type`;
/*!40101 SET @saved_cs_client     = @@character_set_client */;
/*!40101 SET character_set_client = utf8 */;
CREATE TABLE `django_content_type` (
  `id` int(11) NOT NULL AUTO_INCREMENT,
  `name` varchar(100) NOT NULL,
  `app_label` varchar(100) NOT NULL,
  `model` varchar(100) NOT NULL,
  PRIMARY KEY (`id`),
  UNIQUE KEY `app_label` (`app_label`,`model`)
) ENGINE=MyISAM AUTO_INCREMENT=14 DEFAULT CHARSET=utf8;
/*!40101 SET character_set_client = @saved_cs_client */;

--
-- Dumping data for table `django_content_type`
--

LOCK TABLES `django_content_type` WRITE;
/*!40000 ALTER TABLE `django_content_type` DISABLE KEYS */;
INSERT INTO `django_content_type` VALUES (10,'work','bellawiki','work'),(3,'user','auth','user'),(6,'site','sites','site'),(2,'group','auth','group'),(9,'file','bellawiki','file'),(8,'account','accounts','account'),(7,'log entry','admin','logentry'),(5,'session','sessions','session'),(1,'permission','auth','permission'),(4,'content type','contenttypes','contenttype'),(11,'tag','bellawiki','tag'),(12,'poll stat','poll','pollstat'),(13,'proxy','accounts','proxy');
/*!40000 ALTER TABLE `django_content_type` ENABLE KEYS */;
UNLOCK TABLES;

--
-- Table structure for table `django_migrations`
--

DROP TABLE IF EXISTS `django_migrations`;
/*!40101 SET @saved_cs_client     = @@character_set_client */;
/*!40101 SET character_set_client = utf8 */;
CREATE TABLE `django_migrations` (
  `id` int(11) NOT NULL AUTO_INCREMENT,
  `app` varchar(255) NOT NULL,
  `name` varchar(255) NOT NULL,
  `applied` datetime NOT NULL,
  PRIMARY KEY (`id`)
) ENGINE=InnoDB AUTO_INCREMENT=9 DEFAULT CHARSET=latin1;
/*!40101 SET character_set_client = @saved_cs_client */;

--
-- Dumping data for table `django_migrations`
--

LOCK TABLES `django_migrations` WRITE;
/*!40000 ALTER TABLE `django_migrations` DISABLE KEYS */;
INSERT INTO `django_migrations` VALUES (1,'contenttypes','0001_initial','2015-04-03 16:32:16'),(2,'auth','0001_initial','2015-04-03 16:32:16'),(3,'admin','0001_initial','2015-04-03 16:32:16'),(4,'sessions','0001_initial','2015-04-03 16:32:16'),(5,'sites','0001_initial','2015-04-03 16:32:16'),(6,'poll','0001_initial','2015-04-03 16:34:52'),(7,'poll','0002_auto_20150403_1203','2015-04-03 17:03:21'),(8,'accounts','0001_initial','2015-07-19 13:46:10');
/*!40000 ALTER TABLE `django_migrations` ENABLE KEYS */;
UNLOCK TABLES;

--
-- Table structure for table `django_session`
--

DROP TABLE IF EXISTS `django_session`;
/*!40101 SET @saved_cs_client     = @@character_set_client */;
/*!40101 SET character_set_client = utf8 */;
CREATE TABLE `django_session` (
  `session_key` varchar(40) NOT NULL,
  `session_data` longtext NOT NULL,
  `expire_date` datetime NOT NULL,
  PRIMARY KEY (`session_key`),
  KEY `django_session_b7b81f0c` (`expire_date`)
) ENGINE=MyISAM DEFAULT CHARSET=utf8;
/*!40101 SET character_set_client = @saved_cs_client */;

--
-- Dumping data for table `django_session`
--

LOCK TABLES `django_session` WRITE;
/*!40000 ALTER TABLE `django_session` DISABLE KEYS */;
INSERT INTO `django_session` VALUES ('2b0o3aywrmm2j3hae9mr339icp5fi3on','NTJiZWJjMGVkYzRiNWIyODdkNDg2OGY4Y2YzZTM4ZDBlODgxOWFkZjqAAn1xAVgKAAAAdGVzdGNvb2tpZXECWAYAAAB3b3JrZWRxA3Mu','2015-03-18 06:48:15'),('kccqpqqffncj468ndtzew9zvyc9tka01','YjczY2YwNjY0M2YzYTc4MzdiMDdlMGU3OWYxMTQ2OWRlMDNhZGU0MzqAAn1xAShVEl9hdXRoX3VzZXJfYmFja2VuZHECVSlkamFuZ28uY29udHJpYi5hdXRoLmJhY2tlbmRzLk1vZGVsQmFja2VuZHEDVQ1fYXV0aF91c2VyX2lkcQSKAQJ1Lg==','2015-03-18 06:07:58'),('fymy5bckf1uiq8qbriftep6lpkcvdno3','NTJiZWJjMGVkYzRiNWIyODdkNDg2OGY4Y2YzZTM4ZDBlODgxOWFkZjqAAn1xAVgKAAAAdGVzdGNvb2tpZXECWAYAAAB3b3JrZWRxA3Mu','2015-03-18 06:00:56'),('h87r85uc4gzhsmbnyb4brrll93nxle77','YjczY2YwNjY0M2YzYTc4MzdiMDdlMGU3OWYxMTQ2OWRlMDNhZGU0MzqAAn1xAShVEl9hdXRoX3VzZXJfYmFja2VuZHECVSlkamFuZ28uY29udHJpYi5hdXRoLmJhY2tlbmRzLk1vZGVsQmFja2VuZHEDVQ1fYXV0aF91c2VyX2lkcQSKAQJ1Lg==','2015-03-18 06:48:49'),('uefcjk76tocpb36rbfpx3k44hpg41f8z','NTJiZWJjMGVkYzRiNWIyODdkNDg2OGY4Y2YzZTM4ZDBlODgxOWFkZjqAAn1xAVgKAAAAdGVzdGNvb2tpZXECWAYAAAB3b3JrZWRxA3Mu','2015-03-18 06:02:39'),('aueazgv2hkoioik58et9rcijt3sbbqv2','NTJiZWJjMGVkYzRiNWIyODdkNDg2OGY4Y2YzZTM4ZDBlODgxOWFkZjqAAn1xAVgKAAAAdGVzdGNvb2tpZXECWAYAAAB3b3JrZWRxA3Mu','2015-03-18 06:05:17'),('krmvzbx2tjc3sa5zo4w09ym36bumhlik','NTJiZWJjMGVkYzRiNWIyODdkNDg2OGY4Y2YzZTM4ZDBlODgxOWFkZjqAAn1xAVgKAAAAdGVzdGNvb2tpZXECWAYAAAB3b3JrZWRxA3Mu','2015-03-20 01:43:38'),('sz4imiohi44wta1pxuxzs603eu4zlt77','NzQwMzllMGMwZDMwYTFhNTkwN2NmMzRjNzYzYWZiZDc3ZjEwNDk5ZjqAAn1xAVgKAAAAdGVzdGNvb2tpZVgGAAAAd29ya2VkcQJzLg==','2015-03-20 16:05:51'),('h0rixfrxcrop12f78e9vai8xzyfljdyt','MWE3MTUzNGFlMDEzYzIyOWIxMzg0N2MxMzU4ZTcxM2I5N2YwMmRjMDqAAn1xAShVEl9hdXRoX3VzZXJfYmFja2VuZHECVSlkamFuZ28uY29udHJpYi5hdXRoLmJhY2tlbmRzLk1vZGVsQmFja2VuZHEDVQ1fYXV0aF91c2VyX2lkcQSKAQF1Lg==','2015-03-20 09:51:32'),('zsydn2urn6lte3hh22idso1p07e1vp87','NTJiZWJjMGVkYzRiNWIyODdkNDg2OGY4Y2YzZTM4ZDBlODgxOWFkZjqAAn1xAVgKAAAAdGVzdGNvb2tpZXECWAYAAAB3b3JrZWRxA3Mu','2015-03-22 03:08:08'),('n4zidxaip75lcz11b53jt61yova5iba9','MWE3MTUzNGFlMDEzYzIyOWIxMzg0N2MxMzU4ZTcxM2I5N2YwMmRjMDqAAn1xAShVEl9hdXRoX3VzZXJfYmFja2VuZHECVSlkamFuZ28uY29udHJpYi5hdXRoLmJhY2tlbmRzLk1vZGVsQmFja2VuZHEDVQ1fYXV0aF91c2VyX2lkcQSKAQF1Lg==','2015-03-21 02:32:13'),('cztb8b5ojsreho6dtf5ym1njhdq2e3bf','YjczY2YwNjY0M2YzYTc4MzdiMDdlMGU3OWYxMTQ2OWRlMDNhZGU0MzqAAn1xAShVEl9hdXRoX3VzZXJfYmFja2VuZHECVSlkamFuZ28uY29udHJpYi5hdXRoLmJhY2tlbmRzLk1vZGVsQmFja2VuZHEDVQ1fYXV0aF91c2VyX2lkcQSKAQJ1Lg==','2015-03-21 03:48:30'),('umoq3fd38sx0l680ouhu6mfzt8056gix','OTVjNzU2NWNlMGQzODcwZjNlZjNhMWM3YzUyZmViZDA1NmJmNjg0MTp7Il9hdXRoX3VzZXJfaGFzaCI6ImI4N2I0OGUxYzA2YmRhYWZkNmVkMDAyYjlmOWNkZGE5OTNkOTM2ZWUiLCJfYXV0aF91c2VyX2JhY2tlbmQiOiJkamFuZ28uY29udHJpYi5hdXRoLmJhY2tlbmRzLk1vZGVsQmFja2VuZCIsIl9hdXRoX3VzZXJfaWQiOjF9','2015-03-22 05:48:09'),('umv95zh0xh5yuch3yvcfrzudeg87whp5','OTVjNzU2NWNlMGQzODcwZjNlZjNhMWM3YzUyZmViZDA1NmJmNjg0MTp7Il9hdXRoX3VzZXJfaGFzaCI6ImI4N2I0OGUxYzA2YmRhYWZkNmVkMDAyYjlmOWNkZGE5OTNkOTM2ZWUiLCJfYXV0aF91c2VyX2JhY2tlbmQiOiJkamFuZ28uY29udHJpYi5hdXRoLmJhY2tlbmRzLk1vZGVsQmFja2VuZCIsIl9hdXRoX3VzZXJfaWQiOjF9','2015-05-16 08:02:52'),('xogach5hag8lky85ckrv4x0wcufi5a4p','OTVjNzU2NWNlMGQzODcwZjNlZjNhMWM3YzUyZmViZDA1NmJmNjg0MTp7Il9hdXRoX3VzZXJfaGFzaCI6ImI4N2I0OGUxYzA2YmRhYWZkNmVkMDAyYjlmOWNkZGE5OTNkOTM2ZWUiLCJfYXV0aF91c2VyX2JhY2tlbmQiOiJkamFuZ28uY29udHJpYi5hdXRoLmJhY2tlbmRzLk1vZGVsQmFja2VuZCIsIl9hdXRoX3VzZXJfaWQiOjF9','2015-03-31 02:11:21'),('prd3xo48wlkvmyqejixnan99v6qpkv1m','OTVjNzU2NWNlMGQzODcwZjNlZjNhMWM3YzUyZmViZDA1NmJmNjg0MTp7Il9hdXRoX3VzZXJfaGFzaCI6ImI4N2I0OGUxYzA2YmRhYWZkNmVkMDAyYjlmOWNkZGE5OTNkOTM2ZWUiLCJfYXV0aF91c2VyX2JhY2tlbmQiOiJkamFuZ28uY29udHJpYi5hdXRoLmJhY2tlbmRzLk1vZGVsQmFja2VuZCIsIl9hdXRoX3VzZXJfaWQiOjF9','2015-04-02 05:24:40'),('kru7cx49w61hztxccgn3xu707m3tvpoo','ZmYxNmY2NDA1ZjhjYzEzZTU0NmRiODYxY2VjMjRhYjU0MzdhYTU4NTp7fQ==','2015-04-02 14:20:58'),('oiz873f8rqmz3pm2uzzju5va3tammk1p','ZmYxNmY2NDA1ZjhjYzEzZTU0NmRiODYxY2VjMjRhYjU0MzdhYTU4NTp7fQ==','2015-04-02 15:47:28'),('x993qk7b2c89xqdhjbhurmzm7bdzw82k','OTVjNzU2NWNlMGQzODcwZjNlZjNhMWM3YzUyZmViZDA1NmJmNjg0MTp7Il9hdXRoX3VzZXJfaGFzaCI6ImI4N2I0OGUxYzA2YmRhYWZkNmVkMDAyYjlmOWNkZGE5OTNkOTM2ZWUiLCJfYXV0aF91c2VyX2JhY2tlbmQiOiJkamFuZ28uY29udHJpYi5hdXRoLmJhY2tlbmRzLk1vZGVsQmFja2VuZCIsIl9hdXRoX3VzZXJfaWQiOjF9','2015-04-03 00:41:11'),('hbji4jvzm4eryg4l9boiylhdnabk4p8g','ZmYxNmY2NDA1ZjhjYzEzZTU0NmRiODYxY2VjMjRhYjU0MzdhYTU4NTp7fQ==','2015-04-03 13:20:05'),('19kz6fkwcq1wo36m25yp7y74ej0tebtl','OTVjNzU2NWNlMGQzODcwZjNlZjNhMWM3YzUyZmViZDA1NmJmNjg0MTp7Il9hdXRoX3VzZXJfaGFzaCI6ImI4N2I0OGUxYzA2YmRhYWZkNmVkMDAyYjlmOWNkZGE5OTNkOTM2ZWUiLCJfYXV0aF91c2VyX2JhY2tlbmQiOiJkamFuZ28uY29udHJpYi5hdXRoLmJhY2tlbmRzLk1vZGVsQmFja2VuZCIsIl9hdXRoX3VzZXJfaWQiOjF9','2015-04-03 13:57:13'),('kblz8pem531rxot1l7qm4d1xwtjpxtu4','MTZhNTkyMzUyYmZlMDQ2M2VlM2FhM2VhOTVjY2M0NDE5YmFiOTM0ZDp7Il9hdXRoX3VzZXJfYmFja2VuZCI6ImRqYW5nby5jb250cmliLmF1dGguYmFja2VuZHMuTW9kZWxCYWNrZW5kIiwiX2F1dGhfdXNlcl9oYXNoIjoiYjg3YjQ4ZTFjMDZiZGFhZmQ2ZWQwMDJiOWY5Y2RkYTk5M2Q5MzZlZSIsIl9hdXRoX3VzZXJfaWQiOjEsIl9tZXNzYWdlcyI6IltbXCJfX2pzb25fbWVzc2FnZVwiLDAsMjUsXCJUaGUgd29yayBcXFwiXFx1OTdmM1xcdTRlNTBcXHU3M2IwXFx1NTczYS1cXHU4YzAxXFx1NjcwMFxcdTk1ZWFcXHU0ZWFlXFx1N2IyY1xcdTRlOGNcXHU1YjYzXFx1N2IyY1xcdTRlMDBcXHU2NzFmXFxcIiB3YXMgZGVsZXRlZCBzdWNjZXNzZnVsbHkuXCJdLFtcIl9fanNvbl9tZXNzYWdlXCIsMCwyNSxcIlN1Y2Nlc3NmdWxseSBkZWxldGVkIDEgd29yay5cIl0sW1wiX19qc29uX21lc3NhZ2VcIiwwLDI1LFwiVGhlIHdvcmsgXFxcIlxcdTRlMGFcXHU2ZDc3LlxcdTk4Y2VcXHU1YzFhLlxcdTVmZDctXFx1OThjZVxcdTVjMWFcXHU1MmEwXFx1NWRkZUNhbGliaW8gVklQXFx1NTIwNlxcdTRlYWJcXHU0ZjFhXFxcIiB3YXMgY2hhbmdlZCBzdWNjZXNzZnVsbHkuXCJdLFtcIl9fanNvbl9tZXNzYWdlXCIsMCwyNSxcIlN1Y2Nlc3NmdWxseSBkZWxldGVkIDEgd29yay5cIl1dIn0=','2015-05-28 10:01:46'),('8453j8sztqeg9ndi42xzo84b3pnyrrf6','OTVjNzU2NWNlMGQzODcwZjNlZjNhMWM3YzUyZmViZDA1NmJmNjg0MTp7Il9hdXRoX3VzZXJfaGFzaCI6ImI4N2I0OGUxYzA2YmRhYWZkNmVkMDAyYjlmOWNkZGE5OTNkOTM2ZWUiLCJfYXV0aF91c2VyX2JhY2tlbmQiOiJkamFuZ28uY29udHJpYi5hdXRoLmJhY2tlbmRzLk1vZGVsQmFja2VuZCIsIl9hdXRoX3VzZXJfaWQiOjF9','2015-04-07 07:52:00'),('a7p7zh795k3agblm9fp5inqxu7hf85p7','OTVjNzU2NWNlMGQzODcwZjNlZjNhMWM3YzUyZmViZDA1NmJmNjg0MTp7Il9hdXRoX3VzZXJfaGFzaCI6ImI4N2I0OGUxYzA2YmRhYWZkNmVkMDAyYjlmOWNkZGE5OTNkOTM2ZWUiLCJfYXV0aF91c2VyX2JhY2tlbmQiOiJkamFuZ28uY29udHJpYi5hdXRoLmJhY2tlbmRzLk1vZGVsQmFja2VuZCIsIl9hdXRoX3VzZXJfaWQiOjF9','2015-04-07 12:04:56'),('fgwt5fvdycussxni1t28nf3xbixndqz2','ZmYxNmY2NDA1ZjhjYzEzZTU0NmRiODYxY2VjMjRhYjU0MzdhYTU4NTp7fQ==','2015-04-13 01:17:10'),('os0avhff4635kgmb8p6tq3vxploaweum','YmYxMTRhMDBlM2YyYTFiY2RlMzJiNzljNDRmNGZmZjQwMjA4ZjU5ODp7Il9hdXRoX3VzZXJfYmFja2VuZCI6ImRqYW5nby5jb250cmliLmF1dGguYmFja2VuZHMuTW9kZWxCYWNrZW5kIiwiX2F1dGhfdXNlcl9oYXNoIjoiYjg3YjQ4ZTFjMDZiZGFhZmQ2ZWQwMDJiOWY5Y2RkYTk5M2Q5MzZlZSIsIl9hdXRoX3VzZXJfaWQiOjEsIl9tZXNzYWdlcyI6IltbXCJfX2pzb25fbWVzc2FnZVwiLDAsMjUsXCJUaGUgcG9sbCBzdGF0IFxcXCJQb2xsU3RhdCBvYmplY3RcXFwiIHdhcyBhZGRlZCBzdWNjZXNzZnVsbHkuIFlvdSBtYXkgYWRkIGFub3RoZXIgcG9sbCBzdGF0IGJlbG93LlwiXSxbXCJfX2pzb25fbWVzc2FnZVwiLDAsMjUsXCJUaGUgcG9sbCBzdGF0IFxcXCJQb2xsU3RhdCBvYmplY3RcXFwiIHdhcyBjaGFuZ2VkIHN1Y2Nlc3NmdWxseS5cIl0sW1wiX19qc29uX21lc3NhZ2VcIiwwLDI1LFwiVGhlIHBvbGwgc3RhdCBcXFwiUG9sbFN0YXQgb2JqZWN0XFxcIiB3YXMgY2hhbmdlZCBzdWNjZXNzZnVsbHkuXCJdLFtcIl9fanNvbl9tZXNzYWdlXCIsMCwyNSxcIlRoZSBwb2xsIHN0YXQgXFxcIlBvbGxTdGF0IG9iamVjdFxcXCIgd2FzIGNoYW5nZWQgc3VjY2Vzc2Z1bGx5LlwiXSxbXCJfX2pzb25fbWVzc2FnZVwiLDAsMjUsXCJUaGUgcG9sbCBzdGF0IFxcXCJQb2xsU3RhdCBvYmplY3RcXFwiIHdhcyBjaGFuZ2VkIHN1Y2Nlc3NmdWxseS5cIl0sW1wiX19qc29uX21lc3NhZ2VcIiwwLDI1LFwiVGhlIHBvbGwgc3RhdCBcXFwiUG9sbFN0YXQgb2JqZWN0XFxcIiB3YXMgY2hhbmdlZCBzdWNjZXNzZnVsbHkuXCJdLFtcIl9fanNvbl9tZXNzYWdlXCIsMCwyNSxcIlRoZSBwb2xsIHN0YXQgXFxcIlBvbGxTdGF0IG9iamVjdFxcXCIgd2FzIGNoYW5nZWQgc3VjY2Vzc2Z1bGx5LlwiXSxbXCJfX2pzb25fbWVzc2FnZVwiLDAsMjUsXCJUaGUgcG9sbCBzdGF0IFxcXCJQb2xsU3RhdCBvYmplY3RcXFwiIHdhcyBjaGFuZ2VkIHN1Y2Nlc3NmdWxseS5cIl0sW1wiX19qc29uX21lc3NhZ2VcIiwwLDI1LFwiVGhlIHBvbGwgc3RhdCBcXFwiUG9sbFN0YXQgb2JqZWN0XFxcIiB3YXMgY2hhbmdlZCBzdWNjZXNzZnVsbHkuXCJdLFtcIl9fanNvbl9tZXNzYWdlXCIsMCwyNSxcIlRoZSBwb2xsIHN0YXQgXFxcIlBvbGxTdGF0IG9iamVjdFxcXCIgd2FzIGNoYW5nZWQgc3VjY2Vzc2Z1bGx5LlwiXSxbXCJfX2pzb25fbWVzc2FnZVwiLDAsMjUsXCJUaGUgcG9sbCBzdGF0IFxcXCJQb2xsU3RhdCBvYmplY3RcXFwiIHdhcyBjaGFuZ2VkIHN1Y2Nlc3NmdWxseS5cIl0sW1wiX19qc29uX21lc3NhZ2VcIiwwLDI1LFwiVGhlIHBvbGwgc3RhdCBcXFwiUG9sbFN0YXQgb2JqZWN0XFxcIiB3YXMgY2hhbmdlZCBzdWNjZXNzZnVsbHkuXCJdLFtcIl9fanNvbl9tZXNzYWdlXCIsMCwyNSxcIlRoZSBwb2xsIHN0YXQgXFxcIlBvbGxTdGF0IG9iamVjdFxcXCIgd2FzIGNoYW5nZWQgc3VjY2Vzc2Z1bGx5LlwiXSxbXCJfX2pzb25fbWVzc2FnZVwiLDAsMjUsXCJUaGUgcG9sbCBzdGF0IFxcXCJQb2xsU3RhdCBvYmplY3RcXFwiIHdhcyBjaGFuZ2VkIHN1Y2Nlc3NmdWxseS5cIl0sW1wiX19qc29uX21lc3NhZ2VcIiwwLDI1LFwiVGhlIHBvbGwgc3RhdCBcXFwiUG9sbFN0YXQgb2JqZWN0XFxcIiB3YXMgY2hhbmdlZCBzdWNjZXNzZnVsbHkuXCJdLFtcIl9fanNvbl9tZXNzYWdlXCIsMCwyNSxcIlRoZSBwb2xsIHN0YXQgXFxcIlBvbGxTdGF0IG9iamVjdFxcXCIgd2FzIGNoYW5nZWQgc3VjY2Vzc2Z1bGx5LlwiXSxbXCJfX2pzb25fbWVzc2FnZVwiLDAsMjUsXCJUaGUgcG9sbCBzdGF0IFxcXCJQb2xsU3RhdCBvYmplY3RcXFwiIHdhcyBhZGRlZCBzdWNjZXNzZnVsbHkuIFlvdSBtYXkgYWRkIGFub3RoZXIgcG9sbCBzdGF0IGJlbG93LlwiXSxbXCJfX2pzb25fbWVzc2FnZVwiLDAsMjUsXCJUaGUgcG9sbCBzdGF0IFxcXCJQb2xsU3RhdCBvYmplY3RcXFwiIHdhcyBhZGRlZCBzdWNjZXNzZnVsbHkuIFlvdSBtYXkgYWRkIGFub3RoZXIgcG9sbCBzdGF0IGJlbG93LlwiXSxbXCJfX2pzb25fbWVzc2FnZVwiLDAsMjUsXCJUaGUgcG9sbCBzdGF0IFxcXCJQb2xsU3RhdCBvYmplY3RcXFwiIHdhcyBhZGRlZCBzdWNjZXNzZnVsbHkuIFlvdSBtYXkgYWRkIGFub3RoZXIgcG9sbCBzdGF0IGJlbG93LlwiXSxbXCJfX2pzb25fbWVzc2FnZVwiLDAsMjUsXCJUaGUgcG9sbCBzdGF0IFxcXCJQb2xsU3RhdCBvYmplY3RcXFwiIHdhcyBhZGRlZCBzdWNjZXNzZnVsbHkuIFlvdSBtYXkgYWRkIGFub3RoZXIgcG9sbCBzdGF0IGJlbG93LlwiXSxbXCJfX2pzb25fbWVzc2FnZVwiLDAsMjUsXCJUaGUgcG9sbCBzdGF0IFxcXCJQb2xsU3RhdCBvYmplY3RcXFwiIHdhcyBhZGRlZCBzdWNjZXNzZnVsbHkuIFlvdSBtYXkgYWRkIGFub3RoZXIgcG9sbCBzdGF0IGJlbG93LlwiXSxbXCJfX2pzb25fbWVzc2FnZVwiLDAsMjUsXCJUaGUgcG9sbCBzdGF0IFxcXCJQb2xsU3RhdCBvYmplY3RcXFwiIHdhcyBhZGRlZCBzdWNjZXNzZnVsbHkuIFlvdSBtYXkgYWRkIGFub3RoZXIgcG9sbCBzdGF0IGJlbG93LlwiXSxbXCJfX2pzb25fbWVzc2FnZVwiLDAsMjUsXCJUaGUgcG9sbCBzdGF0IFxcXCJQb2xsU3RhdCBvYmplY3RcXFwiIHdhcyBhZGRlZCBzdWNjZXNzZnVsbHkuIFlvdSBtYXkgYWRkIGFub3RoZXIgcG9sbCBzdGF0IGJlbG93LlwiXSxbXCJfX2pzb25fbWVzc2FnZVwiLDAsMjUsXCJUaGUgcG9sbCBzdGF0IFxcXCJQb2xsU3RhdCBvYmplY3RcXFwiIHdhcyBhZGRlZCBzdWNjZXNzZnVsbHkuIFlvdSBtYXkgYWRkIGFub3RoZXIgcG9sbCBzdGF0IGJlbG93LlwiXSxbXCJfX2pzb25fbWVzc2FnZVwiLDAsMjUsXCJUaGUgcG9sbCBzdGF0IFxcXCJQb2xsU3RhdCBvYmplY3RcXFwiIHdhcyBhZGRlZCBzdWNjZXNzZnVsbHkuIFlvdSBtYXkgYWRkIGFub3RoZXIgcG9sbCBzdGF0IGJlbG93LlwiXSxbXCJfX2pzb25fbWVzc2FnZVwiLDAsMjUsXCJUaGUgcG9sbCBzdGF0IFxcXCJQb2xsU3RhdCBvYmplY3RcXFwiIHdhcyBhZGRlZCBzdWNjZXNzZnVsbHkuIFlvdSBtYXkgYWRkIGFub3RoZXIgcG9sbCBzdGF0IGJlbG93LlwiXSxbXCJfX2pzb25fbWVzc2FnZVwiLDAsMjUsXCJUaGUgcG9sbCBzdGF0IFxcXCJQb2xsU3RhdCBvYmplY3RcXFwiIHdhcyBhZGRlZCBzdWNjZXNzZnVsbHkuIFlvdSBtYXkgYWRkIGFub3RoZXIgcG9sbCBzdGF0IGJlbG93LlwiXSxbXCJfX2pzb25fbWVzc2FnZVwiLDAsMjUsXCJUaGUgcG9sbCBzdGF0IFxcXCJQb2xsU3RhdCBvYmplY3RcXFwiIHdhcyBhZGRlZCBzdWNjZXNzZnVsbHkuIFlvdSBtYXkgYWRkIGFub3RoZXIgcG9sbCBzdGF0IGJlbG93LlwiXSxbXCJfX2pzb25fbWVzc2FnZVwiLDAsMjUsXCJUaGUgcG9sbCBzdGF0IFxcXCJQb2xsU3RhdCBvYmplY3RcXFwiIHdhcyBhZGRlZCBzdWNjZXNzZnVsbHkuIFlvdSBtYXkgYWRkIGFub3RoZXIgcG9sbCBzdGF0IGJlbG93LlwiXSxbXCJfX2pzb25fbWVzc2FnZVwiLDAsMjUsXCJUaGUgcG9sbCBzdGF0IFxcXCJQb2xsU3RhdCBvYmplY3RcXFwiIHdhcyBhZGRlZCBzdWNjZXNzZnVsbHkuIFlvdSBtYXkgYWRkIGFub3RoZXIgcG9sbCBzdGF0IGJlbG93LlwiXSxbXCJfX2pzb25fbWVzc2FnZVwiLDAsMjUsXCJUaGUgcG9sbCBzdGF0IFxcXCJQb2xsU3RhdCBvYmplY3RcXFwiIHdhcyBhZGRlZCBzdWNjZXNzZnVsbHkuIFlvdSBtYXkgYWRkIGFub3RoZXIgcG9sbCBzdGF0IGJlbG93LlwiXSxbXCJfX2pzb25fbWVzc2FnZVwiLDAsMjUsXCJUaGUgcG9sbCBzdGF0IFxcXCJQb2xsU3RhdCBvYmplY3RcXFwiIHdhcyBhZGRlZCBzdWNjZXNzZnVsbHkuXCJdLFtcIl9fanNvbl9tZXNzYWdlXCIsMCwyNSxcIlN1Y2Nlc3NmdWxseSBkZWxldGVkIDEgcG9sbCBzdGF0LlwiXSxbXCJfX2pzb25fbWVzc2FnZVwiLDAsMjUsXCJUaGUgd29yayBcXFwiXFx1N2IyY1xcdTUzNDFcXHU0ZTA5XFx1NWM0YVxcdTk3NTJcXHU2YjRjXFx1OGQ1YiAtIFxcdTRlMjRcXHU0ZTJhXFx1NGViYVxcdTc2ODRcXHU0ZTE2XFx1NzU0Y1xcXCIgd2FzIGNoYW5nZWQgc3VjY2Vzc2Z1bGx5LlwiXV0ifQ==','2015-04-19 13:08:04'),('nazk7wb4vjjznl0ulkvon8tybf5gcrbc','OTVjNzU2NWNlMGQzODcwZjNlZjNhMWM3YzUyZmViZDA1NmJmNjg0MTp7Il9hdXRoX3VzZXJfaGFzaCI6ImI4N2I0OGUxYzA2YmRhYWZkNmVkMDAyYjlmOWNkZGE5OTNkOTM2ZWUiLCJfYXV0aF91c2VyX2JhY2tlbmQiOiJkamFuZ28uY29udHJpYi5hdXRoLmJhY2tlbmRzLk1vZGVsQmFja2VuZCIsIl9hdXRoX3VzZXJfaWQiOjF9','2015-04-15 14:41:23'),('4oif5riu3b3ar1gwgkfbyw74r89fna48','MTQ2NTBlMjljZjc1NmRiMjc2ZTQyMzFlNTRlZDdhOTljZGExN2FlODp7Il9hdXRoX3VzZXJfaGFzaCI6IjhmNzUwM2JiODFhZmRjNDM3ZTVjMzUyYmU1NTE3ZmU5MjJjNjdiNTgiLCJfYXV0aF91c2VyX2JhY2tlbmQiOiJkamFuZ28uY29udHJpYi5hdXRoLmJhY2tlbmRzLk1vZGVsQmFja2VuZCIsIl9hdXRoX3VzZXJfaWQiOjJ9','2015-05-27 05:37:53'),('awm6pezjj22zchxf4djoriswdiudld4u','MTQ2NTBlMjljZjc1NmRiMjc2ZTQyMzFlNTRlZDdhOTljZGExN2FlODp7Il9hdXRoX3VzZXJfaGFzaCI6IjhmNzUwM2JiODFhZmRjNDM3ZTVjMzUyYmU1NTE3ZmU5MjJjNjdiNTgiLCJfYXV0aF91c2VyX2JhY2tlbmQiOiJkamFuZ28uY29udHJpYi5hdXRoLmJhY2tlbmRzLk1vZGVsQmFja2VuZCIsIl9hdXRoX3VzZXJfaWQiOjJ9','2015-05-27 05:50:44'),('ibyiyzub6eevkha86oyt936ost7qfuk4','MTQ2NTBlMjljZjc1NmRiMjc2ZTQyMzFlNTRlZDdhOTljZGExN2FlODp7Il9hdXRoX3VzZXJfaGFzaCI6IjhmNzUwM2JiODFhZmRjNDM3ZTVjMzUyYmU1NTE3ZmU5MjJjNjdiNTgiLCJfYXV0aF91c2VyX2JhY2tlbmQiOiJkamFuZ28uY29udHJpYi5hdXRoLmJhY2tlbmRzLk1vZGVsQmFja2VuZCIsIl9hdXRoX3VzZXJfaWQiOjJ9','2015-05-31 15:39:54'),('ylukcmtzhte3ew8lm02hngakcveosfdc','OTVjNzU2NWNlMGQzODcwZjNlZjNhMWM3YzUyZmViZDA1NmJmNjg0MTp7Il9hdXRoX3VzZXJfaGFzaCI6ImI4N2I0OGUxYzA2YmRhYWZkNmVkMDAyYjlmOWNkZGE5OTNkOTM2ZWUiLCJfYXV0aF91c2VyX2JhY2tlbmQiOiJkamFuZ28uY29udHJpYi5hdXRoLmJhY2tlbmRzLk1vZGVsQmFja2VuZCIsIl9hdXRoX3VzZXJfaWQiOjF9','2015-06-03 05:47:31'),('1rupys8xg7gstc9odhu72913qsi02pfk','MTQ2NTBlMjljZjc1NmRiMjc2ZTQyMzFlNTRlZDdhOTljZGExN2FlODp7Il9hdXRoX3VzZXJfaGFzaCI6IjhmNzUwM2JiODFhZmRjNDM3ZTVjMzUyYmU1NTE3ZmU5MjJjNjdiNTgiLCJfYXV0aF91c2VyX2JhY2tlbmQiOiJkamFuZ28uY29udHJpYi5hdXRoLmJhY2tlbmRzLk1vZGVsQmFja2VuZCIsIl9hdXRoX3VzZXJfaWQiOjJ9','2015-06-02 02:58:01'),('7n6dh4z2li3f7umsswexu4j3lxd8i46j','MTQ2NTBlMjljZjc1NmRiMjc2ZTQyMzFlNTRlZDdhOTljZGExN2FlODp7Il9hdXRoX3VzZXJfaGFzaCI6IjhmNzUwM2JiODFhZmRjNDM3ZTVjMzUyYmU1NTE3ZmU5MjJjNjdiNTgiLCJfYXV0aF91c2VyX2JhY2tlbmQiOiJkamFuZ28uY29udHJpYi5hdXRoLmJhY2tlbmRzLk1vZGVsQmFja2VuZCIsIl9hdXRoX3VzZXJfaWQiOjJ9','2015-06-24 01:08:10'),('plb7c4162sph91tk6schxfu267mj0asr','OTVjNzU2NWNlMGQzODcwZjNlZjNhMWM3YzUyZmViZDA1NmJmNjg0MTp7Il9hdXRoX3VzZXJfaGFzaCI6ImI4N2I0OGUxYzA2YmRhYWZkNmVkMDAyYjlmOWNkZGE5OTNkOTM2ZWUiLCJfYXV0aF91c2VyX2JhY2tlbmQiOiJkamFuZ28uY29udHJpYi5hdXRoLmJhY2tlbmRzLk1vZGVsQmFja2VuZCIsIl9hdXRoX3VzZXJfaWQiOjF9','2015-06-07 15:30:45'),('mpg1v0bi2feqnuk9u7l2r27ix1nqaisc','MTQ2NTBlMjljZjc1NmRiMjc2ZTQyMzFlNTRlZDdhOTljZGExN2FlODp7Il9hdXRoX3VzZXJfaGFzaCI6IjhmNzUwM2JiODFhZmRjNDM3ZTVjMzUyYmU1NTE3ZmU5MjJjNjdiNTgiLCJfYXV0aF91c2VyX2JhY2tlbmQiOiJkamFuZ28uY29udHJpYi5hdXRoLmJhY2tlbmRzLk1vZGVsQmFja2VuZCIsIl9hdXRoX3VzZXJfaWQiOjJ9','2015-07-07 13:04:56'),('saw4fkmf1xy4pdthqpjklnrvp9out38t','OTVjNzU2NWNlMGQzODcwZjNlZjNhMWM3YzUyZmViZDA1NmJmNjg0MTp7Il9hdXRoX3VzZXJfaGFzaCI6ImI4N2I0OGUxYzA2YmRhYWZkNmVkMDAyYjlmOWNkZGE5OTNkOTM2ZWUiLCJfYXV0aF91c2VyX2JhY2tlbmQiOiJkamFuZ28uY29udHJpYi5hdXRoLmJhY2tlbmRzLk1vZGVsQmFja2VuZCIsIl9hdXRoX3VzZXJfaWQiOjF9','2015-07-03 04:29:09'),('tn6nl1fsnlbrnteo9jcovc4tic4bjmno','MTQ2NTBlMjljZjc1NmRiMjc2ZTQyMzFlNTRlZDdhOTljZGExN2FlODp7Il9hdXRoX3VzZXJfaGFzaCI6IjhmNzUwM2JiODFhZmRjNDM3ZTVjMzUyYmU1NTE3ZmU5MjJjNjdiNTgiLCJfYXV0aF91c2VyX2JhY2tlbmQiOiJkamFuZ28uY29udHJpYi5hdXRoLmJhY2tlbmRzLk1vZGVsQmFja2VuZCIsIl9hdXRoX3VzZXJfaWQiOjJ9','2015-07-07 12:58:25'),('fuucwzfm2myd34s5o7fbvicskbf92m6w','MTQ2NTBlMjljZjc1NmRiMjc2ZTQyMzFlNTRlZDdhOTljZGExN2FlODp7Il9hdXRoX3VzZXJfaGFzaCI6IjhmNzUwM2JiODFhZmRjNDM3ZTVjMzUyYmU1NTE3ZmU5MjJjNjdiNTgiLCJfYXV0aF91c2VyX2JhY2tlbmQiOiJkamFuZ28uY29udHJpYi5hdXRoLmJhY2tlbmRzLk1vZGVsQmFja2VuZCIsIl9hdXRoX3VzZXJfaWQiOjJ9','2015-07-12 11:55:09'),('agvc486d8va8mdkr8bptps4pqpdttfhi','MTQ2NTBlMjljZjc1NmRiMjc2ZTQyMzFlNTRlZDdhOTljZGExN2FlODp7Il9hdXRoX3VzZXJfaGFzaCI6IjhmNzUwM2JiODFhZmRjNDM3ZTVjMzUyYmU1NTE3ZmU5MjJjNjdiNTgiLCJfYXV0aF91c2VyX2JhY2tlbmQiOiJkamFuZ28uY29udHJpYi5hdXRoLmJhY2tlbmRzLk1vZGVsQmFja2VuZCIsIl9hdXRoX3VzZXJfaWQiOjJ9','2015-07-12 11:22:41'),('zkydb2cqfptxt3lj8vnrsht057olrlry','MTQ2NTBlMjljZjc1NmRiMjc2ZTQyMzFlNTRlZDdhOTljZGExN2FlODp7Il9hdXRoX3VzZXJfaGFzaCI6IjhmNzUwM2JiODFhZmRjNDM3ZTVjMzUyYmU1NTE3ZmU5MjJjNjdiNTgiLCJfYXV0aF91c2VyX2JhY2tlbmQiOiJkamFuZ28uY29udHJpYi5hdXRoLmJhY2tlbmRzLk1vZGVsQmFja2VuZCIsIl9hdXRoX3VzZXJfaWQiOjJ9','2015-07-26 07:04:11'),('8rpjhdbhfh7lg3hcfb9az6mpxs6ftbv4','OTVjNzU2NWNlMGQzODcwZjNlZjNhMWM3YzUyZmViZDA1NmJmNjg0MTp7Il9hdXRoX3VzZXJfaGFzaCI6ImI4N2I0OGUxYzA2YmRhYWZkNmVkMDAyYjlmOWNkZGE5OTNkOTM2ZWUiLCJfYXV0aF91c2VyX2JhY2tlbmQiOiJkamFuZ28uY29udHJpYi5hdXRoLmJhY2tlbmRzLk1vZGVsQmFja2VuZCIsIl9hdXRoX3VzZXJfaWQiOjF9','2015-07-30 04:50:14'),('1cck5ib3aumc6o6l6xaagxx8pp9zf908','OTVjNzU2NWNlMGQzODcwZjNlZjNhMWM3YzUyZmViZDA1NmJmNjg0MTp7Il9hdXRoX3VzZXJfaGFzaCI6ImI4N2I0OGUxYzA2YmRhYWZkNmVkMDAyYjlmOWNkZGE5OTNkOTM2ZWUiLCJfYXV0aF91c2VyX2JhY2tlbmQiOiJkamFuZ28uY29udHJpYi5hdXRoLmJhY2tlbmRzLk1vZGVsQmFja2VuZCIsIl9hdXRoX3VzZXJfaWQiOjF9','2015-08-05 15:57:25'),('t59ree7mt0pgg4op11nqocdcs4kacoag','OTVjNzU2NWNlMGQzODcwZjNlZjNhMWM3YzUyZmViZDA1NmJmNjg0MTp7Il9hdXRoX3VzZXJfaGFzaCI6ImI4N2I0OGUxYzA2YmRhYWZkNmVkMDAyYjlmOWNkZGE5OTNkOTM2ZWUiLCJfYXV0aF91c2VyX2JhY2tlbmQiOiJkamFuZ28uY29udHJpYi5hdXRoLmJhY2tlbmRzLk1vZGVsQmFja2VuZCIsIl9hdXRoX3VzZXJfaWQiOjF9','2015-09-04 14:05:54'),('7nl8j7p6n5fi2051evowi8f3la7lnk3r','ZjQzMDNiN2Q4Yjc0OThjMjY3NzljMDk2YTUwZWYyZmE5NTIyOGI5NDp7Il9hdXRoX3VzZXJfaGFzaCI6IjBjYzg1ZjQxZDkxMjQ1MGNiZjM3Y2E2ODk2YTgwMDM0YTI0NjFhOTIiLCJfYXV0aF91c2VyX2JhY2tlbmQiOiJkamFuZ28uY29udHJpYi5hdXRoLmJhY2tlbmRzLk1vZGVsQmFja2VuZCIsIl9hdXRoX3VzZXJfaWQiOiIyIn0=','2015-10-27 14:09:42'),('7il5isj3ocfr4whdtadyy1dydhdf3oef','ZjQzMDNiN2Q4Yjc0OThjMjY3NzljMDk2YTUwZWYyZmE5NTIyOGI5NDp7Il9hdXRoX3VzZXJfaGFzaCI6IjBjYzg1ZjQxZDkxMjQ1MGNiZjM3Y2E2ODk2YTgwMDM0YTI0NjFhOTIiLCJfYXV0aF91c2VyX2JhY2tlbmQiOiJkamFuZ28uY29udHJpYi5hdXRoLmJhY2tlbmRzLk1vZGVsQmFja2VuZCIsIl9hdXRoX3VzZXJfaWQiOiIyIn0=','2015-11-22 13:17:57'),('rno0t1zzi7306ty2kwqabkm57ra6ob5q','ZjQzMDNiN2Q4Yjc0OThjMjY3NzljMDk2YTUwZWYyZmE5NTIyOGI5NDp7Il9hdXRoX3VzZXJfaGFzaCI6IjBjYzg1ZjQxZDkxMjQ1MGNiZjM3Y2E2ODk2YTgwMDM0YTI0NjFhOTIiLCJfYXV0aF91c2VyX2JhY2tlbmQiOiJkamFuZ28uY29udHJpYi5hdXRoLmJhY2tlbmRzLk1vZGVsQmFja2VuZCIsIl9hdXRoX3VzZXJfaWQiOiIyIn0=','2015-12-09 12:57:02');
/*!40000 ALTER TABLE `django_session` ENABLE KEYS */;
UNLOCK TABLES;

--
-- Table structure for table `django_site`
--

DROP TABLE IF EXISTS `django_site`;
/*!40101 SET @saved_cs_client     = @@character_set_client */;
/*!40101 SET character_set_client = utf8 */;
CREATE TABLE `django_site` (
  `id` int(11) NOT NULL AUTO_INCREMENT,
  `domain` varchar(100) NOT NULL,
  `name` varchar(50) NOT NULL,
  PRIMARY KEY (`id`)
) ENGINE=MyISAM AUTO_INCREMENT=2 DEFAULT CHARSET=utf8;
/*!40101 SET character_set_client = @saved_cs_client */;

--
-- Dumping data for table `django_site`
--

LOCK TABLES `django_site` WRITE;
/*!40000 ALTER TABLE `django_site` DISABLE KEYS */;
INSERT INTO `django_site` VALUES (1,'accouonts926.sinaapp.com','accouonts926.sinaapp.com');
/*!40000 ALTER TABLE `django_site` ENABLE KEYS */;
UNLOCK TABLES;

--
-- Table structure for table `poll_pollstat`
--

DROP TABLE IF EXISTS `poll_pollstat`;
/*!40101 SET @saved_cs_client     = @@character_set_client */;
/*!40101 SET character_set_client = utf8 */;
CREATE TABLE `poll_pollstat` (
  `id` int(11) NOT NULL AUTO_INCREMENT,
  `count` int(11) NOT NULL,
  `time` datetime NOT NULL,
  `name` varchar(256) DEFAULT NULL,
  PRIMARY KEY (`id`)
) ENGINE=InnoDB AUTO_INCREMENT=3792 DEFAULT CHARSET=latin1;
/*!40101 SET character_set_client = @saved_cs_client */;

--
-- Dumping data for table `poll_pollstat`
--

LOCK TABLES `poll_pollstat` WRITE;
/*!40000 ALTER TABLE `poll_pollstat` DISABLE KEYS */;
INSERT INTO `poll_pollstat` VALUES (11,21462,'2015-04-03 17:17:57','\\u548f\\u6625style(\\u674e\\u65af\\u4e39\\u59ae)'),(12,503,'2015-04-03 17:17:57','\\u540e\\u4f1a\\u65e0\\u671f(\\u9093\\u7d2b\\u68cb)'),(13,17630,'2015-04-03 17:17:57','\\u77dc\\u6301(\\u59da\\u8d1d\\u5a1c)'),(14,10871,'2015-04-03 17:17:57','\\u5728\\u4e00\\u8d77(\\u6b27\\u8c6a)'),(15,3010,'2015-04-03 17:17:57','Celebrate(UNIQ)'),(16,21462,'2015-04-03 17:45:01','\\u548f\\u6625style(\\u674e\\u65af\\u4e39\\u59ae)'),(17,503,'2015-04-03 17:45:01','\\u540e\\u4f1a\\u65e0\\u671f(\\u9093\\u7d2b\\u68cb)'),(18,17640,'2015-04-03 17:45:01','\\u77dc\\u6301(\\u59da\\u8d1d\\u5a1c)'),(19,10871,'2015-04-03 17:45:01','\\u5728\\u4e00\\u8d77(\\u6b27\\u8c6a)'),(20,3010,'2015-04-03 17:45:01','Celebrate(UNIQ)'),(21,21462,'2015-04-03 18:00:01','\\u548f\\u6625style(\\u674e\\u65af\\u4e39\\u59ae)'),(22,503,'2015-04-03 18:00:01','\\u540e\\u4f1a\\u65e0\\u671f(\\u9093\\u7d2b\\u68cb)'),(23,17640,'2015-04-03 18:00:01','\\u77dc\\u6301(\\u59da\\u8d1d\\u5a1c)'),(24,10871,'2015-04-03 18:00:01','\\u5728\\u4e00\\u8d77(\\u6b27\\u8c6a)'),(25,3010,'2015-04-03 18:00:01','Celebrate(UNIQ)'),(26,21462,'2015-04-03 18:15:01','\\u548f\\u6625style(\\u674e\\u65af\\u4e39\\u59ae)'),(27,503,'2015-04-03 18:15:01','\\u540e\\u4f1a\\u65e0\\u671f(\\u9093\\u7d2b\\u68cb)'),(28,17640,'2015-04-03 18:15:01','\\u77dc\\u6301(\\u59da\\u8d1d\\u5a1c)'),(29,10871,'2015-04-03 18:15:01','\\u5728\\u4e00\\u8d77(\\u6b27\\u8c6a)'),(30,3010,'2015-04-03 18:15:01','Celebrate(UNIQ)'),(31,21462,'2015-04-03 18:30:01','\\u548f\\u6625style(\\u674e\\u65af\\u4e39\\u59ae)'),(32,503,'2015-04-03 18:30:01','\\u540e\\u4f1a\\u65e0\\u671f(\\u9093\\u7d2b\\u68cb)'),(33,17640,'2015-04-03 18:30:01','\\u77dc\\u6301(\\u59da\\u8d1d\\u5a1c)'),(34,10881,'2015-04-03 18:30:01','\\u5728\\u4e00\\u8d77(\\u6b27\\u8c6a)'),(35,3010,'2015-04-03 18:30:01','Celebrate(UNIQ)'),(36,21462,'2015-04-03 18:45:01','\\u548f\\u6625style(\\u674e\\u65af\\u4e39\\u59ae)'),(37,503,'2015-04-03 18:45:01','\\u540e\\u4f1a\\u65e0\\u671f(\\u9093\\u7d2b\\u68cb)'),(38,17640,'2015-04-03 18:45:01','\\u77dc\\u6301(\\u59da\\u8d1d\\u5a1c)'),(39,10881,'2015-04-03 18:45:01','\\u5728\\u4e00\\u8d77(\\u6b27\\u8c6a)'),(40,3010,'2015-04-03 18:45:01','Celebrate(UNIQ)'),(41,21462,'2015-04-03 19:00:01','\\u548f\\u6625style(\\u674e\\u65af\\u4e39\\u59ae)'),(42,503,'2015-04-03 19:00:01','\\u540e\\u4f1a\\u65e0\\u671f(\\u9093\\u7d2b\\u68cb)'),(43,17640,'2015-04-03 19:00:01','\\u77dc\\u6301(\\u59da\\u8d1d\\u5a1c)'),(44,10891,'2015-04-03 19:00:01','\\u5728\\u4e00\\u8d77(\\u6b27\\u8c6a)'),(45,3010,'2015-04-03 19:00:01','Celebrate(UNIQ)'),(46,21462,'2015-04-03 19:15:01','\\u548f\\u6625style(\\u674e\\u65af\\u4e39\\u59ae)'),(47,503,'2015-04-03 19:15:01','\\u540e\\u4f1a\\u65e0\\u671f(\\u9093\\u7d2b\\u68cb)'),(48,17640,'2015-04-03 19:15:01','\\u77dc\\u6301(\\u59da\\u8d1d\\u5a1c)'),(49,10891,'2015-04-03 19:15:01','\\u5728\\u4e00\\u8d77(\\u6b27\\u8c6a)'),(50,3010,'2015-04-03 19:15:01','Celebrate(UNIQ)'),(51,21462,'2015-04-03 19:30:02','\\u548f\\u6625style(\\u674e\\u65af\\u4e39\\u59ae)'),(52,503,'2015-04-03 19:30:02','\\u540e\\u4f1a\\u65e0\\u671f(\\u9093\\u7d2b\\u68cb)'),(53,17640,'2015-04-03 19:30:02','\\u77dc\\u6301(\\u59da\\u8d1d\\u5a1c)'),(54,10891,'2015-04-03 19:30:02','\\u5728\\u4e00\\u8d77(\\u6b27\\u8c6a)'),(55,3010,'2015-04-03 19:30:02','Celebrate(UNIQ)'),(56,21462,'2015-04-03 19:45:01','\\u548f\\u6625style(\\u674e\\u65af\\u4e39\\u59ae)'),(57,503,'2015-04-03 19:45:01','\\u540e\\u4f1a\\u65e0\\u671f(\\u9093\\u7d2b\\u68cb)'),(58,17640,'2015-04-03 19:45:01','\\u77dc\\u6301(\\u59da\\u8d1d\\u5a1c)'),(59,10891,'2015-04-03 19:45:01','\\u5728\\u4e00\\u8d77(\\u6b27\\u8c6a)'),(60,3010,'2015-04-03 19:45:01','Celebrate(UNIQ)'),(61,21462,'2015-04-03 20:00:01','\\u548f\\u6625style(\\u674e\\u65af\\u4e39\\u59ae)'),(62,503,'2015-04-03 20:00:01','\\u540e\\u4f1a\\u65e0\\u671f(\\u9093\\u7d2b\\u68cb)'),(63,17640,'2015-04-03 20:00:01','\\u77dc\\u6301(\\u59da\\u8d1d\\u5a1c)'),(64,10891,'2015-04-03 20:00:01','\\u5728\\u4e00\\u8d77(\\u6b27\\u8c6a)'),(65,3010,'2015-04-03 20:00:01','Celebrate(UNIQ)'),(66,21462,'2015-04-03 20:15:01','\\u548f\\u6625style(\\u674e\\u65af\\u4e39\\u59ae)'),(67,503,'2015-04-03 20:15:01','\\u540e\\u4f1a\\u65e0\\u671f(\\u9093\\u7d2b\\u68cb)'),(68,17650,'2015-04-03 20:15:01','\\u77dc\\u6301(\\u59da\\u8d1d\\u5a1c)'),(69,10891,'2015-04-03 20:15:01','\\u5728\\u4e00\\u8d77(\\u6b27\\u8c6a)'),(70,3010,'2015-04-03 20:15:01','Celebrate(UNIQ)'),(71,21462,'2015-04-03 20:30:01','\\u548f\\u6625style(\\u674e\\u65af\\u4e39\\u59ae)'),(72,503,'2015-04-03 20:30:01','\\u540e\\u4f1a\\u65e0\\u671f(\\u9093\\u7d2b\\u68cb)'),(73,17650,'2015-04-03 20:30:01','\\u77dc\\u6301(\\u59da\\u8d1d\\u5a1c)'),(74,10891,'2015-04-03 20:30:01','\\u5728\\u4e00\\u8d77(\\u6b27\\u8c6a)'),(75,3010,'2015-04-03 20:30:01','Celebrate(UNIQ)'),(76,21462,'2015-04-03 20:45:01','\\u548f\\u6625style(\\u674e\\u65af\\u4e39\\u59ae)'),(77,503,'2015-04-03 20:45:01','\\u540e\\u4f1a\\u65e0\\u671f(\\u9093\\u7d2b\\u68cb)'),(78,17650,'2015-04-03 20:45:01','\\u77dc\\u6301(\\u59da\\u8d1d\\u5a1c)'),(79,10891,'2015-04-03 20:45:01','\\u5728\\u4e00\\u8d77(\\u6b27\\u8c6a)'),(80,3010,'2015-04-03 20:45:01','Celebrate(UNIQ)'),(81,21462,'2015-04-03 21:00:02','\\u548f\\u6625style(\\u674e\\u65af\\u4e39\\u59ae)'),(82,503,'2015-04-03 21:00:02','\\u540e\\u4f1a\\u65e0\\u671f(\\u9093\\u7d2b\\u68cb)'),(83,17650,'2015-04-03 21:00:02','\\u77dc\\u6301(\\u59da\\u8d1d\\u5a1c)'),(84,10891,'2015-04-03 21:00:02','\\u5728\\u4e00\\u8d77(\\u6b27\\u8c6a)'),(85,3010,'2015-04-03 21:00:02','Celebrate(UNIQ)'),(86,21462,'2015-04-03 21:15:01','\\u548f\\u6625style(\\u674e\\u65af\\u4e39\\u59ae)'),(87,503,'2015-04-03 21:15:01','\\u540e\\u4f1a\\u65e0\\u671f(\\u9093\\u7d2b\\u68cb)'),(88,17650,'2015-04-03 21:15:01','\\u77dc\\u6301(\\u59da\\u8d1d\\u5a1c)'),(89,10891,'2015-04-03 21:15:01','\\u5728\\u4e00\\u8d77(\\u6b27\\u8c6a)'),(90,3010,'2015-04-03 21:15:01','Celebrate(UNIQ)'),(91,21462,'2015-04-03 21:30:01','\\u548f\\u6625style(\\u674e\\u65af\\u4e39\\u59ae)'),(92,503,'2015-04-03 21:30:01','\\u540e\\u4f1a\\u65e0\\u671f(\\u9093\\u7d2b\\u68cb)'),(93,17650,'2015-04-03 21:30:01','\\u77dc\\u6301(\\u59da\\u8d1d\\u5a1c)'),(94,10891,'2015-04-03 21:30:01','\\u5728\\u4e00\\u8d77(\\u6b27\\u8c6a)'),(95,3010,'2015-04-03 21:30:01','Celebrate(UNIQ)'),(96,21462,'2015-04-03 21:45:02','\\u548f\\u6625style(\\u674e\\u65af\\u4e39\\u59ae)'),(97,503,'2015-04-03 21:45:02','\\u540e\\u4f1a\\u65e0\\u671f(\\u9093\\u7d2b\\u68cb)'),(98,17650,'2015-04-03 21:45:02','\\u77dc\\u6301(\\u59da\\u8d1d\\u5a1c)'),(99,10891,'2015-04-03 21:45:02','\\u5728\\u4e00\\u8d77(\\u6b27\\u8c6a)'),(100,3010,'2015-04-03 21:45:02','Celebrate(UNIQ)'),(101,21462,'2015-04-03 22:00:02','\\u548f\\u6625style(\\u674e\\u65af\\u4e39\\u59ae)'),(102,503,'2015-04-03 22:00:02','\\u540e\\u4f1a\\u65e0\\u671f(\\u9093\\u7d2b\\u68cb)'),(103,17650,'2015-04-03 22:00:02','\\u77dc\\u6301(\\u59da\\u8d1d\\u5a1c)'),(104,10891,'2015-04-03 22:00:02','\\u5728\\u4e00\\u8d77(\\u6b27\\u8c6a)'),(105,3010,'2015-04-03 22:00:02','Celebrate(UNIQ)'),(106,21462,'2015-04-03 22:15:01','\\u548f\\u6625style(\\u674e\\u65af\\u4e39\\u59ae)'),(107,503,'2015-04-03 22:15:01','\\u540e\\u4f1a\\u65e0\\u671f(\\u9093\\u7d2b\\u68cb)'),(108,17650,'2015-04-03 22:15:01','\\u77dc\\u6301(\\u59da\\u8d1d\\u5a1c)'),(109,10891,'2015-04-03 22:15:01','\\u5728\\u4e00\\u8d77(\\u6b27\\u8c6a)'),(110,3010,'2015-04-03 22:15:01','Celebrate(UNIQ)'),(111,21462,'2015-04-03 22:30:02','\\u548f\\u6625style(\\u674e\\u65af\\u4e39\\u59ae)'),(112,503,'2015-04-03 22:30:02','\\u540e\\u4f1a\\u65e0\\u671f(\\u9093\\u7d2b\\u68cb)'),(113,17650,'2015-04-03 22:30:02','\\u77dc\\u6301(\\u59da\\u8d1d\\u5a1c)'),(114,10891,'2015-04-03 22:30:02','\\u5728\\u4e00\\u8d77(\\u6b27\\u8c6a)'),(115,3010,'2015-04-03 22:30:02','Celebrate(UNIQ)'),(116,21462,'2015-04-03 22:45:02','\\u548f\\u6625style(\\u674e\\u65af\\u4e39\\u59ae)'),(117,503,'2015-04-03 22:45:02','\\u540e\\u4f1a\\u65e0\\u671f(\\u9093\\u7d2b\\u68cb)'),(118,17650,'2015-04-03 22:45:02','\\u77dc\\u6301(\\u59da\\u8d1d\\u5a1c)'),(119,10891,'2015-04-03 22:45:02','\\u5728\\u4e00\\u8d77(\\u6b27\\u8c6a)'),(120,3010,'2015-04-03 22:45:02','Celebrate(UNIQ)'),(121,21462,'2015-04-03 23:00:01','\\u548f\\u6625style(\\u674e\\u65af\\u4e39\\u59ae)'),(122,503,'2015-04-03 23:00:01','\\u540e\\u4f1a\\u65e0\\u671f(\\u9093\\u7d2b\\u68cb)'),(123,17650,'2015-04-03 23:00:01','\\u77dc\\u6301(\\u59da\\u8d1d\\u5a1c)'),(124,10891,'2015-04-03 23:00:01','\\u5728\\u4e00\\u8d77(\\u6b27\\u8c6a)'),(125,3010,'2015-04-03 23:00:01','Celebrate(UNIQ)'),(126,21462,'2015-04-03 23:15:01','\\u548f\\u6625style(\\u674e\\u65af\\u4e39\\u59ae)'),(127,503,'2015-04-03 23:15:01','\\u540e\\u4f1a\\u65e0\\u671f(\\u9093\\u7d2b\\u68cb)'),(128,17650,'2015-04-03 23:15:01','\\u77dc\\u6301(\\u59da\\u8d1d\\u5a1c)'),(129,10891,'2015-04-03 23:15:01','\\u5728\\u4e00\\u8d77(\\u6b27\\u8c6a)'),(130,3010,'2015-04-03 23:15:01','Celebrate(UNIQ)'),(131,21462,'2015-04-03 23:30:01','\\u548f\\u6625style(\\u674e\\u65af\\u4e39\\u59ae)'),(132,503,'2015-04-03 23:30:01','\\u540e\\u4f1a\\u65e0\\u671f(\\u9093\\u7d2b\\u68cb)'),(133,17650,'2015-04-03 23:30:01','\\u77dc\\u6301(\\u59da\\u8d1d\\u5a1c)'),(134,10891,'2015-04-03 23:30:01','\\u5728\\u4e00\\u8d77(\\u6b27\\u8c6a)'),(135,3010,'2015-04-03 23:30:01','Celebrate(UNIQ)'),(136,21462,'2015-04-03 23:45:02','\\u548f\\u6625style(\\u674e\\u65af\\u4e39\\u59ae)'),(137,503,'2015-04-03 23:45:02','\\u540e\\u4f1a\\u65e0\\u671f(\\u9093\\u7d2b\\u68cb)'),(138,17650,'2015-04-03 23:45:02','\\u77dc\\u6301(\\u59da\\u8d1d\\u5a1c)'),(139,10891,'2015-04-03 23:45:02','\\u5728\\u4e00\\u8d77(\\u6b27\\u8c6a)'),(140,3010,'2015-04-03 23:45:02','Celebrate(UNIQ)'),(141,21462,'2015-04-04 00:00:02','\\u548f\\u6625style(\\u674e\\u65af\\u4e39\\u59ae)'),(142,503,'2015-04-04 00:00:02','\\u540e\\u4f1a\\u65e0\\u671f(\\u9093\\u7d2b\\u68cb)'),(143,17650,'2015-04-04 00:00:02','\\u77dc\\u6301(\\u59da\\u8d1d\\u5a1c)'),(144,10891,'2015-04-04 00:00:02','\\u5728\\u4e00\\u8d77(\\u6b27\\u8c6a)'),(145,3010,'2015-04-04 00:00:02','Celebrate(UNIQ)'),(146,21462,'2015-04-04 00:15:02','\\u548f\\u6625style(\\u674e\\u65af\\u4e39\\u59ae)'),(147,503,'2015-04-04 00:15:02','\\u540e\\u4f1a\\u65e0\\u671f(\\u9093\\u7d2b\\u68cb)'),(148,17660,'2015-04-04 00:15:02','\\u77dc\\u6301(\\u59da\\u8d1d\\u5a1c)'),(149,10911,'2015-04-04 00:15:02','\\u5728\\u4e00\\u8d77(\\u6b27\\u8c6a)'),(150,3010,'2015-04-04 00:15:02','Celebrate(UNIQ)'),(151,21462,'2015-04-04 00:30:02','\\u548f\\u6625style(\\u674e\\u65af\\u4e39\\u59ae)'),(152,503,'2015-04-04 00:30:02','\\u540e\\u4f1a\\u65e0\\u671f(\\u9093\\u7d2b\\u68cb)'),(153,17680,'2015-04-04 00:30:02','\\u77dc\\u6301(\\u59da\\u8d1d\\u5a1c)'),(154,10911,'2015-04-04 00:30:02','\\u5728\\u4e00\\u8d77(\\u6b27\\u8c6a)'),(155,3010,'2015-04-04 00:30:02','Celebrate(UNIQ)'),(156,21462,'2015-04-04 00:45:01','\\u548f\\u6625style(\\u674e\\u65af\\u4e39\\u59ae)'),(157,503,'2015-04-04 00:45:01','\\u540e\\u4f1a\\u65e0\\u671f(\\u9093\\u7d2b\\u68cb)'),(158,17690,'2015-04-04 00:45:01','\\u77dc\\u6301(\\u59da\\u8d1d\\u5a1c)'),(159,10911,'2015-04-04 00:45:01','\\u5728\\u4e00\\u8d77(\\u6b27\\u8c6a)'),(160,3010,'2015-04-04 00:45:01','Celebrate(UNIQ)'),(161,21462,'2015-04-04 01:00:02','\\u548f\\u6625style(\\u674e\\u65af\\u4e39\\u59ae)'),(162,503,'2015-04-04 01:00:02','\\u540e\\u4f1a\\u65e0\\u671f(\\u9093\\u7d2b\\u68cb)'),(163,17710,'2015-04-04 01:00:02','\\u77dc\\u6301(\\u59da\\u8d1d\\u5a1c)'),(164,10921,'2015-04-04 01:00:02','\\u5728\\u4e00\\u8d77(\\u6b27\\u8c6a)'),(165,3010,'2015-04-04 01:00:02','Celebrate(UNIQ)'),(166,21462,'2015-04-04 01:15:02','\\u548f\\u6625style(\\u674e\\u65af\\u4e39\\u59ae)'),(167,503,'2015-04-04 01:15:02','\\u540e\\u4f1a\\u65e0\\u671f(\\u9093\\u7d2b\\u68cb)'),(168,17730,'2015-04-04 01:15:02','\\u77dc\\u6301(\\u59da\\u8d1d\\u5a1c)'),(169,10931,'2015-04-04 01:15:02','\\u5728\\u4e00\\u8d77(\\u6b27\\u8c6a)'),(170,3010,'2015-04-04 01:15:02','Celebrate(UNIQ)'),(171,21462,'2015-04-04 01:30:01','\\u548f\\u6625style(\\u674e\\u65af\\u4e39\\u59ae)'),(172,503,'2015-04-04 01:30:01','\\u540e\\u4f1a\\u65e0\\u671f(\\u9093\\u7d2b\\u68cb)'),(173,17730,'2015-04-04 01:30:01','\\u77dc\\u6301(\\u59da\\u8d1d\\u5a1c)'),(174,10931,'2015-04-04 01:30:01','\\u5728\\u4e00\\u8d77(\\u6b27\\u8c6a)'),(175,3010,'2015-04-04 01:30:01','Celebrate(UNIQ)'),(176,21462,'2015-04-04 01:45:01','\\u548f\\u6625style(\\u674e\\u65af\\u4e39\\u59ae)'),(177,503,'2015-04-04 01:45:01','\\u540e\\u4f1a\\u65e0\\u671f(\\u9093\\u7d2b\\u68cb)'),(178,17730,'2015-04-04 01:45:01','\\u77dc\\u6301(\\u59da\\u8d1d\\u5a1c)'),(179,10941,'2015-04-04 01:45:01','\\u5728\\u4e00\\u8d77(\\u6b27\\u8c6a)'),(180,3010,'2015-04-04 01:45:01','Celebrate(UNIQ)'),(181,21462,'2015-04-04 02:00:02','\\u548f\\u6625style(\\u674e\\u65af\\u4e39\\u59ae)'),(182,503,'2015-04-04 02:00:02','\\u540e\\u4f1a\\u65e0\\u671f(\\u9093\\u7d2b\\u68cb)'),(183,17750,'2015-04-04 02:00:02','\\u77dc\\u6301(\\u59da\\u8d1d\\u5a1c)'),(184,10941,'2015-04-04 02:00:02','\\u5728\\u4e00\\u8d77(\\u6b27\\u8c6a)'),(185,3020,'2015-04-04 02:00:02','Celebrate(UNIQ)'),(186,21462,'2015-04-04 02:15:01','\\u548f\\u6625style(\\u674e\\u65af\\u4e39\\u59ae)'),(187,503,'2015-04-04 02:15:01','\\u540e\\u4f1a\\u65e0\\u671f(\\u9093\\u7d2b\\u68cb)'),(188,17770,'2015-04-04 02:15:01','\\u77dc\\u6301(\\u59da\\u8d1d\\u5a1c)'),(189,10941,'2015-04-04 02:15:01','\\u5728\\u4e00\\u8d77(\\u6b27\\u8c6a)'),(190,3020,'2015-04-04 02:15:01','Celebrate(UNIQ)'),(191,21462,'2015-04-04 02:30:02','\\u548f\\u6625style(\\u674e\\u65af\\u4e39\\u59ae)'),(192,503,'2015-04-04 02:30:02','\\u540e\\u4f1a\\u65e0\\u671f(\\u9093\\u7d2b\\u68cb)'),(193,17780,'2015-04-04 02:30:02','\\u77dc\\u6301(\\u59da\\u8d1d\\u5a1c)'),(194,10941,'2015-04-04 02:30:02','\\u5728\\u4e00\\u8d77(\\u6b27\\u8c6a)'),(195,3020,'2015-04-04 02:30:02','Celebrate(UNIQ)'),(196,21470,'2015-04-04 02:45:01','\\u548f\\u6625style(\\u674e\\u65af\\u4e39\\u59ae)'),(197,503,'2015-04-04 02:45:01','\\u540e\\u4f1a\\u65e0\\u671f(\\u9093\\u7d2b\\u68cb)'),(198,17780,'2015-04-04 02:45:01','\\u77dc\\u6301(\\u59da\\u8d1d\\u5a1c)'),(199,10941,'2015-04-04 02:45:01','\\u5728\\u4e00\\u8d77(\\u6b27\\u8c6a)'),(200,3020,'2015-04-04 02:45:01','Celebrate(UNIQ)'),(201,21480,'2015-04-04 03:00:02','\\u548f\\u6625style(\\u674e\\u65af\\u4e39\\u59ae)'),(202,503,'2015-04-04 03:00:02','\\u540e\\u4f1a\\u65e0\\u671f(\\u9093\\u7d2b\\u68cb)'),(203,17790,'2015-04-04 03:00:02','\\u77dc\\u6301(\\u59da\\u8d1d\\u5a1c)'),(204,10941,'2015-04-04 03:00:02','\\u5728\\u4e00\\u8d77(\\u6b27\\u8c6a)'),(205,3020,'2015-04-04 03:00:02','Celebrate(UNIQ)'),(206,21560,'2015-04-04 03:15:01','\\u548f\\u6625style(\\u674e\\u65af\\u4e39\\u59ae)'),(207,503,'2015-04-04 03:15:01','\\u540e\\u4f1a\\u65e0\\u671f(\\u9093\\u7d2b\\u68cb)'),(208,17810,'2015-04-04 03:15:01','\\u77dc\\u6301(\\u59da\\u8d1d\\u5a1c)'),(209,10961,'2015-04-04 03:15:01','\\u5728\\u4e00\\u8d77(\\u6b27\\u8c6a)'),(210,3020,'2015-04-04 03:15:01','Celebrate(UNIQ)'),(211,21660,'2015-04-04 03:30:01','\\u548f\\u6625style(\\u674e\\u65af\\u4e39\\u59ae)'),(212,503,'2015-04-04 03:30:01','\\u540e\\u4f1a\\u65e0\\u671f(\\u9093\\u7d2b\\u68cb)'),(213,17840,'2015-04-04 03:30:01','\\u77dc\\u6301(\\u59da\\u8d1d\\u5a1c)'),(214,10991,'2015-04-04 03:30:01','\\u5728\\u4e00\\u8d77(\\u6b27\\u8c6a)'),(215,3020,'2015-04-04 03:30:01','Celebrate(UNIQ)'),(216,21670,'2015-04-04 03:45:02','\\u548f\\u6625style(\\u674e\\u65af\\u4e39\\u59ae)'),(217,503,'2015-04-04 03:45:02','\\u540e\\u4f1a\\u65e0\\u671f(\\u9093\\u7d2b\\u68cb)'),(218,17860,'2015-04-04 03:45:02','\\u77dc\\u6301(\\u59da\\u8d1d\\u5a1c)'),(219,11010,'2015-04-04 03:45:02','\\u5728\\u4e00\\u8d77(\\u6b27\\u8c6a)'),(220,3030,'2015-04-04 03:45:02','Celebrate(UNIQ)'),(221,21670,'2015-04-04 04:00:02','\\u548f\\u6625style(\\u674e\\u65af\\u4e39\\u59ae)'),(222,503,'2015-04-04 04:00:02','\\u540e\\u4f1a\\u65e0\\u671f(\\u9093\\u7d2b\\u68cb)'),(223,17870,'2015-04-04 04:00:02','\\u77dc\\u6301(\\u59da\\u8d1d\\u5a1c)'),(224,11040,'2015-04-04 04:00:02','\\u5728\\u4e00\\u8d77(\\u6b27\\u8c6a)'),(225,3060,'2015-04-04 04:00:02','Celebrate(UNIQ)'),(226,8808,'2015-03-30 17:00:00','\\u77dc\\u6301(\\u59da\\u8d1d\\u5a1c)'),(227,11683,'2015-03-31 17:00:00','\\u77dc\\u6301(\\u59da\\u8d1d\\u5a1c)'),(228,12154,'2015-04-01 04:00:00','\\u77dc\\u6301(\\u59da\\u8d1d\\u5a1c)'),(229,21670,'2015-04-04 04:15:01','\\u548f\\u6625style(\\u674e\\u65af\\u4e39\\u59ae)'),(230,503,'2015-04-04 04:15:01','\\u540e\\u4f1a\\u65e0\\u671f(\\u9093\\u7d2b\\u68cb)'),(231,17900,'2015-04-04 04:15:01','\\u77dc\\u6301(\\u59da\\u8d1d\\u5a1c)'),(232,11040,'2015-04-04 04:15:01','\\u5728\\u4e00\\u8d77(\\u6b27\\u8c6a)'),(233,3060,'2015-04-04 04:15:01','Celebrate(UNIQ)'),(234,12614,'2015-04-01 10:00:00','\\u77dc\\u6301(\\u59da\\u8d1d\\u5a1c)'),(235,13935,'2015-04-01 17:00:00','\\u77dc\\u6301(\\u59da\\u8d1d\\u5a1c)'),(236,14175,'2015-04-02 01:00:00','\\u77dc\\u6301(\\u59da\\u8d1d\\u5a1c)'),(237,14358,'2015-04-02 04:00:00','\\u77dc\\u6301(\\u59da\\u8d1d\\u5a1c)'),(238,14388,'2015-04-02 07:30:00','\\u77dc\\u6301(\\u59da\\u8d1d\\u5a1c)'),(239,16319,'2015-04-02 18:00:00','\\u77dc\\u6301(\\u59da\\u8d1d\\u5a1c)'),(240,16369,'2015-04-03 01:00:00','\\u77dc\\u6301(\\u59da\\u8d1d\\u5a1c)'),(241,16439,'2015-04-03 04:00:00','\\u77dc\\u6301(\\u59da\\u8d1d\\u5a1c)'),(242,16570,'2015-04-03 10:00:00','\\u77dc\\u6301(\\u59da\\u8d1d\\u5a1c)'),(243,17280,'2015-04-03 13:35:00','\\u77dc\\u6301(\\u59da\\u8d1d\\u5a1c)'),(244,17500,'2015-04-03 14:40:00','\\u77dc\\u6301(\\u59da\\u8d1d\\u5a1c)'),(245,17540,'2015-04-03 15:40:00','\\u77dc\\u6301(\\u59da\\u8d1d\\u5a1c)'),(246,9500,'2015-03-30 17:00:00','\\u548f\\u6625style(\\u674e\\u65af\\u4e39\\u59ae)'),(247,13350,'2015-03-31 17:00:00','\\u548f\\u6625style(\\u674e\\u65af\\u4e39\\u59ae)'),(248,13470,'2015-04-01 04:00:00','\\u548f\\u6625style(\\u674e\\u65af\\u4e39\\u59ae)'),(249,14260,'2015-04-01 10:00:00','\\u548f\\u6625style(\\u674e\\u65af\\u4e39\\u59ae)'),(250,16140,'2015-04-01 17:00:00','\\u548f\\u6625style(\\u674e\\u65af\\u4e39\\u59ae)'),(251,16140,'2015-04-02 01:00:00','\\u548f\\u6625style(\\u674e\\u65af\\u4e39\\u59ae)'),(252,16220,'2015-04-02 04:00:00','\\u548f\\u6625style(\\u674e\\u65af\\u4e39\\u59ae)'),(253,16470,'2015-04-02 07:30:00','\\u548f\\u6625style(\\u674e\\u65af\\u4e39\\u59ae)'),(254,19252,'2015-04-02 18:00:00','\\u548f\\u6625style(\\u674e\\u65af\\u4e39\\u59ae)'),(255,21670,'2015-04-04 04:30:01','\\u548f\\u6625style(\\u674e\\u65af\\u4e39\\u59ae)'),(256,503,'2015-04-04 04:30:01','\\u540e\\u4f1a\\u65e0\\u671f(\\u9093\\u7d2b\\u68cb)'),(257,17940,'2015-04-04 04:30:01','\\u77dc\\u6301(\\u59da\\u8d1d\\u5a1c)'),(258,11045,'2015-04-04 04:30:01','\\u5728\\u4e00\\u8d77(\\u6b27\\u8c6a)'),(259,3060,'2015-04-04 04:30:01','Celebrate(UNIQ)'),(260,19252,'2015-04-03 01:00:00','\\u548f\\u6625style(\\u674e\\u65af\\u4e39\\u59ae)'),(261,19382,'2015-04-03 04:00:00','\\u548f\\u6625style(\\u674e\\u65af\\u4e39\\u59ae)'),(262,19482,'2015-04-03 10:00:00','\\u548f\\u6625style(\\u674e\\u65af\\u4e39\\u59ae)'),(263,19812,'2015-04-03 13:35:00','\\u548f\\u6625style(\\u674e\\u65af\\u4e39\\u59ae)'),(264,20212,'2015-04-03 14:40:00','\\u548f\\u6625style(\\u674e\\u65af\\u4e39\\u59ae)'),(265,20932,'2015-04-03 15:40:00','\\u548f\\u6625style(\\u674e\\u65af\\u4e39\\u59ae)'),(267,21670,'2015-04-04 04:45:02','\\u548f\\u6625style(\\u674e\\u65af\\u4e39\\u59ae)'),(268,503,'2015-04-04 04:45:02','\\u540e\\u4f1a\\u65e0\\u671f(\\u9093\\u7d2b\\u68cb)'),(269,17940,'2015-04-04 04:45:02','\\u77dc\\u6301(\\u59da\\u8d1d\\u5a1c)'),(270,11055,'2015-04-04 04:45:02','\\u5728\\u4e00\\u8d77(\\u6b27\\u8c6a)'),(271,3060,'2015-04-04 04:45:02','Celebrate(UNIQ)'),(272,21690,'2015-04-04 05:00:01','\\u548f\\u6625style(\\u674e\\u65af\\u4e39\\u59ae)'),(273,503,'2015-04-04 05:00:01','\\u540e\\u4f1a\\u65e0\\u671f(\\u9093\\u7d2b\\u68cb)'),(274,17970,'2015-04-04 05:00:01','\\u77dc\\u6301(\\u59da\\u8d1d\\u5a1c)'),(275,11055,'2015-04-04 05:00:01','\\u5728\\u4e00\\u8d77(\\u6b27\\u8c6a)'),(276,3070,'2015-04-04 05:00:01','Celebrate(UNIQ)'),(277,21690,'2015-04-04 05:15:01','\\u548f\\u6625style(\\u674e\\u65af\\u4e39\\u59ae)'),(278,503,'2015-04-04 05:15:01','\\u540e\\u4f1a\\u65e0\\u671f(\\u9093\\u7d2b\\u68cb)'),(279,18000,'2015-04-04 05:15:01','\\u77dc\\u6301(\\u59da\\u8d1d\\u5a1c)'),(280,11055,'2015-04-04 05:15:01','\\u5728\\u4e00\\u8d77(\\u6b27\\u8c6a)'),(281,3070,'2015-04-04 05:15:01','Celebrate(UNIQ)'),(282,21690,'2015-04-04 05:30:01','\\u548f\\u6625style(\\u674e\\u65af\\u4e39\\u59ae)'),(283,503,'2015-04-04 05:30:01','\\u540e\\u4f1a\\u65e0\\u671f(\\u9093\\u7d2b\\u68cb)'),(284,18020,'2015-04-04 05:30:01','\\u77dc\\u6301(\\u59da\\u8d1d\\u5a1c)'),(285,11065,'2015-04-04 05:30:01','\\u5728\\u4e00\\u8d77(\\u6b27\\u8c6a)'),(286,3070,'2015-04-04 05:30:01','Celebrate(UNIQ)'),(287,21690,'2015-04-04 05:45:01','\\u548f\\u6625style(\\u674e\\u65af\\u4e39\\u59ae)'),(288,503,'2015-04-04 05:45:01','\\u540e\\u4f1a\\u65e0\\u671f(\\u9093\\u7d2b\\u68cb)'),(289,18030,'2015-04-04 05:45:01','\\u77dc\\u6301(\\u59da\\u8d1d\\u5a1c)'),(290,11065,'2015-04-04 05:45:01','\\u5728\\u4e00\\u8d77(\\u6b27\\u8c6a)'),(291,3080,'2015-04-04 05:45:01','Celebrate(UNIQ)'),(292,21690,'2015-04-04 06:00:02','\\u548f\\u6625style(\\u674e\\u65af\\u4e39\\u59ae)'),(293,503,'2015-04-04 06:00:02','\\u540e\\u4f1a\\u65e0\\u671f(\\u9093\\u7d2b\\u68cb)'),(294,18050,'2015-04-04 06:00:02','\\u77dc\\u6301(\\u59da\\u8d1d\\u5a1c)'),(295,11065,'2015-04-04 06:00:02','\\u5728\\u4e00\\u8d77(\\u6b27\\u8c6a)'),(296,3090,'2015-04-04 06:00:02','Celebrate(UNIQ)'),(297,21690,'2015-04-04 06:15:01','\\u548f\\u6625style(\\u674e\\u65af\\u4e39\\u59ae)'),(298,503,'2015-04-04 06:15:01','\\u540e\\u4f1a\\u65e0\\u671f(\\u9093\\u7d2b\\u68cb)'),(299,18060,'2015-04-04 06:15:01','\\u77dc\\u6301(\\u59da\\u8d1d\\u5a1c)'),(300,11077,'2015-04-04 06:15:01','\\u5728\\u4e00\\u8d77(\\u6b27\\u8c6a)'),(301,3090,'2015-04-04 06:15:01','Celebrate(UNIQ)'),(302,21690,'2015-04-04 06:30:01','\\u548f\\u6625style(\\u674e\\u65af\\u4e39\\u59ae)'),(303,503,'2015-04-04 06:30:01','\\u540e\\u4f1a\\u65e0\\u671f(\\u9093\\u7d2b\\u68cb)'),(304,18060,'2015-04-04 06:30:01','\\u77dc\\u6301(\\u59da\\u8d1d\\u5a1c)'),(305,11095,'2015-04-04 06:30:01','\\u5728\\u4e00\\u8d77(\\u6b27\\u8c6a)'),(306,3090,'2015-04-04 06:30:01','Celebrate(UNIQ)'),(307,21710,'2015-04-04 06:45:02','\\u548f\\u6625style(\\u674e\\u65af\\u4e39\\u59ae)'),(308,503,'2015-04-04 06:45:02','\\u540e\\u4f1a\\u65e0\\u671f(\\u9093\\u7d2b\\u68cb)'),(309,18120,'2015-04-04 06:45:02','\\u77dc\\u6301(\\u59da\\u8d1d\\u5a1c)'),(310,11095,'2015-04-04 06:45:02','\\u5728\\u4e00\\u8d77(\\u6b27\\u8c6a)'),(311,3090,'2015-04-04 06:45:02','Celebrate(UNIQ)'),(312,21720,'2015-04-04 07:00:01','\\u548f\\u6625style(\\u674e\\u65af\\u4e39\\u59ae)'),(313,503,'2015-04-04 07:00:01','\\u540e\\u4f1a\\u65e0\\u671f(\\u9093\\u7d2b\\u68cb)'),(314,18200,'2015-04-04 07:00:01','\\u77dc\\u6301(\\u59da\\u8d1d\\u5a1c)'),(315,11095,'2015-04-04 07:00:01','\\u5728\\u4e00\\u8d77(\\u6b27\\u8c6a)'),(316,3090,'2015-04-04 07:00:01','Celebrate(UNIQ)'),(317,21720,'2015-04-04 07:15:02','\\u548f\\u6625style(\\u674e\\u65af\\u4e39\\u59ae)'),(318,503,'2015-04-04 07:15:02','\\u540e\\u4f1a\\u65e0\\u671f(\\u9093\\u7d2b\\u68cb)'),(319,18290,'2015-04-04 07:15:02','\\u77dc\\u6301(\\u59da\\u8d1d\\u5a1c)'),(320,11095,'2015-04-04 07:15:02','\\u5728\\u4e00\\u8d77(\\u6b27\\u8c6a)'),(321,3090,'2015-04-04 07:15:02','Celebrate(UNIQ)'),(322,21720,'2015-04-04 07:30:02','\\u548f\\u6625style(\\u674e\\u65af\\u4e39\\u59ae)'),(323,503,'2015-04-04 07:30:02','\\u540e\\u4f1a\\u65e0\\u671f(\\u9093\\u7d2b\\u68cb)'),(324,18390,'2015-04-04 07:30:02','\\u77dc\\u6301(\\u59da\\u8d1d\\u5a1c)'),(325,11095,'2015-04-04 07:30:02','\\u5728\\u4e00\\u8d77(\\u6b27\\u8c6a)'),(326,3090,'2015-04-04 07:30:02','Celebrate(UNIQ)'),(327,21730,'2015-04-04 07:45:01','\\u548f\\u6625style(\\u674e\\u65af\\u4e39\\u59ae)'),(328,503,'2015-04-04 07:45:01','\\u540e\\u4f1a\\u65e0\\u671f(\\u9093\\u7d2b\\u68cb)'),(329,18480,'2015-04-04 07:45:01','\\u77dc\\u6301(\\u59da\\u8d1d\\u5a1c)'),(330,11105,'2015-04-04 07:45:01','\\u5728\\u4e00\\u8d77(\\u6b27\\u8c6a)'),(331,3090,'2015-04-04 07:45:01','Celebrate(UNIQ)'),(332,21820,'2015-04-04 08:00:01','\\u548f\\u6625style(\\u674e\\u65af\\u4e39\\u59ae)'),(333,503,'2015-04-04 08:00:01','\\u540e\\u4f1a\\u65e0\\u671f(\\u9093\\u7d2b\\u68cb)'),(334,18530,'2015-04-04 08:00:01','\\u77dc\\u6301(\\u59da\\u8d1d\\u5a1c)'),(335,11105,'2015-04-04 08:00:01','\\u5728\\u4e00\\u8d77(\\u6b27\\u8c6a)'),(336,3090,'2015-04-04 08:00:01','Celebrate(UNIQ)'),(337,21900,'2015-04-04 08:15:01','\\u548f\\u6625style(\\u674e\\u65af\\u4e39\\u59ae)'),(338,503,'2015-04-04 08:15:01','\\u540e\\u4f1a\\u65e0\\u671f(\\u9093\\u7d2b\\u68cb)'),(339,18600,'2015-04-04 08:15:01','\\u77dc\\u6301(\\u59da\\u8d1d\\u5a1c)'),(340,11105,'2015-04-04 08:15:01','\\u5728\\u4e00\\u8d77(\\u6b27\\u8c6a)'),(341,3090,'2015-04-04 08:15:01','Celebrate(UNIQ)'),(342,22060,'2015-04-04 08:30:02','\\u548f\\u6625style(\\u674e\\u65af\\u4e39\\u59ae)'),(343,503,'2015-04-04 08:30:02','\\u540e\\u4f1a\\u65e0\\u671f(\\u9093\\u7d2b\\u68cb)'),(344,18660,'2015-04-04 08:30:02','\\u77dc\\u6301(\\u59da\\u8d1d\\u5a1c)'),(345,11105,'2015-04-04 08:30:02','\\u5728\\u4e00\\u8d77(\\u6b27\\u8c6a)'),(346,3110,'2015-04-04 08:30:02','Celebrate(UNIQ)'),(347,22160,'2015-04-04 08:45:01','\\u548f\\u6625style(\\u674e\\u65af\\u4e39\\u59ae)'),(348,503,'2015-04-04 08:45:01','\\u540e\\u4f1a\\u65e0\\u671f(\\u9093\\u7d2b\\u68cb)'),(349,18700,'2015-04-04 08:45:01','\\u77dc\\u6301(\\u59da\\u8d1d\\u5a1c)'),(350,11105,'2015-04-04 08:45:01','\\u5728\\u4e00\\u8d77(\\u6b27\\u8c6a)'),(351,3110,'2015-04-04 08:45:01','Celebrate(UNIQ)'),(352,22180,'2015-04-04 09:00:02','\\u548f\\u6625style(\\u674e\\u65af\\u4e39\\u59ae)'),(353,503,'2015-04-04 09:00:02','\\u540e\\u4f1a\\u65e0\\u671f(\\u9093\\u7d2b\\u68cb)'),(354,18720,'2015-04-04 09:00:02','\\u77dc\\u6301(\\u59da\\u8d1d\\u5a1c)'),(355,11105,'2015-04-04 09:00:02','\\u5728\\u4e00\\u8d77(\\u6b27\\u8c6a)'),(356,3110,'2015-04-04 09:00:02','Celebrate(UNIQ)'),(357,22182,'2015-04-04 09:15:02','\\u548f\\u6625style(\\u674e\\u65af\\u4e39\\u59ae)'),(358,503,'2015-04-04 09:15:02','\\u540e\\u4f1a\\u65e0\\u671f(\\u9093\\u7d2b\\u68cb)'),(359,18730,'2015-04-04 09:15:02','\\u77dc\\u6301(\\u59da\\u8d1d\\u5a1c)'),(360,11105,'2015-04-04 09:15:02','\\u5728\\u4e00\\u8d77(\\u6b27\\u8c6a)'),(361,3110,'2015-04-04 09:15:02','Celebrate(UNIQ)'),(362,22182,'2015-04-04 09:30:01','\\u548f\\u6625style(\\u674e\\u65af\\u4e39\\u59ae)'),(363,503,'2015-04-04 09:30:01','\\u540e\\u4f1a\\u65e0\\u671f(\\u9093\\u7d2b\\u68cb)'),(364,18730,'2015-04-04 09:30:01','\\u77dc\\u6301(\\u59da\\u8d1d\\u5a1c)'),(365,11105,'2015-04-04 09:30:01','\\u5728\\u4e00\\u8d77(\\u6b27\\u8c6a)'),(366,3110,'2015-04-04 09:30:01','Celebrate(UNIQ)'),(367,22222,'2015-04-04 09:45:01','\\u548f\\u6625style(\\u674e\\u65af\\u4e39\\u59ae)'),(368,503,'2015-04-04 09:45:01','\\u540e\\u4f1a\\u65e0\\u671f(\\u9093\\u7d2b\\u68cb)'),(369,18730,'2015-04-04 09:45:01','\\u77dc\\u6301(\\u59da\\u8d1d\\u5a1c)'),(370,11105,'2015-04-04 09:45:01','\\u5728\\u4e00\\u8d77(\\u6b27\\u8c6a)'),(371,3110,'2015-04-04 09:45:01','Celebrate(UNIQ)'),(372,22262,'2015-04-04 10:00:02','\\u548f\\u6625style(\\u674e\\u65af\\u4e39\\u59ae)'),(373,503,'2015-04-04 10:00:02','\\u540e\\u4f1a\\u65e0\\u671f(\\u9093\\u7d2b\\u68cb)'),(374,18740,'2015-04-04 10:00:02','\\u77dc\\u6301(\\u59da\\u8d1d\\u5a1c)'),(375,11105,'2015-04-04 10:00:02','\\u5728\\u4e00\\u8d77(\\u6b27\\u8c6a)'),(376,3110,'2015-04-04 10:00:02','Celebrate(UNIQ)'),(377,22262,'2015-04-04 10:15:01','\\u548f\\u6625style(\\u674e\\u65af\\u4e39\\u59ae)'),(378,503,'2015-04-04 10:15:01','\\u540e\\u4f1a\\u65e0\\u671f(\\u9093\\u7d2b\\u68cb)'),(379,18760,'2015-04-04 10:15:01','\\u77dc\\u6301(\\u59da\\u8d1d\\u5a1c)'),(380,11105,'2015-04-04 10:15:01','\\u5728\\u4e00\\u8d77(\\u6b27\\u8c6a)'),(381,3110,'2015-04-04 10:15:01','Celebrate(UNIQ)'),(382,22262,'2015-04-04 10:30:01','\\u548f\\u6625style(\\u674e\\u65af\\u4e39\\u59ae)'),(383,503,'2015-04-04 10:30:01','\\u540e\\u4f1a\\u65e0\\u671f(\\u9093\\u7d2b\\u68cb)'),(384,18800,'2015-04-04 10:30:01','\\u77dc\\u6301(\\u59da\\u8d1d\\u5a1c)'),(385,11105,'2015-04-04 10:30:01','\\u5728\\u4e00\\u8d77(\\u6b27\\u8c6a)'),(386,3111,'2015-04-04 10:30:01','Celebrate(UNIQ)'),(387,22262,'2015-04-04 10:45:02','\\u548f\\u6625style(\\u674e\\u65af\\u4e39\\u59ae)'),(388,503,'2015-04-04 10:45:02','\\u540e\\u4f1a\\u65e0\\u671f(\\u9093\\u7d2b\\u68cb)'),(389,18900,'2015-04-04 10:45:02','\\u77dc\\u6301(\\u59da\\u8d1d\\u5a1c)'),(390,11105,'2015-04-04 10:45:02','\\u5728\\u4e00\\u8d77(\\u6b27\\u8c6a)'),(391,3111,'2015-04-04 10:45:02','Celebrate(UNIQ)'),(392,22312,'2015-04-04 11:00:01','\\u548f\\u6625style(\\u674e\\u65af\\u4e39\\u59ae)'),(393,503,'2015-04-04 11:00:01','\\u540e\\u4f1a\\u65e0\\u671f(\\u9093\\u7d2b\\u68cb)'),(394,18979,'2015-04-04 11:00:01','\\u77dc\\u6301(\\u59da\\u8d1d\\u5a1c)'),(395,11105,'2015-04-04 11:00:01','\\u5728\\u4e00\\u8d77(\\u6b27\\u8c6a)'),(396,3111,'2015-04-04 11:00:01','Celebrate(UNIQ)'),(397,22312,'2015-04-04 11:15:01','\\u548f\\u6625style(\\u674e\\u65af\\u4e39\\u59ae)'),(398,503,'2015-04-04 11:15:01','\\u540e\\u4f1a\\u65e0\\u671f(\\u9093\\u7d2b\\u68cb)'),(399,19039,'2015-04-04 11:15:01','\\u77dc\\u6301(\\u59da\\u8d1d\\u5a1c)'),(400,11105,'2015-04-04 11:15:01','\\u5728\\u4e00\\u8d77(\\u6b27\\u8c6a)'),(401,3111,'2015-04-04 11:15:01','Celebrate(UNIQ)'),(402,22312,'2015-04-04 11:30:02','\\u548f\\u6625style(\\u674e\\u65af\\u4e39\\u59ae)'),(403,503,'2015-04-04 11:30:02','\\u540e\\u4f1a\\u65e0\\u671f(\\u9093\\u7d2b\\u68cb)'),(404,19069,'2015-04-04 11:30:02','\\u77dc\\u6301(\\u59da\\u8d1d\\u5a1c)'),(405,11105,'2015-04-04 11:30:02','\\u5728\\u4e00\\u8d77(\\u6b27\\u8c6a)'),(406,3111,'2015-04-04 11:30:02','Celebrate(UNIQ)'),(407,22312,'2015-04-04 11:45:01','\\u548f\\u6625style(\\u674e\\u65af\\u4e39\\u59ae)'),(408,503,'2015-04-04 11:45:01','\\u540e\\u4f1a\\u65e0\\u671f(\\u9093\\u7d2b\\u68cb)'),(409,19129,'2015-04-04 11:45:01','\\u77dc\\u6301(\\u59da\\u8d1d\\u5a1c)'),(410,11115,'2015-04-04 11:45:01','\\u5728\\u4e00\\u8d77(\\u6b27\\u8c6a)'),(411,3111,'2015-04-04 11:45:01','Celebrate(UNIQ)'),(412,22322,'2015-04-04 12:00:02','\\u548f\\u6625style(\\u674e\\u65af\\u4e39\\u59ae)'),(413,503,'2015-04-04 12:00:02','\\u540e\\u4f1a\\u65e0\\u671f(\\u9093\\u7d2b\\u68cb)'),(414,19199,'2015-04-04 12:00:02','\\u77dc\\u6301(\\u59da\\u8d1d\\u5a1c)'),(415,11115,'2015-04-04 12:00:02','\\u5728\\u4e00\\u8d77(\\u6b27\\u8c6a)'),(416,3111,'2015-04-04 12:00:02','Celebrate(UNIQ)'),(417,22322,'2015-04-04 12:15:01','\\u548f\\u6625style(\\u674e\\u65af\\u4e39\\u59ae)'),(418,503,'2015-04-04 12:15:01','\\u540e\\u4f1a\\u65e0\\u671f(\\u9093\\u7d2b\\u68cb)'),(419,19309,'2015-04-04 12:15:01','\\u77dc\\u6301(\\u59da\\u8d1d\\u5a1c)'),(420,11115,'2015-04-04 12:15:01','\\u5728\\u4e00\\u8d77(\\u6b27\\u8c6a)'),(421,3111,'2015-04-04 12:15:01','Celebrate(UNIQ)'),(422,22382,'2015-04-04 12:30:01','\\u548f\\u6625style(\\u674e\\u65af\\u4e39\\u59ae)'),(423,503,'2015-04-04 12:30:01','\\u540e\\u4f1a\\u65e0\\u671f(\\u9093\\u7d2b\\u68cb)'),(424,19389,'2015-04-04 12:30:01','\\u77dc\\u6301(\\u59da\\u8d1d\\u5a1c)'),(425,11125,'2015-04-04 12:30:01','\\u5728\\u4e00\\u8d77(\\u6b27\\u8c6a)'),(426,3111,'2015-04-04 12:30:01','Celebrate(UNIQ)'),(427,22572,'2015-04-04 12:45:01','\\u548f\\u6625style(\\u674e\\u65af\\u4e39\\u59ae)'),(428,503,'2015-04-04 12:45:01','\\u540e\\u4f1a\\u65e0\\u671f(\\u9093\\u7d2b\\u68cb)'),(429,19439,'2015-04-04 12:45:01','\\u77dc\\u6301(\\u59da\\u8d1d\\u5a1c)'),(430,11125,'2015-04-04 12:45:01','\\u5728\\u4e00\\u8d77(\\u6b27\\u8c6a)'),(431,3111,'2015-04-04 12:45:01','Celebrate(UNIQ)'),(432,22722,'2015-04-04 13:00:02','\\u548f\\u6625style(\\u674e\\u65af\\u4e39\\u59ae)'),(433,503,'2015-04-04 13:00:02','\\u540e\\u4f1a\\u65e0\\u671f(\\u9093\\u7d2b\\u68cb)'),(434,19469,'2015-04-04 13:00:02','\\u77dc\\u6301(\\u59da\\u8d1d\\u5a1c)'),(435,11125,'2015-04-04 13:00:02','\\u5728\\u4e00\\u8d77(\\u6b27\\u8c6a)'),(436,3111,'2015-04-04 13:00:02','Celebrate(UNIQ)'),(437,22842,'2015-04-04 13:15:01','\\u548f\\u6625style(\\u674e\\u65af\\u4e39\\u59ae)'),(438,503,'2015-04-04 13:15:01','\\u540e\\u4f1a\\u65e0\\u671f(\\u9093\\u7d2b\\u68cb)'),(439,19479,'2015-04-04 13:15:01','\\u77dc\\u6301(\\u59da\\u8d1d\\u5a1c)'),(440,11145,'2015-04-04 13:15:01','\\u5728\\u4e00\\u8d77(\\u6b27\\u8c6a)'),(441,3111,'2015-04-04 13:15:01','Celebrate(UNIQ)'),(442,23012,'2015-04-04 13:30:01','\\u548f\\u6625style(\\u674e\\u65af\\u4e39\\u59ae)'),(443,508,'2015-04-04 13:30:01','\\u540e\\u4f1a\\u65e0\\u671f(\\u9093\\u7d2b\\u68cb)'),(444,19509,'2015-04-04 13:30:01','\\u77dc\\u6301(\\u59da\\u8d1d\\u5a1c)'),(445,11145,'2015-04-04 13:30:01','\\u5728\\u4e00\\u8d77(\\u6b27\\u8c6a)'),(446,3111,'2015-04-04 13:30:01','Celebrate(UNIQ)'),(447,23192,'2015-04-04 13:45:01','\\u548f\\u6625style(\\u674e\\u65af\\u4e39\\u59ae)'),(448,508,'2015-04-04 13:45:01','\\u540e\\u4f1a\\u65e0\\u671f(\\u9093\\u7d2b\\u68cb)'),(449,19529,'2015-04-04 13:45:01','\\u77dc\\u6301(\\u59da\\u8d1d\\u5a1c)'),(450,11155,'2015-04-04 13:45:01','\\u5728\\u4e00\\u8d77(\\u6b27\\u8c6a)'),(451,3111,'2015-04-04 13:45:01','Celebrate(UNIQ)'),(452,23402,'2015-04-04 14:00:02','\\u548f\\u6625style(\\u674e\\u65af\\u4e39\\u59ae)'),(453,508,'2015-04-04 14:00:02','\\u540e\\u4f1a\\u65e0\\u671f(\\u9093\\u7d2b\\u68cb)'),(454,19549,'2015-04-04 14:00:02','\\u77dc\\u6301(\\u59da\\u8d1d\\u5a1c)'),(455,11165,'2015-04-04 14:00:02','\\u5728\\u4e00\\u8d77(\\u6b27\\u8c6a)'),(456,3111,'2015-04-04 14:00:02','Celebrate(UNIQ)'),(457,23592,'2015-04-04 14:15:01','\\u548f\\u6625style(\\u674e\\u65af\\u4e39\\u59ae)'),(458,518,'2015-04-04 14:15:01','\\u540e\\u4f1a\\u65e0\\u671f(\\u9093\\u7d2b\\u68cb)'),(459,19559,'2015-04-04 14:15:01','\\u77dc\\u6301(\\u59da\\u8d1d\\u5a1c)'),(460,11165,'2015-04-04 14:15:01','\\u5728\\u4e00\\u8d77(\\u6b27\\u8c6a)'),(461,3111,'2015-04-04 14:15:01','Celebrate(UNIQ)'),(462,23692,'2015-04-04 14:30:02','\\u548f\\u6625style(\\u674e\\u65af\\u4e39\\u59ae)'),(463,518,'2015-04-04 14:30:02','\\u540e\\u4f1a\\u65e0\\u671f(\\u9093\\u7d2b\\u68cb)'),(464,19579,'2015-04-04 14:30:02','\\u77dc\\u6301(\\u59da\\u8d1d\\u5a1c)'),(465,11165,'2015-04-04 14:30:02','\\u5728\\u4e00\\u8d77(\\u6b27\\u8c6a)'),(466,3111,'2015-04-04 14:30:02','Celebrate(UNIQ)'),(467,23692,'2015-04-04 14:45:01','\\u548f\\u6625style(\\u674e\\u65af\\u4e39\\u59ae)'),(468,518,'2015-04-04 14:45:01','\\u540e\\u4f1a\\u65e0\\u671f(\\u9093\\u7d2b\\u68cb)'),(469,19589,'2015-04-04 14:45:01','\\u77dc\\u6301(\\u59da\\u8d1d\\u5a1c)'),(470,11175,'2015-04-04 14:45:01','\\u5728\\u4e00\\u8d77(\\u6b27\\u8c6a)'),(471,3111,'2015-04-04 14:45:01','Celebrate(UNIQ)'),(472,23692,'2015-04-04 15:00:02','\\u548f\\u6625style(\\u674e\\u65af\\u4e39\\u59ae)'),(473,518,'2015-04-04 15:00:02','\\u540e\\u4f1a\\u65e0\\u671f(\\u9093\\u7d2b\\u68cb)'),(474,19599,'2015-04-04 15:00:02','\\u77dc\\u6301(\\u59da\\u8d1d\\u5a1c)'),(475,11175,'2015-04-04 15:00:02','\\u5728\\u4e00\\u8d77(\\u6b27\\u8c6a)'),(476,3111,'2015-04-04 15:00:02','Celebrate(UNIQ)'),(477,23692,'2015-04-04 15:15:02','\\u548f\\u6625style(\\u674e\\u65af\\u4e39\\u59ae)'),(478,518,'2015-04-04 15:15:02','\\u540e\\u4f1a\\u65e0\\u671f(\\u9093\\u7d2b\\u68cb)'),(479,19609,'2015-04-04 15:15:02','\\u77dc\\u6301(\\u59da\\u8d1d\\u5a1c)'),(480,11175,'2015-04-04 15:15:02','\\u5728\\u4e00\\u8d77(\\u6b27\\u8c6a)'),(481,3121,'2015-04-04 15:15:02','Celebrate(UNIQ)'),(482,23692,'2015-04-04 15:30:02','\\u548f\\u6625style(\\u674e\\u65af\\u4e39\\u59ae)'),(483,518,'2015-04-04 15:30:02','\\u540e\\u4f1a\\u65e0\\u671f(\\u9093\\u7d2b\\u68cb)'),(484,19629,'2015-04-04 15:30:02','\\u77dc\\u6301(\\u59da\\u8d1d\\u5a1c)'),(485,11175,'2015-04-04 15:30:02','\\u5728\\u4e00\\u8d77(\\u6b27\\u8c6a)'),(486,3141,'2015-04-04 15:30:02','Celebrate(UNIQ)'),(487,23692,'2015-04-04 15:45:01','\\u548f\\u6625style(\\u674e\\u65af\\u4e39\\u59ae)'),(488,518,'2015-04-04 15:45:01','\\u540e\\u4f1a\\u65e0\\u671f(\\u9093\\u7d2b\\u68cb)'),(489,19639,'2015-04-04 15:45:01','\\u77dc\\u6301(\\u59da\\u8d1d\\u5a1c)'),(490,11175,'2015-04-04 15:45:01','\\u5728\\u4e00\\u8d77(\\u6b27\\u8c6a)'),(491,3141,'2015-04-04 15:45:01','Celebrate(UNIQ)'),(492,23692,'2015-04-04 16:00:02','\\u548f\\u6625style(\\u674e\\u65af\\u4e39\\u59ae)'),(493,518,'2015-04-04 16:00:02','\\u540e\\u4f1a\\u65e0\\u671f(\\u9093\\u7d2b\\u68cb)'),(494,19659,'2015-04-04 16:00:02','\\u77dc\\u6301(\\u59da\\u8d1d\\u5a1c)'),(495,11175,'2015-04-04 16:00:02','\\u5728\\u4e00\\u8d77(\\u6b27\\u8c6a)'),(496,3141,'2015-04-04 16:00:02','Celebrate(UNIQ)'),(497,23700,'2015-04-04 16:15:01','\\u548f\\u6625style(\\u674e\\u65af\\u4e39\\u59ae)'),(498,518,'2015-04-04 16:15:01','\\u540e\\u4f1a\\u65e0\\u671f(\\u9093\\u7d2b\\u68cb)'),(499,19729,'2015-04-04 16:15:01','\\u77dc\\u6301(\\u59da\\u8d1d\\u5a1c)'),(500,11175,'2015-04-04 16:15:01','\\u5728\\u4e00\\u8d77(\\u6b27\\u8c6a)'),(501,3142,'2015-04-04 16:15:01','Celebrate(UNIQ)'),(502,23700,'2015-04-04 16:30:01','\\u548f\\u6625style(\\u674e\\u65af\\u4e39\\u59ae)'),(503,518,'2015-04-04 16:30:01','\\u540e\\u4f1a\\u65e0\\u671f(\\u9093\\u7d2b\\u68cb)'),(504,19849,'2015-04-04 16:30:01','\\u77dc\\u6301(\\u59da\\u8d1d\\u5a1c)'),(505,11175,'2015-04-04 16:30:01','\\u5728\\u4e00\\u8d77(\\u6b27\\u8c6a)'),(506,3142,'2015-04-04 16:30:01','Celebrate(UNIQ)'),(507,23770,'2015-04-04 16:45:01','\\u548f\\u6625style(\\u674e\\u65af\\u4e39\\u59ae)'),(508,518,'2015-04-04 16:45:01','\\u540e\\u4f1a\\u65e0\\u671f(\\u9093\\u7d2b\\u68cb)'),(509,19939,'2015-04-04 16:45:01','\\u77dc\\u6301(\\u59da\\u8d1d\\u5a1c)'),(510,11175,'2015-04-04 16:45:01','\\u5728\\u4e00\\u8d77(\\u6b27\\u8c6a)'),(511,3142,'2015-04-04 16:45:01','Celebrate(UNIQ)'),(512,23770,'2015-04-04 17:00:02','\\u548f\\u6625style(\\u674e\\u65af\\u4e39\\u59ae)'),(513,518,'2015-04-04 17:00:02','\\u540e\\u4f1a\\u65e0\\u671f(\\u9093\\u7d2b\\u68cb)'),(514,20009,'2015-04-04 17:00:02','\\u77dc\\u6301(\\u59da\\u8d1d\\u5a1c)'),(515,11175,'2015-04-04 17:00:02','\\u5728\\u4e00\\u8d77(\\u6b27\\u8c6a)'),(516,3142,'2015-04-04 17:00:02','Celebrate(UNIQ)'),(517,23770,'2015-04-04 17:15:02','\\u548f\\u6625style(\\u674e\\u65af\\u4e39\\u59ae)'),(518,518,'2015-04-04 17:15:02','\\u540e\\u4f1a\\u65e0\\u671f(\\u9093\\u7d2b\\u68cb)'),(519,20069,'2015-04-04 17:15:02','\\u77dc\\u6301(\\u59da\\u8d1d\\u5a1c)'),(520,11175,'2015-04-04 17:15:02','\\u5728\\u4e00\\u8d77(\\u6b27\\u8c6a)'),(521,3142,'2015-04-04 17:15:02','Celebrate(UNIQ)'),(522,23770,'2015-04-04 17:30:02','\\u548f\\u6625style(\\u674e\\u65af\\u4e39\\u59ae)'),(523,518,'2015-04-04 17:30:02','\\u540e\\u4f1a\\u65e0\\u671f(\\u9093\\u7d2b\\u68cb)'),(524,20099,'2015-04-04 17:30:02','\\u77dc\\u6301(\\u59da\\u8d1d\\u5a1c)'),(525,11175,'2015-04-04 17:30:02','\\u5728\\u4e00\\u8d77(\\u6b27\\u8c6a)'),(526,3142,'2015-04-04 17:30:02','Celebrate(UNIQ)'),(527,23770,'2015-04-04 17:45:01','\\u548f\\u6625style(\\u674e\\u65af\\u4e39\\u59ae)'),(528,518,'2015-04-04 17:45:01','\\u540e\\u4f1a\\u65e0\\u671f(\\u9093\\u7d2b\\u68cb)'),(529,20149,'2015-04-04 17:45:01','\\u77dc\\u6301(\\u59da\\u8d1d\\u5a1c)'),(530,11175,'2015-04-04 17:45:01','\\u5728\\u4e00\\u8d77(\\u6b27\\u8c6a)'),(531,3142,'2015-04-04 17:45:01','Celebrate(UNIQ)'),(532,23770,'2015-04-04 18:00:01','\\u548f\\u6625style(\\u674e\\u65af\\u4e39\\u59ae)'),(533,528,'2015-04-04 18:00:01','\\u540e\\u4f1a\\u65e0\\u671f(\\u9093\\u7d2b\\u68cb)'),(534,20159,'2015-04-04 18:00:01','\\u77dc\\u6301(\\u59da\\u8d1d\\u5a1c)'),(535,11175,'2015-04-04 18:00:01','\\u5728\\u4e00\\u8d77(\\u6b27\\u8c6a)'),(536,3142,'2015-04-04 18:00:01','Celebrate(UNIQ)'),(537,23770,'2015-04-04 18:15:01','\\u548f\\u6625style(\\u674e\\u65af\\u4e39\\u59ae)'),(538,528,'2015-04-04 18:15:01','\\u540e\\u4f1a\\u65e0\\u671f(\\u9093\\u7d2b\\u68cb)'),(539,20159,'2015-04-04 18:15:01','\\u77dc\\u6301(\\u59da\\u8d1d\\u5a1c)'),(540,11175,'2015-04-04 18:15:01','\\u5728\\u4e00\\u8d77(\\u6b27\\u8c6a)'),(541,3142,'2015-04-04 18:15:01','Celebrate(UNIQ)'),(542,23770,'2015-04-04 18:30:01','\\u548f\\u6625style(\\u674e\\u65af\\u4e39\\u59ae)'),(543,528,'2015-04-04 18:30:01','\\u540e\\u4f1a\\u65e0\\u671f(\\u9093\\u7d2b\\u68cb)'),(544,20159,'2015-04-04 18:30:01','\\u77dc\\u6301(\\u59da\\u8d1d\\u5a1c)'),(545,11185,'2015-04-04 18:30:01','\\u5728\\u4e00\\u8d77(\\u6b27\\u8c6a)'),(546,3142,'2015-04-04 18:30:01','Celebrate(UNIQ)'),(547,23770,'2015-04-04 18:45:01','\\u548f\\u6625style(\\u674e\\u65af\\u4e39\\u59ae)'),(548,528,'2015-04-04 18:45:01','\\u540e\\u4f1a\\u65e0\\u671f(\\u9093\\u7d2b\\u68cb)'),(549,20159,'2015-04-04 18:45:01','\\u77dc\\u6301(\\u59da\\u8d1d\\u5a1c)'),(550,11185,'2015-04-04 18:45:01','\\u5728\\u4e00\\u8d77(\\u6b27\\u8c6a)'),(551,3142,'2015-04-04 18:45:01','Celebrate(UNIQ)'),(552,23770,'2015-04-04 19:00:02','\\u548f\\u6625style(\\u674e\\u65af\\u4e39\\u59ae)'),(553,528,'2015-04-04 19:00:02','\\u540e\\u4f1a\\u65e0\\u671f(\\u9093\\u7d2b\\u68cb)'),(554,20159,'2015-04-04 19:00:02','\\u77dc\\u6301(\\u59da\\u8d1d\\u5a1c)'),(555,11185,'2015-04-04 19:00:02','\\u5728\\u4e00\\u8d77(\\u6b27\\u8c6a)'),(556,3142,'2015-04-04 19:00:02','Celebrate(UNIQ)'),(557,23770,'2015-04-04 19:15:01','\\u548f\\u6625style(\\u674e\\u65af\\u4e39\\u59ae)'),(558,528,'2015-04-04 19:15:01','\\u540e\\u4f1a\\u65e0\\u671f(\\u9093\\u7d2b\\u68cb)'),(559,20159,'2015-04-04 19:15:01','\\u77dc\\u6301(\\u59da\\u8d1d\\u5a1c)'),(560,11185,'2015-04-04 19:15:01','\\u5728\\u4e00\\u8d77(\\u6b27\\u8c6a)'),(561,3142,'2015-04-04 19:15:01','Celebrate(UNIQ)'),(562,23770,'2015-04-04 19:30:01','\\u548f\\u6625style(\\u674e\\u65af\\u4e39\\u59ae)'),(563,528,'2015-04-04 19:30:01','\\u540e\\u4f1a\\u65e0\\u671f(\\u9093\\u7d2b\\u68cb)'),(564,20159,'2015-04-04 19:30:01','\\u77dc\\u6301(\\u59da\\u8d1d\\u5a1c)'),(565,11185,'2015-04-04 19:30:01','\\u5728\\u4e00\\u8d77(\\u6b27\\u8c6a)'),(566,3142,'2015-04-04 19:30:01','Celebrate(UNIQ)'),(567,23770,'2015-04-04 19:45:01','\\u548f\\u6625style(\\u674e\\u65af\\u4e39\\u59ae)'),(568,528,'2015-04-04 19:45:01','\\u540e\\u4f1a\\u65e0\\u671f(\\u9093\\u7d2b\\u68cb)'),(569,20159,'2015-04-04 19:45:01','\\u77dc\\u6301(\\u59da\\u8d1d\\u5a1c)'),(570,11185,'2015-04-04 19:45:01','\\u5728\\u4e00\\u8d77(\\u6b27\\u8c6a)'),(571,3142,'2015-04-04 19:45:01','Celebrate(UNIQ)'),(572,23770,'2015-04-04 20:00:02','\\u548f\\u6625style(\\u674e\\u65af\\u4e39\\u59ae)'),(573,528,'2015-04-04 20:00:02','\\u540e\\u4f1a\\u65e0\\u671f(\\u9093\\u7d2b\\u68cb)'),(574,20159,'2015-04-04 20:00:02','\\u77dc\\u6301(\\u59da\\u8d1d\\u5a1c)'),(575,11185,'2015-04-04 20:00:02','\\u5728\\u4e00\\u8d77(\\u6b27\\u8c6a)'),(576,3142,'2015-04-04 20:00:02','Celebrate(UNIQ)'),(577,23770,'2015-04-04 20:15:01','\\u548f\\u6625style(\\u674e\\u65af\\u4e39\\u59ae)'),(578,528,'2015-04-04 20:15:01','\\u540e\\u4f1a\\u65e0\\u671f(\\u9093\\u7d2b\\u68cb)'),(579,20159,'2015-04-04 20:15:01','\\u77dc\\u6301(\\u59da\\u8d1d\\u5a1c)'),(580,11185,'2015-04-04 20:15:01','\\u5728\\u4e00\\u8d77(\\u6b27\\u8c6a)'),(581,3142,'2015-04-04 20:15:01','Celebrate(UNIQ)'),(582,23770,'2015-04-04 20:30:01','\\u548f\\u6625style(\\u674e\\u65af\\u4e39\\u59ae)'),(583,528,'2015-04-04 20:30:01','\\u540e\\u4f1a\\u65e0\\u671f(\\u9093\\u7d2b\\u68cb)'),(584,20159,'2015-04-04 20:30:01','\\u77dc\\u6301(\\u59da\\u8d1d\\u5a1c)'),(585,11185,'2015-04-04 20:30:01','\\u5728\\u4e00\\u8d77(\\u6b27\\u8c6a)'),(586,3142,'2015-04-04 20:30:01','Celebrate(UNIQ)'),(587,23770,'2015-04-04 20:45:02','\\u548f\\u6625style(\\u674e\\u65af\\u4e39\\u59ae)'),(588,528,'2015-04-04 20:45:02','\\u540e\\u4f1a\\u65e0\\u671f(\\u9093\\u7d2b\\u68cb)'),(589,20159,'2015-04-04 20:45:02','\\u77dc\\u6301(\\u59da\\u8d1d\\u5a1c)'),(590,11185,'2015-04-04 20:45:02','\\u5728\\u4e00\\u8d77(\\u6b27\\u8c6a)'),(591,3142,'2015-04-04 20:45:02','Celebrate(UNIQ)'),(592,23770,'2015-04-04 21:00:02','\\u548f\\u6625style(\\u674e\\u65af\\u4e39\\u59ae)'),(593,528,'2015-04-04 21:00:02','\\u540e\\u4f1a\\u65e0\\u671f(\\u9093\\u7d2b\\u68cb)'),(594,20159,'2015-04-04 21:00:02','\\u77dc\\u6301(\\u59da\\u8d1d\\u5a1c)'),(595,11185,'2015-04-04 21:00:02','\\u5728\\u4e00\\u8d77(\\u6b27\\u8c6a)'),(596,3142,'2015-04-04 21:00:02','Celebrate(UNIQ)'),(597,23770,'2015-04-04 21:15:02','\\u548f\\u6625style(\\u674e\\u65af\\u4e39\\u59ae)'),(598,528,'2015-04-04 21:15:02','\\u540e\\u4f1a\\u65e0\\u671f(\\u9093\\u7d2b\\u68cb)'),(599,20159,'2015-04-04 21:15:02','\\u77dc\\u6301(\\u59da\\u8d1d\\u5a1c)'),(600,11185,'2015-04-04 21:15:02','\\u5728\\u4e00\\u8d77(\\u6b27\\u8c6a)'),(601,3142,'2015-04-04 21:15:02','Celebrate(UNIQ)'),(602,23770,'2015-04-04 21:30:01','\\u548f\\u6625style(\\u674e\\u65af\\u4e39\\u59ae)'),(603,528,'2015-04-04 21:30:01','\\u540e\\u4f1a\\u65e0\\u671f(\\u9093\\u7d2b\\u68cb)'),(604,20159,'2015-04-04 21:30:01','\\u77dc\\u6301(\\u59da\\u8d1d\\u5a1c)'),(605,11185,'2015-04-04 21:30:01','\\u5728\\u4e00\\u8d77(\\u6b27\\u8c6a)'),(606,3142,'2015-04-04 21:30:01','Celebrate(UNIQ)'),(607,23770,'2015-04-04 21:45:02','\\u548f\\u6625style(\\u674e\\u65af\\u4e39\\u59ae)'),(608,528,'2015-04-04 21:45:02','\\u540e\\u4f1a\\u65e0\\u671f(\\u9093\\u7d2b\\u68cb)'),(609,20159,'2015-04-04 21:45:02','\\u77dc\\u6301(\\u59da\\u8d1d\\u5a1c)'),(610,11185,'2015-04-04 21:45:02','\\u5728\\u4e00\\u8d77(\\u6b27\\u8c6a)'),(611,3142,'2015-04-04 21:45:02','Celebrate(UNIQ)'),(612,23770,'2015-04-04 22:00:02','\\u548f\\u6625style(\\u674e\\u65af\\u4e39\\u59ae)'),(613,528,'2015-04-04 22:00:02','\\u540e\\u4f1a\\u65e0\\u671f(\\u9093\\u7d2b\\u68cb)'),(614,20159,'2015-04-04 22:00:02','\\u77dc\\u6301(\\u59da\\u8d1d\\u5a1c)'),(615,11185,'2015-04-04 22:00:02','\\u5728\\u4e00\\u8d77(\\u6b27\\u8c6a)'),(616,3142,'2015-04-04 22:00:02','Celebrate(UNIQ)'),(617,23770,'2015-04-04 22:15:02','\\u548f\\u6625style(\\u674e\\u65af\\u4e39\\u59ae)'),(618,528,'2015-04-04 22:15:02','\\u540e\\u4f1a\\u65e0\\u671f(\\u9093\\u7d2b\\u68cb)'),(619,20159,'2015-04-04 22:15:02','\\u77dc\\u6301(\\u59da\\u8d1d\\u5a1c)'),(620,11185,'2015-04-04 22:15:02','\\u5728\\u4e00\\u8d77(\\u6b27\\u8c6a)'),(621,3142,'2015-04-04 22:15:02','Celebrate(UNIQ)'),(622,23770,'2015-04-04 22:30:02','\\u548f\\u6625style(\\u674e\\u65af\\u4e39\\u59ae)'),(623,528,'2015-04-04 22:30:02','\\u540e\\u4f1a\\u65e0\\u671f(\\u9093\\u7d2b\\u68cb)'),(624,20159,'2015-04-04 22:30:02','\\u77dc\\u6301(\\u59da\\u8d1d\\u5a1c)'),(625,11185,'2015-04-04 22:30:02','\\u5728\\u4e00\\u8d77(\\u6b27\\u8c6a)'),(626,3142,'2015-04-04 22:30:02','Celebrate(UNIQ)'),(627,23770,'2015-04-04 22:45:01','\\u548f\\u6625style(\\u674e\\u65af\\u4e39\\u59ae)'),(628,528,'2015-04-04 22:45:01','\\u540e\\u4f1a\\u65e0\\u671f(\\u9093\\u7d2b\\u68cb)'),(629,20159,'2015-04-04 22:45:01','\\u77dc\\u6301(\\u59da\\u8d1d\\u5a1c)'),(630,11185,'2015-04-04 22:45:01','\\u5728\\u4e00\\u8d77(\\u6b27\\u8c6a)'),(631,3142,'2015-04-04 22:45:01','Celebrate(UNIQ)'),(632,23810,'2015-04-04 23:00:01','\\u548f\\u6625style(\\u674e\\u65af\\u4e39\\u59ae)'),(633,528,'2015-04-04 23:00:01','\\u540e\\u4f1a\\u65e0\\u671f(\\u9093\\u7d2b\\u68cb)'),(634,20159,'2015-04-04 23:00:01','\\u77dc\\u6301(\\u59da\\u8d1d\\u5a1c)'),(635,11185,'2015-04-04 23:00:01','\\u5728\\u4e00\\u8d77(\\u6b27\\u8c6a)'),(636,3142,'2015-04-04 23:00:01','Celebrate(UNIQ)'),(637,23830,'2015-04-04 23:15:01','\\u548f\\u6625style(\\u674e\\u65af\\u4e39\\u59ae)'),(638,528,'2015-04-04 23:15:01','\\u540e\\u4f1a\\u65e0\\u671f(\\u9093\\u7d2b\\u68cb)'),(639,20159,'2015-04-04 23:15:01','\\u77dc\\u6301(\\u59da\\u8d1d\\u5a1c)'),(640,11185,'2015-04-04 23:15:01','\\u5728\\u4e00\\u8d77(\\u6b27\\u8c6a)'),(641,3142,'2015-04-04 23:15:01','Celebrate(UNIQ)'),(642,23870,'2015-04-04 23:30:01','\\u548f\\u6625style(\\u674e\\u65af\\u4e39\\u59ae)'),(643,528,'2015-04-04 23:30:01','\\u540e\\u4f1a\\u65e0\\u671f(\\u9093\\u7d2b\\u68cb)'),(644,20159,'2015-04-04 23:30:01','\\u77dc\\u6301(\\u59da\\u8d1d\\u5a1c)'),(645,11185,'2015-04-04 23:30:01','\\u5728\\u4e00\\u8d77(\\u6b27\\u8c6a)'),(646,3142,'2015-04-04 23:30:01','Celebrate(UNIQ)'),(647,23870,'2015-04-04 23:45:02','\\u548f\\u6625style(\\u674e\\u65af\\u4e39\\u59ae)'),(648,528,'2015-04-04 23:45:02','\\u540e\\u4f1a\\u65e0\\u671f(\\u9093\\u7d2b\\u68cb)'),(649,20159,'2015-04-04 23:45:02','\\u77dc\\u6301(\\u59da\\u8d1d\\u5a1c)'),(650,11190,'2015-04-04 23:45:02','\\u5728\\u4e00\\u8d77(\\u6b27\\u8c6a)'),(651,3142,'2015-04-04 23:45:02','Celebrate(UNIQ)'),(652,23870,'2015-04-05 00:00:02','\\u548f\\u6625style(\\u674e\\u65af\\u4e39\\u59ae)'),(653,528,'2015-04-05 00:00:02','\\u540e\\u4f1a\\u65e0\\u671f(\\u9093\\u7d2b\\u68cb)'),(654,20159,'2015-04-05 00:00:02','\\u77dc\\u6301(\\u59da\\u8d1d\\u5a1c)'),(655,11191,'2015-04-05 00:00:02','\\u5728\\u4e00\\u8d77(\\u6b27\\u8c6a)'),(656,3142,'2015-04-05 00:00:02','Celebrate(UNIQ)'),(657,23870,'2015-04-05 00:15:01','\\u548f\\u6625style(\\u674e\\u65af\\u4e39\\u59ae)'),(658,528,'2015-04-05 00:15:01','\\u540e\\u4f1a\\u65e0\\u671f(\\u9093\\u7d2b\\u68cb)'),(659,20159,'2015-04-05 00:15:01','\\u77dc\\u6301(\\u59da\\u8d1d\\u5a1c)'),(660,11191,'2015-04-05 00:15:01','\\u5728\\u4e00\\u8d77(\\u6b27\\u8c6a)'),(661,3142,'2015-04-05 00:15:01','Celebrate(UNIQ)'),(662,23870,'2015-04-05 00:30:01','\\u548f\\u6625style(\\u674e\\u65af\\u4e39\\u59ae)'),(663,528,'2015-04-05 00:30:01','\\u540e\\u4f1a\\u65e0\\u671f(\\u9093\\u7d2b\\u68cb)'),(664,20189,'2015-04-05 00:30:01','\\u77dc\\u6301(\\u59da\\u8d1d\\u5a1c)'),(665,11191,'2015-04-05 00:30:01','\\u5728\\u4e00\\u8d77(\\u6b27\\u8c6a)'),(666,3142,'2015-04-05 00:30:01','Celebrate(UNIQ)'),(667,23870,'2015-04-05 00:45:02','\\u548f\\u6625style(\\u674e\\u65af\\u4e39\\u59ae)'),(668,528,'2015-04-05 00:45:02','\\u540e\\u4f1a\\u65e0\\u671f(\\u9093\\u7d2b\\u68cb)'),(669,20209,'2015-04-05 00:45:02','\\u77dc\\u6301(\\u59da\\u8d1d\\u5a1c)'),(670,11191,'2015-04-05 00:45:02','\\u5728\\u4e00\\u8d77(\\u6b27\\u8c6a)'),(671,3142,'2015-04-05 00:45:02','Celebrate(UNIQ)'),(672,23880,'2015-04-05 01:00:01','\\u548f\\u6625style(\\u674e\\u65af\\u4e39\\u59ae)'),(673,528,'2015-04-05 01:00:01','\\u540e\\u4f1a\\u65e0\\u671f(\\u9093\\u7d2b\\u68cb)'),(674,20219,'2015-04-05 01:00:01','\\u77dc\\u6301(\\u59da\\u8d1d\\u5a1c)'),(675,11191,'2015-04-05 01:00:01','\\u5728\\u4e00\\u8d77(\\u6b27\\u8c6a)'),(676,3142,'2015-04-05 01:00:01','Celebrate(UNIQ)'),(677,23880,'2015-04-05 01:15:02','\\u548f\\u6625style(\\u674e\\u65af\\u4e39\\u59ae)'),(678,528,'2015-04-05 01:15:02','\\u540e\\u4f1a\\u65e0\\u671f(\\u9093\\u7d2b\\u68cb)'),(679,20219,'2015-04-05 01:15:02','\\u77dc\\u6301(\\u59da\\u8d1d\\u5a1c)'),(680,11231,'2015-04-05 01:15:02','\\u5728\\u4e00\\u8d77(\\u6b27\\u8c6a)'),(681,3152,'2015-04-05 01:15:02','Celebrate(UNIQ)'),(682,23890,'2015-04-05 01:30:01','\\u548f\\u6625style(\\u674e\\u65af\\u4e39\\u59ae)'),(683,528,'2015-04-05 01:30:01','\\u540e\\u4f1a\\u65e0\\u671f(\\u9093\\u7d2b\\u68cb)'),(684,20219,'2015-04-05 01:30:01','\\u77dc\\u6301(\\u59da\\u8d1d\\u5a1c)'),(685,11261,'2015-04-05 01:30:01','\\u5728\\u4e00\\u8d77(\\u6b27\\u8c6a)'),(686,3152,'2015-04-05 01:30:01','Celebrate(UNIQ)'),(687,23890,'2015-04-05 01:45:01','\\u548f\\u6625style(\\u674e\\u65af\\u4e39\\u59ae)'),(688,528,'2015-04-05 01:45:01','\\u540e\\u4f1a\\u65e0\\u671f(\\u9093\\u7d2b\\u68cb)'),(689,20239,'2015-04-05 01:45:01','\\u77dc\\u6301(\\u59da\\u8d1d\\u5a1c)'),(690,11281,'2015-04-05 01:45:01','\\u5728\\u4e00\\u8d77(\\u6b27\\u8c6a)'),(691,3152,'2015-04-05 01:45:01','Celebrate(UNIQ)'),(692,23890,'2015-04-05 02:00:02','\\u548f\\u6625style(\\u674e\\u65af\\u4e39\\u59ae)'),(693,528,'2015-04-05 02:00:02','\\u540e\\u4f1a\\u65e0\\u671f(\\u9093\\u7d2b\\u68cb)'),(694,20239,'2015-04-05 02:00:02','\\u77dc\\u6301(\\u59da\\u8d1d\\u5a1c)'),(695,11311,'2015-04-05 02:00:02','\\u5728\\u4e00\\u8d77(\\u6b27\\u8c6a)'),(696,3152,'2015-04-05 02:00:02','Celebrate(UNIQ)'),(697,23890,'2015-04-05 02:15:01','\\u548f\\u6625style(\\u674e\\u65af\\u4e39\\u59ae)'),(698,528,'2015-04-05 02:15:01','\\u540e\\u4f1a\\u65e0\\u671f(\\u9093\\u7d2b\\u68cb)'),(699,20239,'2015-04-05 02:15:01','\\u77dc\\u6301(\\u59da\\u8d1d\\u5a1c)'),(700,11311,'2015-04-05 02:15:01','\\u5728\\u4e00\\u8d77(\\u6b27\\u8c6a)'),(701,3152,'2015-04-05 02:15:01','Celebrate(UNIQ)'),(702,23900,'2015-04-05 02:30:01','\\u548f\\u6625style(\\u674e\\u65af\\u4e39\\u59ae)'),(703,528,'2015-04-05 02:30:01','\\u540e\\u4f1a\\u65e0\\u671f(\\u9093\\u7d2b\\u68cb)'),(704,20249,'2015-04-05 02:30:01','\\u77dc\\u6301(\\u59da\\u8d1d\\u5a1c)'),(705,11311,'2015-04-05 02:30:01','\\u5728\\u4e00\\u8d77(\\u6b27\\u8c6a)'),(706,3152,'2015-04-05 02:30:01','Celebrate(UNIQ)'),(707,23950,'2015-04-05 02:45:02','\\u548f\\u6625style(\\u674e\\u65af\\u4e39\\u59ae)'),(708,528,'2015-04-05 02:45:02','\\u540e\\u4f1a\\u65e0\\u671f(\\u9093\\u7d2b\\u68cb)'),(709,20249,'2015-04-05 02:45:02','\\u77dc\\u6301(\\u59da\\u8d1d\\u5a1c)'),(710,11331,'2015-04-05 02:45:02','\\u5728\\u4e00\\u8d77(\\u6b27\\u8c6a)'),(711,3152,'2015-04-05 02:45:02','Celebrate(UNIQ)'),(712,23990,'2015-04-05 03:00:01','\\u548f\\u6625style(\\u674e\\u65af\\u4e39\\u59ae)'),(713,528,'2015-04-05 03:00:01','\\u540e\\u4f1a\\u65e0\\u671f(\\u9093\\u7d2b\\u68cb)'),(714,20249,'2015-04-05 03:00:01','\\u77dc\\u6301(\\u59da\\u8d1d\\u5a1c)'),(715,11331,'2015-04-05 03:00:01','\\u5728\\u4e00\\u8d77(\\u6b27\\u8c6a)'),(716,3152,'2015-04-05 03:00:01','Celebrate(UNIQ)'),(717,24000,'2015-04-05 03:15:02','\\u548f\\u6625style(\\u674e\\u65af\\u4e39\\u59ae)'),(718,528,'2015-04-05 03:15:02','\\u540e\\u4f1a\\u65e0\\u671f(\\u9093\\u7d2b\\u68cb)'),(719,20249,'2015-04-05 03:15:02','\\u77dc\\u6301(\\u59da\\u8d1d\\u5a1c)'),(720,11341,'2015-04-05 03:15:02','\\u5728\\u4e00\\u8d77(\\u6b27\\u8c6a)'),(721,3152,'2015-04-05 03:15:02','Celebrate(UNIQ)'),(722,24000,'2015-04-05 03:30:02','\\u548f\\u6625style(\\u674e\\u65af\\u4e39\\u59ae)'),(723,528,'2015-04-05 03:30:02','\\u540e\\u4f1a\\u65e0\\u671f(\\u9093\\u7d2b\\u68cb)'),(724,20249,'2015-04-05 03:30:02','\\u77dc\\u6301(\\u59da\\u8d1d\\u5a1c)'),(725,11341,'2015-04-05 03:30:02','\\u5728\\u4e00\\u8d77(\\u6b27\\u8c6a)'),(726,3152,'2015-04-05 03:30:02','Celebrate(UNIQ)'),(727,24000,'2015-04-05 03:45:01','\\u548f\\u6625style(\\u674e\\u65af\\u4e39\\u59ae)'),(728,528,'2015-04-05 03:45:01','\\u540e\\u4f1a\\u65e0\\u671f(\\u9093\\u7d2b\\u68cb)'),(729,20259,'2015-04-05 03:45:01','\\u77dc\\u6301(\\u59da\\u8d1d\\u5a1c)'),(730,11341,'2015-04-05 03:45:01','\\u5728\\u4e00\\u8d77(\\u6b27\\u8c6a)'),(731,3152,'2015-04-05 03:45:01','Celebrate(UNIQ)'),(732,24000,'2015-04-05 04:00:01','\\u548f\\u6625style(\\u674e\\u65af\\u4e39\\u59ae)'),(733,528,'2015-04-05 04:00:01','\\u540e\\u4f1a\\u65e0\\u671f(\\u9093\\u7d2b\\u68cb)'),(734,20309,'2015-04-05 04:00:01','\\u77dc\\u6301(\\u59da\\u8d1d\\u5a1c)'),(735,11341,'2015-04-05 04:00:01','\\u5728\\u4e00\\u8d77(\\u6b27\\u8c6a)'),(736,3152,'2015-04-05 04:00:01','Celebrate(UNIQ)'),(737,24032,'2015-04-05 04:30:01','\\u548f\\u6625style(\\u674e\\u65af\\u4e39\\u59ae)'),(738,543,'2015-04-05 04:30:01','\\u540e\\u4f1a\\u65e0\\u671f(\\u9093\\u7d2b\\u68cb)'),(739,20379,'2015-04-05 04:30:01','\\u77dc\\u6301(\\u59da\\u8d1d\\u5a1c)'),(740,11341,'2015-04-05 04:30:01','\\u5728\\u4e00\\u8d77(\\u6b27\\u8c6a)'),(741,3152,'2015-04-05 04:30:01','Celebrate(UNIQ)'),(742,24062,'2015-04-05 04:45:01','\\u548f\\u6625style(\\u674e\\u65af\\u4e39\\u59ae)'),(743,543,'2015-04-05 04:45:01','\\u540e\\u4f1a\\u65e0\\u671f(\\u9093\\u7d2b\\u68cb)'),(744,20429,'2015-04-05 04:45:01','\\u77dc\\u6301(\\u59da\\u8d1d\\u5a1c)'),(745,11351,'2015-04-05 04:45:01','\\u5728\\u4e00\\u8d77(\\u6b27\\u8c6a)'),(746,3152,'2015-04-05 04:45:01','Celebrate(UNIQ)'),(747,24122,'2015-04-05 05:00:02','\\u548f\\u6625style(\\u674e\\u65af\\u4e39\\u59ae)'),(748,543,'2015-04-05 05:00:02','\\u540e\\u4f1a\\u65e0\\u671f(\\u9093\\u7d2b\\u68cb)'),(749,20489,'2015-04-05 05:00:02','\\u77dc\\u6301(\\u59da\\u8d1d\\u5a1c)'),(750,11351,'2015-04-05 05:00:02','\\u5728\\u4e00\\u8d77(\\u6b27\\u8c6a)'),(751,3152,'2015-04-05 05:00:02','Celebrate(UNIQ)'),(752,24172,'2015-04-05 05:15:01','\\u548f\\u6625style(\\u674e\\u65af\\u4e39\\u59ae)'),(753,543,'2015-04-05 05:15:01','\\u540e\\u4f1a\\u65e0\\u671f(\\u9093\\u7d2b\\u68cb)'),(754,20529,'2015-04-05 05:15:01','\\u77dc\\u6301(\\u59da\\u8d1d\\u5a1c)'),(755,11351,'2015-04-05 05:15:01','\\u5728\\u4e00\\u8d77(\\u6b27\\u8c6a)'),(756,3157,'2015-04-05 05:15:01','Celebrate(UNIQ)'),(757,24232,'2015-04-05 05:30:01','\\u548f\\u6625style(\\u674e\\u65af\\u4e39\\u59ae)'),(758,548,'2015-04-05 05:30:01','\\u540e\\u4f1a\\u65e0\\u671f(\\u9093\\u7d2b\\u68cb)'),(759,20539,'2015-04-05 05:30:01','\\u77dc\\u6301(\\u59da\\u8d1d\\u5a1c)'),(760,11419,'2015-04-05 05:30:01','\\u5728\\u4e00\\u8d77(\\u6b27\\u8c6a)'),(761,3157,'2015-04-05 05:30:01','Celebrate(UNIQ)'),(762,24242,'2015-04-05 05:45:05','\\u548f\\u6625style(\\u674e\\u65af\\u4e39\\u59ae)'),(763,548,'2015-04-05 05:45:05','\\u540e\\u4f1a\\u65e0\\u671f(\\u9093\\u7d2b\\u68cb)'),(764,20549,'2015-04-05 05:45:05','\\u77dc\\u6301(\\u59da\\u8d1d\\u5a1c)'),(765,11459,'2015-04-05 05:45:05','\\u5728\\u4e00\\u8d77(\\u6b27\\u8c6a)'),(766,3157,'2015-04-05 05:45:05','Celebrate(UNIQ)'),(767,24242,'2015-04-05 06:00:02','\\u548f\\u6625style(\\u674e\\u65af\\u4e39\\u59ae)'),(768,563,'2015-04-05 06:00:02','\\u540e\\u4f1a\\u65e0\\u671f(\\u9093\\u7d2b\\u68cb)'),(769,20569,'2015-04-05 06:00:02','\\u77dc\\u6301(\\u59da\\u8d1d\\u5a1c)'),(770,11469,'2015-04-05 06:00:02','\\u5728\\u4e00\\u8d77(\\u6b27\\u8c6a)'),(771,3157,'2015-04-05 06:00:02','Celebrate(UNIQ)'),(772,24262,'2015-04-05 06:15:01','\\u548f\\u6625style(\\u674e\\u65af\\u4e39\\u59ae)'),(773,563,'2015-04-05 06:15:01','\\u540e\\u4f1a\\u65e0\\u671f(\\u9093\\u7d2b\\u68cb)'),(774,20589,'2015-04-05 06:15:01','\\u77dc\\u6301(\\u59da\\u8d1d\\u5a1c)'),(775,11469,'2015-04-05 06:15:01','\\u5728\\u4e00\\u8d77(\\u6b27\\u8c6a)'),(776,3157,'2015-04-05 06:15:01','Celebrate(UNIQ)'),(777,24302,'2015-04-05 06:30:01','\\u548f\\u6625style(\\u674e\\u65af\\u4e39\\u59ae)'),(778,563,'2015-04-05 06:30:01','\\u540e\\u4f1a\\u65e0\\u671f(\\u9093\\u7d2b\\u68cb)'),(779,20609,'2015-04-05 06:30:01','\\u77dc\\u6301(\\u59da\\u8d1d\\u5a1c)'),(780,11469,'2015-04-05 06:30:01','\\u5728\\u4e00\\u8d77(\\u6b27\\u8c6a)'),(781,3157,'2015-04-05 06:30:01','Celebrate(UNIQ)'),(782,24302,'2015-04-05 06:45:01','\\u548f\\u6625style(\\u674e\\u65af\\u4e39\\u59ae)'),(783,563,'2015-04-05 06:45:01','\\u540e\\u4f1a\\u65e0\\u671f(\\u9093\\u7d2b\\u68cb)'),(784,20639,'2015-04-05 06:45:01','\\u77dc\\u6301(\\u59da\\u8d1d\\u5a1c)'),(785,11479,'2015-04-05 06:45:01','\\u5728\\u4e00\\u8d77(\\u6b27\\u8c6a)'),(786,3157,'2015-04-05 06:45:01','Celebrate(UNIQ)'),(787,24322,'2015-04-05 07:00:01','\\u548f\\u6625style(\\u674e\\u65af\\u4e39\\u59ae)'),(788,564,'2015-04-05 07:00:01','\\u540e\\u4f1a\\u65e0\\u671f(\\u9093\\u7d2b\\u68cb)'),(789,20659,'2015-04-05 07:00:01','\\u77dc\\u6301(\\u59da\\u8d1d\\u5a1c)'),(790,11479,'2015-04-05 07:00:01','\\u5728\\u4e00\\u8d77(\\u6b27\\u8c6a)'),(791,3157,'2015-04-05 07:00:01','Celebrate(UNIQ)'),(792,24322,'2015-04-05 07:15:02','\\u548f\\u6625style(\\u674e\\u65af\\u4e39\\u59ae)'),(793,564,'2015-04-05 07:15:02','\\u540e\\u4f1a\\u65e0\\u671f(\\u9093\\u7d2b\\u68cb)'),(794,20689,'2015-04-05 07:15:02','\\u77dc\\u6301(\\u59da\\u8d1d\\u5a1c)'),(795,11479,'2015-04-05 07:15:02','\\u5728\\u4e00\\u8d77(\\u6b27\\u8c6a)'),(796,3157,'2015-04-05 07:15:02','Celebrate(UNIQ)'),(797,24322,'2015-04-05 07:30:01','\\u548f\\u6625style(\\u674e\\u65af\\u4e39\\u59ae)'),(798,564,'2015-04-05 07:30:01','\\u540e\\u4f1a\\u65e0\\u671f(\\u9093\\u7d2b\\u68cb)'),(799,20719,'2015-04-05 07:30:01','\\u77dc\\u6301(\\u59da\\u8d1d\\u5a1c)'),(800,11479,'2015-04-05 07:30:01','\\u5728\\u4e00\\u8d77(\\u6b27\\u8c6a)'),(801,3157,'2015-04-05 07:30:01','Celebrate(UNIQ)'),(802,24322,'2015-04-05 07:45:01','\\u548f\\u6625style(\\u674e\\u65af\\u4e39\\u59ae)'),(803,564,'2015-04-05 07:45:01','\\u540e\\u4f1a\\u65e0\\u671f(\\u9093\\u7d2b\\u68cb)'),(804,20729,'2015-04-05 07:45:01','\\u77dc\\u6301(\\u59da\\u8d1d\\u5a1c)'),(805,11479,'2015-04-05 07:45:01','\\u5728\\u4e00\\u8d77(\\u6b27\\u8c6a)'),(806,3157,'2015-04-05 07:45:01','Celebrate(UNIQ)'),(807,24322,'2015-04-05 08:00:02','\\u548f\\u6625style(\\u674e\\u65af\\u4e39\\u59ae)'),(808,564,'2015-04-05 08:00:02','\\u540e\\u4f1a\\u65e0\\u671f(\\u9093\\u7d2b\\u68cb)'),(809,20769,'2015-04-05 08:00:02','\\u77dc\\u6301(\\u59da\\u8d1d\\u5a1c)'),(810,11479,'2015-04-05 08:00:02','\\u5728\\u4e00\\u8d77(\\u6b27\\u8c6a)'),(811,3157,'2015-04-05 08:00:02','Celebrate(UNIQ)'),(812,24322,'2015-04-05 08:15:01','\\u548f\\u6625style(\\u674e\\u65af\\u4e39\\u59ae)'),(813,564,'2015-04-05 08:15:01','\\u540e\\u4f1a\\u65e0\\u671f(\\u9093\\u7d2b\\u68cb)'),(814,20849,'2015-04-05 08:15:01','\\u77dc\\u6301(\\u59da\\u8d1d\\u5a1c)'),(815,11479,'2015-04-05 08:15:01','\\u5728\\u4e00\\u8d77(\\u6b27\\u8c6a)'),(816,3157,'2015-04-05 08:15:01','Celebrate(UNIQ)'),(817,24322,'2015-04-05 08:30:02','\\u548f\\u6625style(\\u674e\\u65af\\u4e39\\u59ae)'),(818,564,'2015-04-05 08:30:02','\\u540e\\u4f1a\\u65e0\\u671f(\\u9093\\u7d2b\\u68cb)'),(819,20899,'2015-04-05 08:30:02','\\u77dc\\u6301(\\u59da\\u8d1d\\u5a1c)'),(820,11499,'2015-04-05 08:30:02','\\u5728\\u4e00\\u8d77(\\u6b27\\u8c6a)'),(821,3157,'2015-04-05 08:30:02','Celebrate(UNIQ)'),(822,24322,'2015-04-05 08:45:02','\\u548f\\u6625style(\\u674e\\u65af\\u4e39\\u59ae)'),(823,564,'2015-04-05 08:45:02','\\u540e\\u4f1a\\u65e0\\u671f(\\u9093\\u7d2b\\u68cb)'),(824,20929,'2015-04-05 08:45:02','\\u77dc\\u6301(\\u59da\\u8d1d\\u5a1c)'),(825,11499,'2015-04-05 08:45:02','\\u5728\\u4e00\\u8d77(\\u6b27\\u8c6a)'),(826,3157,'2015-04-05 08:45:02','Celebrate(UNIQ)'),(827,24322,'2015-04-05 09:00:01','\\u548f\\u6625style(\\u674e\\u65af\\u4e39\\u59ae)'),(828,564,'2015-04-05 09:00:01','\\u540e\\u4f1a\\u65e0\\u671f(\\u9093\\u7d2b\\u68cb)'),(829,20929,'2015-04-05 09:00:01','\\u77dc\\u6301(\\u59da\\u8d1d\\u5a1c)'),(830,11499,'2015-04-05 09:00:01','\\u5728\\u4e00\\u8d77(\\u6b27\\u8c6a)'),(831,3157,'2015-04-05 09:00:01','Celebrate(UNIQ)'),(832,24322,'2015-04-05 09:15:01','\\u548f\\u6625style(\\u674e\\u65af\\u4e39\\u59ae)'),(833,564,'2015-04-05 09:15:01','\\u540e\\u4f1a\\u65e0\\u671f(\\u9093\\u7d2b\\u68cb)'),(834,20939,'2015-04-05 09:15:01','\\u77dc\\u6301(\\u59da\\u8d1d\\u5a1c)'),(835,11509,'2015-04-05 09:15:01','\\u5728\\u4e00\\u8d77(\\u6b27\\u8c6a)'),(836,3157,'2015-04-05 09:15:01','Celebrate(UNIQ)'),(837,24322,'2015-04-05 09:30:02','\\u548f\\u6625style(\\u674e\\u65af\\u4e39\\u59ae)'),(838,564,'2015-04-05 09:30:02','\\u540e\\u4f1a\\u65e0\\u671f(\\u9093\\u7d2b\\u68cb)'),(839,20939,'2015-04-05 09:30:02','\\u77dc\\u6301(\\u59da\\u8d1d\\u5a1c)'),(840,11509,'2015-04-05 09:30:02','\\u5728\\u4e00\\u8d77(\\u6b27\\u8c6a)'),(841,3157,'2015-04-05 09:30:02','Celebrate(UNIQ)'),(842,24380,'2015-04-05 09:45:01','\\u548f\\u6625style(\\u674e\\u65af\\u4e39\\u59ae)'),(843,564,'2015-04-05 09:45:01','\\u540e\\u4f1a\\u65e0\\u671f(\\u9093\\u7d2b\\u68cb)'),(844,20979,'2015-04-05 09:45:01','\\u77dc\\u6301(\\u59da\\u8d1d\\u5a1c)'),(845,11509,'2015-04-05 09:45:01','\\u5728\\u4e00\\u8d77(\\u6b27\\u8c6a)'),(846,3157,'2015-04-05 09:45:01','Celebrate(UNIQ)'),(847,24380,'2015-04-05 10:00:02','\\u548f\\u6625style(\\u674e\\u65af\\u4e39\\u59ae)'),(848,564,'2015-04-05 10:00:02','\\u540e\\u4f1a\\u65e0\\u671f(\\u9093\\u7d2b\\u68cb)'),(849,21009,'2015-04-05 10:00:02','\\u77dc\\u6301(\\u59da\\u8d1d\\u5a1c)'),(850,11519,'2015-04-05 10:00:02','\\u5728\\u4e00\\u8d77(\\u6b27\\u8c6a)'),(851,3157,'2015-04-05 10:00:02','Celebrate(UNIQ)'),(852,24400,'2015-04-05 10:15:02','\\u548f\\u6625style(\\u674e\\u65af\\u4e39\\u59ae)'),(853,564,'2015-04-05 10:15:02','\\u540e\\u4f1a\\u65e0\\u671f(\\u9093\\u7d2b\\u68cb)'),(854,21039,'2015-04-05 10:15:02','\\u77dc\\u6301(\\u59da\\u8d1d\\u5a1c)'),(855,11519,'2015-04-05 10:15:02','\\u5728\\u4e00\\u8d77(\\u6b27\\u8c6a)'),(856,3157,'2015-04-05 10:15:02','Celebrate(UNIQ)'),(857,24510,'2015-04-05 10:30:01','\\u548f\\u6625style(\\u674e\\u65af\\u4e39\\u59ae)'),(858,564,'2015-04-05 10:30:01','\\u540e\\u4f1a\\u65e0\\u671f(\\u9093\\u7d2b\\u68cb)'),(859,21059,'2015-04-05 10:30:01','\\u77dc\\u6301(\\u59da\\u8d1d\\u5a1c)'),(860,11519,'2015-04-05 10:30:01','\\u5728\\u4e00\\u8d77(\\u6b27\\u8c6a)'),(861,3157,'2015-04-05 10:30:01','Celebrate(UNIQ)'),(862,24630,'2015-04-05 10:45:01','\\u548f\\u6625style(\\u674e\\u65af\\u4e39\\u59ae)'),(863,569,'2015-04-05 10:45:01','\\u540e\\u4f1a\\u65e0\\u671f(\\u9093\\u7d2b\\u68cb)'),(864,21109,'2015-04-05 10:45:01','\\u77dc\\u6301(\\u59da\\u8d1d\\u5a1c)'),(865,11549,'2015-04-05 10:45:01','\\u5728\\u4e00\\u8d77(\\u6b27\\u8c6a)'),(866,3157,'2015-04-05 10:45:01','Celebrate(UNIQ)'),(867,24630,'2015-04-05 11:00:01','\\u548f\\u6625style(\\u674e\\u65af\\u4e39\\u59ae)'),(868,569,'2015-04-05 11:00:01','\\u540e\\u4f1a\\u65e0\\u671f(\\u9093\\u7d2b\\u68cb)'),(869,21139,'2015-04-05 11:00:01','\\u77dc\\u6301(\\u59da\\u8d1d\\u5a1c)'),(870,11629,'2015-04-05 11:00:01','\\u5728\\u4e00\\u8d77(\\u6b27\\u8c6a)'),(871,3157,'2015-04-05 11:00:01','Celebrate(UNIQ)'),(872,24640,'2015-04-05 11:15:01','\\u548f\\u6625style(\\u674e\\u65af\\u4e39\\u59ae)'),(873,569,'2015-04-05 11:15:01','\\u540e\\u4f1a\\u65e0\\u671f(\\u9093\\u7d2b\\u68cb)'),(874,21149,'2015-04-05 11:15:01','\\u77dc\\u6301(\\u59da\\u8d1d\\u5a1c)'),(875,11639,'2015-04-05 11:15:01','\\u5728\\u4e00\\u8d77(\\u6b27\\u8c6a)'),(876,3157,'2015-04-05 11:15:01','Celebrate(UNIQ)'),(877,24660,'2015-04-05 11:30:02','\\u548f\\u6625style(\\u674e\\u65af\\u4e39\\u59ae)'),(878,569,'2015-04-05 11:30:02','\\u540e\\u4f1a\\u65e0\\u671f(\\u9093\\u7d2b\\u68cb)'),(879,21179,'2015-04-05 11:30:02','\\u77dc\\u6301(\\u59da\\u8d1d\\u5a1c)'),(880,11699,'2015-04-05 11:30:02','\\u5728\\u4e00\\u8d77(\\u6b27\\u8c6a)'),(881,3157,'2015-04-05 11:30:02','Celebrate(UNIQ)'),(882,24660,'2015-04-05 11:45:02','\\u548f\\u6625style(\\u674e\\u65af\\u4e39\\u59ae)'),(883,569,'2015-04-05 11:45:02','\\u540e\\u4f1a\\u65e0\\u671f(\\u9093\\u7d2b\\u68cb)'),(884,21209,'2015-04-05 11:45:02','\\u77dc\\u6301(\\u59da\\u8d1d\\u5a1c)'),(885,11699,'2015-04-05 11:45:02','\\u5728\\u4e00\\u8d77(\\u6b27\\u8c6a)'),(886,3157,'2015-04-05 11:45:02','Celebrate(UNIQ)'),(887,24670,'2015-04-05 12:00:01','\\u548f\\u6625style(\\u674e\\u65af\\u4e39\\u59ae)'),(888,569,'2015-04-05 12:00:01','\\u540e\\u4f1a\\u65e0\\u671f(\\u9093\\u7d2b\\u68cb)'),(889,21239,'2015-04-05 12:00:01','\\u77dc\\u6301(\\u59da\\u8d1d\\u5a1c)'),(890,11699,'2015-04-05 12:00:01','\\u5728\\u4e00\\u8d77(\\u6b27\\u8c6a)'),(891,3157,'2015-04-05 12:00:01','Celebrate(UNIQ)'),(892,24770,'2015-04-05 12:15:01','\\u548f\\u6625style(\\u674e\\u65af\\u4e39\\u59ae)'),(893,569,'2015-04-05 12:15:01','\\u540e\\u4f1a\\u65e0\\u671f(\\u9093\\u7d2b\\u68cb)'),(894,21259,'2015-04-05 12:15:01','\\u77dc\\u6301(\\u59da\\u8d1d\\u5a1c)'),(895,11729,'2015-04-05 12:15:01','\\u5728\\u4e00\\u8d77(\\u6b27\\u8c6a)'),(896,3157,'2015-04-05 12:15:01','Celebrate(UNIQ)'),(897,24910,'2015-04-05 12:30:01','\\u548f\\u6625style(\\u674e\\u65af\\u4e39\\u59ae)'),(898,569,'2015-04-05 12:30:01','\\u540e\\u4f1a\\u65e0\\u671f(\\u9093\\u7d2b\\u68cb)'),(899,21279,'2015-04-05 12:30:01','\\u77dc\\u6301(\\u59da\\u8d1d\\u5a1c)'),(900,11729,'2015-04-05 12:30:01','\\u5728\\u4e00\\u8d77(\\u6b27\\u8c6a)'),(901,3157,'2015-04-05 12:30:01','Celebrate(UNIQ)'),(902,25130,'2015-04-05 12:45:01','\\u548f\\u6625style(\\u674e\\u65af\\u4e39\\u59ae)'),(903,569,'2015-04-05 12:45:01','\\u540e\\u4f1a\\u65e0\\u671f(\\u9093\\u7d2b\\u68cb)'),(904,21289,'2015-04-05 12:45:01','\\u77dc\\u6301(\\u59da\\u8d1d\\u5a1c)'),(905,11729,'2015-04-05 12:45:01','\\u5728\\u4e00\\u8d77(\\u6b27\\u8c6a)'),(906,3157,'2015-04-05 12:45:01','Celebrate(UNIQ)'),(907,25360,'2015-04-05 13:00:01','\\u548f\\u6625style(\\u674e\\u65af\\u4e39\\u59ae)'),(908,569,'2015-04-05 13:00:01','\\u540e\\u4f1a\\u65e0\\u671f(\\u9093\\u7d2b\\u68cb)'),(909,21309,'2015-04-05 13:00:01','\\u77dc\\u6301(\\u59da\\u8d1d\\u5a1c)'),(910,11729,'2015-04-05 13:00:01','\\u5728\\u4e00\\u8d77(\\u6b27\\u8c6a)'),(911,3157,'2015-04-05 13:00:01','Celebrate(UNIQ)'),(912,25540,'2015-04-05 13:15:01','\\u548f\\u6625style(\\u674e\\u65af\\u4e39\\u59ae)'),(913,579,'2015-04-05 13:15:01','\\u540e\\u4f1a\\u65e0\\u671f(\\u9093\\u7d2b\\u68cb)'),(914,21319,'2015-04-05 13:15:01','\\u77dc\\u6301(\\u59da\\u8d1d\\u5a1c)'),(915,11729,'2015-04-05 13:15:01','\\u5728\\u4e00\\u8d77(\\u6b27\\u8c6a)'),(916,3157,'2015-04-05 13:15:01','Celebrate(UNIQ)'),(917,25580,'2015-04-05 13:30:02','\\u548f\\u6625style(\\u674e\\u65af\\u4e39\\u59ae)'),(918,579,'2015-04-05 13:30:02','\\u540e\\u4f1a\\u65e0\\u671f(\\u9093\\u7d2b\\u68cb)'),(919,21329,'2015-04-05 13:30:02','\\u77dc\\u6301(\\u59da\\u8d1d\\u5a1c)'),(920,11729,'2015-04-05 13:30:02','\\u5728\\u4e00\\u8d77(\\u6b27\\u8c6a)'),(921,3157,'2015-04-05 13:30:02','Celebrate(UNIQ)'),(922,25580,'2015-04-05 13:45:01','\\u548f\\u6625style(\\u674e\\u65af\\u4e39\\u59ae)'),(923,579,'2015-04-05 13:45:01','\\u540e\\u4f1a\\u65e0\\u671f(\\u9093\\u7d2b\\u68cb)'),(924,21349,'2015-04-05 13:45:01','\\u77dc\\u6301(\\u59da\\u8d1d\\u5a1c)'),(925,11749,'2015-04-05 13:45:01','\\u5728\\u4e00\\u8d77(\\u6b27\\u8c6a)'),(926,3157,'2015-04-05 13:45:01','Celebrate(UNIQ)'),(927,25600,'2015-04-05 14:00:01','\\u548f\\u6625style(\\u674e\\u65af\\u4e39\\u59ae)'),(928,579,'2015-04-05 14:00:01','\\u540e\\u4f1a\\u65e0\\u671f(\\u9093\\u7d2b\\u68cb)'),(929,21379,'2015-04-05 14:00:01','\\u77dc\\u6301(\\u59da\\u8d1d\\u5a1c)'),(930,11749,'2015-04-05 14:00:01','\\u5728\\u4e00\\u8d77(\\u6b27\\u8c6a)'),(931,3157,'2015-04-05 14:00:01','Celebrate(UNIQ)'),(932,25610,'2015-04-05 14:15:02','\\u548f\\u6625style(\\u674e\\u65af\\u4e39\\u59ae)'),(933,579,'2015-04-05 14:15:02','\\u540e\\u4f1a\\u65e0\\u671f(\\u9093\\u7d2b\\u68cb)'),(934,21409,'2015-04-05 14:15:02','\\u77dc\\u6301(\\u59da\\u8d1d\\u5a1c)'),(935,11749,'2015-04-05 14:15:02','\\u5728\\u4e00\\u8d77(\\u6b27\\u8c6a)'),(936,3157,'2015-04-05 14:15:02','Celebrate(UNIQ)'),(937,25612,'2015-04-05 14:30:01','\\u548f\\u6625style(\\u674e\\u65af\\u4e39\\u59ae)'),(938,579,'2015-04-05 14:30:01','\\u540e\\u4f1a\\u65e0\\u671f(\\u9093\\u7d2b\\u68cb)'),(939,21469,'2015-04-05 14:30:01','\\u77dc\\u6301(\\u59da\\u8d1d\\u5a1c)'),(940,11749,'2015-04-05 14:30:01','\\u5728\\u4e00\\u8d77(\\u6b27\\u8c6a)'),(941,3157,'2015-04-05 14:30:01','Celebrate(UNIQ)'),(942,25612,'2015-04-05 14:45:01','\\u548f\\u6625style(\\u674e\\u65af\\u4e39\\u59ae)'),(943,579,'2015-04-05 14:45:01','\\u540e\\u4f1a\\u65e0\\u671f(\\u9093\\u7d2b\\u68cb)'),(944,21499,'2015-04-05 14:45:01','\\u77dc\\u6301(\\u59da\\u8d1d\\u5a1c)'),(945,11749,'2015-04-05 14:45:01','\\u5728\\u4e00\\u8d77(\\u6b27\\u8c6a)'),(946,3157,'2015-04-05 14:45:01','Celebrate(UNIQ)'),(947,25620,'2015-04-05 15:00:01','\\u548f\\u6625style(\\u674e\\u65af\\u4e39\\u59ae)'),(948,584,'2015-04-05 15:00:01','\\u540e\\u4f1a\\u65e0\\u671f(\\u9093\\u7d2b\\u68cb)'),(949,21519,'2015-04-05 15:00:01','\\u77dc\\u6301(\\u59da\\u8d1d\\u5a1c)'),(950,11759,'2015-04-05 15:00:01','\\u5728\\u4e00\\u8d77(\\u6b27\\u8c6a)'),(951,3157,'2015-04-05 15:00:01','Celebrate(UNIQ)'),(952,25620,'2015-04-05 15:15:01','\\u548f\\u6625style(\\u674e\\u65af\\u4e39\\u59ae)'),(953,584,'2015-04-05 15:15:01','\\u540e\\u4f1a\\u65e0\\u671f(\\u9093\\u7d2b\\u68cb)'),(954,21559,'2015-04-05 15:15:01','\\u77dc\\u6301(\\u59da\\u8d1d\\u5a1c)'),(955,11759,'2015-04-05 15:15:01','\\u5728\\u4e00\\u8d77(\\u6b27\\u8c6a)'),(956,3157,'2015-04-05 15:15:01','Celebrate(UNIQ)'),(957,25620,'2015-04-05 15:30:01','\\u548f\\u6625style(\\u674e\\u65af\\u4e39\\u59ae)'),(958,584,'2015-04-05 15:30:01','\\u540e\\u4f1a\\u65e0\\u671f(\\u9093\\u7d2b\\u68cb)'),(959,21659,'2015-04-05 15:30:01','\\u77dc\\u6301(\\u59da\\u8d1d\\u5a1c)'),(960,11759,'2015-04-05 15:30:01','\\u5728\\u4e00\\u8d77(\\u6b27\\u8c6a)'),(961,3157,'2015-04-05 15:30:01','Celebrate(UNIQ)'),(962,25620,'2015-04-05 15:45:02','\\u548f\\u6625style(\\u674e\\u65af\\u4e39\\u59ae)'),(963,584,'2015-04-05 15:45:02','\\u540e\\u4f1a\\u65e0\\u671f(\\u9093\\u7d2b\\u68cb)'),(964,21689,'2015-04-05 15:45:02','\\u77dc\\u6301(\\u59da\\u8d1d\\u5a1c)'),(965,11759,'2015-04-05 15:45:02','\\u5728\\u4e00\\u8d77(\\u6b27\\u8c6a)'),(966,3157,'2015-04-05 15:45:02','Celebrate(UNIQ)'),(967,25620,'2015-04-05 16:00:02','\\u548f\\u6625style(\\u674e\\u65af\\u4e39\\u59ae)'),(968,584,'2015-04-05 16:00:02','\\u540e\\u4f1a\\u65e0\\u671f(\\u9093\\u7d2b\\u68cb)'),(969,21769,'2015-04-05 16:00:02','\\u77dc\\u6301(\\u59da\\u8d1d\\u5a1c)'),(970,11759,'2015-04-05 16:00:02','\\u5728\\u4e00\\u8d77(\\u6b27\\u8c6a)'),(971,3157,'2015-04-05 16:00:02','Celebrate(UNIQ)'),(972,25632,'2015-04-05 16:15:01','\\u548f\\u6625style(\\u674e\\u65af\\u4e39\\u59ae)'),(973,584,'2015-04-05 16:15:01','\\u540e\\u4f1a\\u65e0\\u671f(\\u9093\\u7d2b\\u68cb)'),(974,21859,'2015-04-05 16:15:01','\\u77dc\\u6301(\\u59da\\u8d1d\\u5a1c)'),(975,11759,'2015-04-05 16:15:01','\\u5728\\u4e00\\u8d77(\\u6b27\\u8c6a)'),(976,3157,'2015-04-05 16:15:01','Celebrate(UNIQ)'),(977,25632,'2015-04-05 16:30:01','\\u548f\\u6625style(\\u674e\\u65af\\u4e39\\u59ae)'),(978,584,'2015-04-05 16:30:01','\\u540e\\u4f1a\\u65e0\\u671f(\\u9093\\u7d2b\\u68cb)'),(979,21909,'2015-04-05 16:30:01','\\u77dc\\u6301(\\u59da\\u8d1d\\u5a1c)'),(980,11759,'2015-04-05 16:30:01','\\u5728\\u4e00\\u8d77(\\u6b27\\u8c6a)'),(981,3157,'2015-04-05 16:30:01','Celebrate(UNIQ)'),(982,25632,'2015-04-05 16:45:02','\\u548f\\u6625style(\\u674e\\u65af\\u4e39\\u59ae)'),(983,584,'2015-04-05 16:45:02','\\u540e\\u4f1a\\u65e0\\u671f(\\u9093\\u7d2b\\u68cb)'),(984,21959,'2015-04-05 16:45:02','\\u77dc\\u6301(\\u59da\\u8d1d\\u5a1c)'),(985,11759,'2015-04-05 16:45:02','\\u5728\\u4e00\\u8d77(\\u6b27\\u8c6a)'),(986,3157,'2015-04-05 16:45:02','Celebrate(UNIQ)'),(987,25632,'2015-04-05 17:00:02','\\u548f\\u6625style(\\u674e\\u65af\\u4e39\\u59ae)'),(988,584,'2015-04-05 17:00:02','\\u540e\\u4f1a\\u65e0\\u671f(\\u9093\\u7d2b\\u68cb)'),(989,21999,'2015-04-05 17:00:02','\\u77dc\\u6301(\\u59da\\u8d1d\\u5a1c)'),(990,11759,'2015-04-05 17:00:02','\\u5728\\u4e00\\u8d77(\\u6b27\\u8c6a)'),(991,3157,'2015-04-05 17:00:02','Celebrate(UNIQ)'),(992,25632,'2015-04-05 17:15:01','\\u548f\\u6625style(\\u674e\\u65af\\u4e39\\u59ae)'),(993,584,'2015-04-05 17:15:01','\\u540e\\u4f1a\\u65e0\\u671f(\\u9093\\u7d2b\\u68cb)'),(994,22089,'2015-04-05 17:15:01','\\u77dc\\u6301(\\u59da\\u8d1d\\u5a1c)'),(995,11759,'2015-04-05 17:15:01','\\u5728\\u4e00\\u8d77(\\u6b27\\u8c6a)'),(996,3157,'2015-04-05 17:15:01','Celebrate(UNIQ)'),(997,25632,'2015-04-05 17:30:02','\\u548f\\u6625style(\\u674e\\u65af\\u4e39\\u59ae)'),(998,584,'2015-04-05 17:30:02','\\u540e\\u4f1a\\u65e0\\u671f(\\u9093\\u7d2b\\u68cb)'),(999,22209,'2015-04-05 17:30:02','\\u77dc\\u6301(\\u59da\\u8d1d\\u5a1c)'),(1000,11759,'2015-04-05 17:30:02','\\u5728\\u4e00\\u8d77(\\u6b27\\u8c6a)'),(1001,3157,'2015-04-05 17:30:02','Celebrate(UNIQ)'),(1002,25632,'2015-04-05 17:45:02','\\u548f\\u6625style(\\u674e\\u65af\\u4e39\\u59ae)'),(1003,584,'2015-04-05 17:45:02','\\u540e\\u4f1a\\u65e0\\u671f(\\u9093\\u7d2b\\u68cb)'),(1004,22239,'2015-04-05 17:45:02','\\u77dc\\u6301(\\u59da\\u8d1d\\u5a1c)'),(1005,11759,'2015-04-05 17:45:02','\\u5728\\u4e00\\u8d77(\\u6b27\\u8c6a)'),(1006,3157,'2015-04-05 17:45:02','Celebrate(UNIQ)'),(1007,25632,'2015-04-05 18:00:01','\\u548f\\u6625style(\\u674e\\u65af\\u4e39\\u59ae)'),(1008,584,'2015-04-05 18:00:01','\\u540e\\u4f1a\\u65e0\\u671f(\\u9093\\u7d2b\\u68cb)'),(1009,22259,'2015-04-05 18:00:01','\\u77dc\\u6301(\\u59da\\u8d1d\\u5a1c)'),(1010,11759,'2015-04-05 18:00:01','\\u5728\\u4e00\\u8d77(\\u6b27\\u8c6a)'),(1011,3157,'2015-04-05 18:00:01','Celebrate(UNIQ)'),(1012,25632,'2015-04-05 18:15:01','\\u548f\\u6625style(\\u674e\\u65af\\u4e39\\u59ae)'),(1013,584,'2015-04-05 18:15:01','\\u540e\\u4f1a\\u65e0\\u671f(\\u9093\\u7d2b\\u68cb)'),(1014,22349,'2015-04-05 18:15:01','\\u77dc\\u6301(\\u59da\\u8d1d\\u5a1c)'),(1015,11759,'2015-04-05 18:15:01','\\u5728\\u4e00\\u8d77(\\u6b27\\u8c6a)'),(1016,3157,'2015-04-05 18:15:01','Celebrate(UNIQ)'),(1017,25632,'2015-04-05 18:30:01','\\u548f\\u6625style(\\u674e\\u65af\\u4e39\\u59ae)'),(1018,584,'2015-04-05 18:30:01','\\u540e\\u4f1a\\u65e0\\u671f(\\u9093\\u7d2b\\u68cb)'),(1019,22399,'2015-04-05 18:30:01','\\u77dc\\u6301(\\u59da\\u8d1d\\u5a1c)'),(1020,11759,'2015-04-05 18:30:01','\\u5728\\u4e00\\u8d77(\\u6b27\\u8c6a)'),(1021,3157,'2015-04-05 18:30:01','Celebrate(UNIQ)'),(1022,25632,'2015-04-05 18:45:02','\\u548f\\u6625style(\\u674e\\u65af\\u4e39\\u59ae)'),(1023,584,'2015-04-05 18:45:02','\\u540e\\u4f1a\\u65e0\\u671f(\\u9093\\u7d2b\\u68cb)'),(1024,22419,'2015-04-05 18:45:02','\\u77dc\\u6301(\\u59da\\u8d1d\\u5a1c)'),(1025,11759,'2015-04-05 18:45:02','\\u5728\\u4e00\\u8d77(\\u6b27\\u8c6a)'),(1026,3157,'2015-04-05 18:45:02','Celebrate(UNIQ)'),(1027,25632,'2015-04-05 19:00:01','\\u548f\\u6625style(\\u674e\\u65af\\u4e39\\u59ae)'),(1028,584,'2015-04-05 19:00:01','\\u540e\\u4f1a\\u65e0\\u671f(\\u9093\\u7d2b\\u68cb)'),(1029,22419,'2015-04-05 19:00:01','\\u77dc\\u6301(\\u59da\\u8d1d\\u5a1c)'),(1030,11759,'2015-04-05 19:00:01','\\u5728\\u4e00\\u8d77(\\u6b27\\u8c6a)'),(1031,3157,'2015-04-05 19:00:01','Celebrate(UNIQ)'),(1032,25632,'2015-04-05 19:15:02','\\u548f\\u6625style(\\u674e\\u65af\\u4e39\\u59ae)'),(1033,584,'2015-04-05 19:15:02','\\u540e\\u4f1a\\u65e0\\u671f(\\u9093\\u7d2b\\u68cb)'),(1034,22419,'2015-04-05 19:15:02','\\u77dc\\u6301(\\u59da\\u8d1d\\u5a1c)'),(1035,11759,'2015-04-05 19:15:02','\\u5728\\u4e00\\u8d77(\\u6b27\\u8c6a)'),(1036,3157,'2015-04-05 19:15:02','Celebrate(UNIQ)'),(1037,25632,'2015-04-05 19:30:02','\\u548f\\u6625style(\\u674e\\u65af\\u4e39\\u59ae)'),(1038,584,'2015-04-05 19:30:02','\\u540e\\u4f1a\\u65e0\\u671f(\\u9093\\u7d2b\\u68cb)'),(1039,22419,'2015-04-05 19:30:02','\\u77dc\\u6301(\\u59da\\u8d1d\\u5a1c)'),(1040,11759,'2015-04-05 19:30:02','\\u5728\\u4e00\\u8d77(\\u6b27\\u8c6a)'),(1041,3157,'2015-04-05 19:30:02','Celebrate(UNIQ)'),(1042,25632,'2015-04-05 19:45:01','\\u548f\\u6625style(\\u674e\\u65af\\u4e39\\u59ae)'),(1043,584,'2015-04-05 19:45:01','\\u540e\\u4f1a\\u65e0\\u671f(\\u9093\\u7d2b\\u68cb)'),(1044,22419,'2015-04-05 19:45:01','\\u77dc\\u6301(\\u59da\\u8d1d\\u5a1c)'),(1045,11759,'2015-04-05 19:45:01','\\u5728\\u4e00\\u8d77(\\u6b27\\u8c6a)'),(1046,3157,'2015-04-05 19:45:01','Celebrate(UNIQ)'),(1047,25632,'2015-04-05 20:00:01','\\u548f\\u6625style(\\u674e\\u65af\\u4e39\\u59ae)'),(1048,584,'2015-04-05 20:00:01','\\u540e\\u4f1a\\u65e0\\u671f(\\u9093\\u7d2b\\u68cb)'),(1049,22419,'2015-04-05 20:00:01','\\u77dc\\u6301(\\u59da\\u8d1d\\u5a1c)'),(1050,11759,'2015-04-05 20:00:01','\\u5728\\u4e00\\u8d77(\\u6b27\\u8c6a)'),(1051,3157,'2015-04-05 20:00:01','Celebrate(UNIQ)'),(1052,25632,'2015-04-05 20:15:01','\\u548f\\u6625style(\\u674e\\u65af\\u4e39\\u59ae)'),(1053,584,'2015-04-05 20:15:01','\\u540e\\u4f1a\\u65e0\\u671f(\\u9093\\u7d2b\\u68cb)'),(1054,22419,'2015-04-05 20:15:01','\\u77dc\\u6301(\\u59da\\u8d1d\\u5a1c)'),(1055,11759,'2015-04-05 20:15:01','\\u5728\\u4e00\\u8d77(\\u6b27\\u8c6a)'),(1056,3157,'2015-04-05 20:15:01','Celebrate(UNIQ)'),(1057,25632,'2015-04-05 20:30:02','\\u548f\\u6625style(\\u674e\\u65af\\u4e39\\u59ae)'),(1058,584,'2015-04-05 20:30:02','\\u540e\\u4f1a\\u65e0\\u671f(\\u9093\\u7d2b\\u68cb)'),(1059,22419,'2015-04-05 20:30:02','\\u77dc\\u6301(\\u59da\\u8d1d\\u5a1c)'),(1060,11759,'2015-04-05 20:30:02','\\u5728\\u4e00\\u8d77(\\u6b27\\u8c6a)'),(1061,3157,'2015-04-05 20:30:02','Celebrate(UNIQ)'),(1062,25632,'2015-04-05 20:45:01','\\u548f\\u6625style(\\u674e\\u65af\\u4e39\\u59ae)'),(1063,584,'2015-04-05 20:45:01','\\u540e\\u4f1a\\u65e0\\u671f(\\u9093\\u7d2b\\u68cb)'),(1064,22419,'2015-04-05 20:45:01','\\u77dc\\u6301(\\u59da\\u8d1d\\u5a1c)'),(1065,11759,'2015-04-05 20:45:01','\\u5728\\u4e00\\u8d77(\\u6b27\\u8c6a)'),(1066,3157,'2015-04-05 20:45:01','Celebrate(UNIQ)'),(1067,25632,'2015-04-05 21:00:01','\\u548f\\u6625style(\\u674e\\u65af\\u4e39\\u59ae)'),(1068,584,'2015-04-05 21:00:01','\\u540e\\u4f1a\\u65e0\\u671f(\\u9093\\u7d2b\\u68cb)'),(1069,22419,'2015-04-05 21:00:01','\\u77dc\\u6301(\\u59da\\u8d1d\\u5a1c)'),(1070,11759,'2015-04-05 21:00:01','\\u5728\\u4e00\\u8d77(\\u6b27\\u8c6a)'),(1071,3157,'2015-04-05 21:00:01','Celebrate(UNIQ)'),(1072,25632,'2015-04-05 21:15:02','\\u548f\\u6625style(\\u674e\\u65af\\u4e39\\u59ae)'),(1073,584,'2015-04-05 21:15:02','\\u540e\\u4f1a\\u65e0\\u671f(\\u9093\\u7d2b\\u68cb)'),(1074,22419,'2015-04-05 21:15:02','\\u77dc\\u6301(\\u59da\\u8d1d\\u5a1c)'),(1075,11759,'2015-04-05 21:15:02','\\u5728\\u4e00\\u8d77(\\u6b27\\u8c6a)'),(1076,3157,'2015-04-05 21:15:02','Celebrate(UNIQ)'),(1077,25632,'2015-04-05 21:30:01','\\u548f\\u6625style(\\u674e\\u65af\\u4e39\\u59ae)'),(1078,584,'2015-04-05 21:30:01','\\u540e\\u4f1a\\u65e0\\u671f(\\u9093\\u7d2b\\u68cb)'),(1079,22419,'2015-04-05 21:30:01','\\u77dc\\u6301(\\u59da\\u8d1d\\u5a1c)'),(1080,11759,'2015-04-05 21:30:01','\\u5728\\u4e00\\u8d77(\\u6b27\\u8c6a)'),(1081,3157,'2015-04-05 21:30:01','Celebrate(UNIQ)'),(1082,25632,'2015-04-05 21:45:01','\\u548f\\u6625style(\\u674e\\u65af\\u4e39\\u59ae)'),(1083,584,'2015-04-05 21:45:01','\\u540e\\u4f1a\\u65e0\\u671f(\\u9093\\u7d2b\\u68cb)'),(1084,22419,'2015-04-05 21:45:01','\\u77dc\\u6301(\\u59da\\u8d1d\\u5a1c)'),(1085,11759,'2015-04-05 21:45:01','\\u5728\\u4e00\\u8d77(\\u6b27\\u8c6a)'),(1086,3157,'2015-04-05 21:45:01','Celebrate(UNIQ)'),(1087,25632,'2015-04-05 22:00:01','\\u548f\\u6625style(\\u674e\\u65af\\u4e39\\u59ae)'),(1088,584,'2015-04-05 22:00:01','\\u540e\\u4f1a\\u65e0\\u671f(\\u9093\\u7d2b\\u68cb)'),(1089,22419,'2015-04-05 22:00:01','\\u77dc\\u6301(\\u59da\\u8d1d\\u5a1c)'),(1090,11759,'2015-04-05 22:00:01','\\u5728\\u4e00\\u8d77(\\u6b27\\u8c6a)'),(1091,3157,'2015-04-05 22:00:01','Celebrate(UNIQ)'),(1092,25632,'2015-04-05 22:15:02','\\u548f\\u6625style(\\u674e\\u65af\\u4e39\\u59ae)'),(1093,584,'2015-04-05 22:15:02','\\u540e\\u4f1a\\u65e0\\u671f(\\u9093\\u7d2b\\u68cb)'),(1094,22419,'2015-04-05 22:15:02','\\u77dc\\u6301(\\u59da\\u8d1d\\u5a1c)'),(1095,11759,'2015-04-05 22:15:02','\\u5728\\u4e00\\u8d77(\\u6b27\\u8c6a)'),(1096,3157,'2015-04-05 22:15:02','Celebrate(UNIQ)'),(1097,25632,'2015-04-05 22:30:01','\\u548f\\u6625style(\\u674e\\u65af\\u4e39\\u59ae)'),(1098,584,'2015-04-05 22:30:01','\\u540e\\u4f1a\\u65e0\\u671f(\\u9093\\u7d2b\\u68cb)'),(1099,22419,'2015-04-05 22:30:01','\\u77dc\\u6301(\\u59da\\u8d1d\\u5a1c)'),(1100,11759,'2015-04-05 22:30:01','\\u5728\\u4e00\\u8d77(\\u6b27\\u8c6a)'),(1101,3157,'2015-04-05 22:30:01','Celebrate(UNIQ)'),(1102,25632,'2015-04-05 22:45:02','\\u548f\\u6625style(\\u674e\\u65af\\u4e39\\u59ae)'),(1103,584,'2015-04-05 22:45:02','\\u540e\\u4f1a\\u65e0\\u671f(\\u9093\\u7d2b\\u68cb)'),(1104,22419,'2015-04-05 22:45:02','\\u77dc\\u6301(\\u59da\\u8d1d\\u5a1c)'),(1105,11759,'2015-04-05 22:45:02','\\u5728\\u4e00\\u8d77(\\u6b27\\u8c6a)'),(1106,3157,'2015-04-05 22:45:02','Celebrate(UNIQ)'),(1107,25632,'2015-04-05 23:00:01','\\u548f\\u6625style(\\u674e\\u65af\\u4e39\\u59ae)'),(1108,584,'2015-04-05 23:00:01','\\u540e\\u4f1a\\u65e0\\u671f(\\u9093\\u7d2b\\u68cb)'),(1109,22439,'2015-04-05 23:00:01','\\u77dc\\u6301(\\u59da\\u8d1d\\u5a1c)'),(1110,11759,'2015-04-05 23:00:01','\\u5728\\u4e00\\u8d77(\\u6b27\\u8c6a)'),(1111,3157,'2015-04-05 23:00:01','Celebrate(UNIQ)'),(1112,25632,'2015-04-05 23:15:01','\\u548f\\u6625style(\\u674e\\u65af\\u4e39\\u59ae)'),(1113,584,'2015-04-05 23:15:01','\\u540e\\u4f1a\\u65e0\\u671f(\\u9093\\u7d2b\\u68cb)'),(1114,22469,'2015-04-05 23:15:01','\\u77dc\\u6301(\\u59da\\u8d1d\\u5a1c)'),(1115,11759,'2015-04-05 23:15:01','\\u5728\\u4e00\\u8d77(\\u6b27\\u8c6a)'),(1116,3157,'2015-04-05 23:15:01','Celebrate(UNIQ)'),(1117,25632,'2015-04-05 23:30:02','\\u548f\\u6625style(\\u674e\\u65af\\u4e39\\u59ae)'),(1118,584,'2015-04-05 23:30:02','\\u540e\\u4f1a\\u65e0\\u671f(\\u9093\\u7d2b\\u68cb)'),(1119,22479,'2015-04-05 23:30:02','\\u77dc\\u6301(\\u59da\\u8d1d\\u5a1c)'),(1120,11759,'2015-04-05 23:30:02','\\u5728\\u4e00\\u8d77(\\u6b27\\u8c6a)'),(1121,3157,'2015-04-05 23:30:02','Celebrate(UNIQ)'),(1122,25632,'2015-04-05 23:45:01','\\u548f\\u6625style(\\u674e\\u65af\\u4e39\\u59ae)'),(1123,584,'2015-04-05 23:45:01','\\u540e\\u4f1a\\u65e0\\u671f(\\u9093\\u7d2b\\u68cb)'),(1124,22479,'2015-04-05 23:45:01','\\u77dc\\u6301(\\u59da\\u8d1d\\u5a1c)'),(1125,11759,'2015-04-05 23:45:01','\\u5728\\u4e00\\u8d77(\\u6b27\\u8c6a)'),(1126,3157,'2015-04-05 23:45:01','Celebrate(UNIQ)'),(1127,25632,'2015-04-06 00:00:01','\\u548f\\u6625style(\\u674e\\u65af\\u4e39\\u59ae)'),(1128,584,'2015-04-06 00:00:01','\\u540e\\u4f1a\\u65e0\\u671f(\\u9093\\u7d2b\\u68cb)'),(1129,22479,'2015-04-06 00:00:01','\\u77dc\\u6301(\\u59da\\u8d1d\\u5a1c)'),(1130,11759,'2015-04-06 00:00:01','\\u5728\\u4e00\\u8d77(\\u6b27\\u8c6a)'),(1131,3157,'2015-04-06 00:00:01','Celebrate(UNIQ)'),(1132,25632,'2015-04-06 00:15:02','\\u548f\\u6625style(\\u674e\\u65af\\u4e39\\u59ae)'),(1133,584,'2015-04-06 00:15:02','\\u540e\\u4f1a\\u65e0\\u671f(\\u9093\\u7d2b\\u68cb)'),(1134,22479,'2015-04-06 00:15:02','\\u77dc\\u6301(\\u59da\\u8d1d\\u5a1c)'),(1135,11759,'2015-04-06 00:15:02','\\u5728\\u4e00\\u8d77(\\u6b27\\u8c6a)'),(1136,3157,'2015-04-06 00:15:02','Celebrate(UNIQ)'),(1137,25632,'2015-04-06 00:30:01','\\u548f\\u6625style(\\u674e\\u65af\\u4e39\\u59ae)'),(1138,584,'2015-04-06 00:30:01','\\u540e\\u4f1a\\u65e0\\u671f(\\u9093\\u7d2b\\u68cb)'),(1139,22499,'2015-04-06 00:30:01','\\u77dc\\u6301(\\u59da\\u8d1d\\u5a1c)'),(1140,11759,'2015-04-06 00:30:01','\\u5728\\u4e00\\u8d77(\\u6b27\\u8c6a)'),(1141,3157,'2015-04-06 00:30:01','Celebrate(UNIQ)'),(1142,25632,'2015-04-06 00:45:02','\\u548f\\u6625style(\\u674e\\u65af\\u4e39\\u59ae)'),(1143,584,'2015-04-06 00:45:02','\\u540e\\u4f1a\\u65e0\\u671f(\\u9093\\u7d2b\\u68cb)'),(1144,22519,'2015-04-06 00:45:02','\\u77dc\\u6301(\\u59da\\u8d1d\\u5a1c)'),(1145,11759,'2015-04-06 00:45:02','\\u5728\\u4e00\\u8d77(\\u6b27\\u8c6a)'),(1146,3157,'2015-04-06 00:45:02','Celebrate(UNIQ)'),(1147,25632,'2015-04-06 01:00:01','\\u548f\\u6625style(\\u674e\\u65af\\u4e39\\u59ae)'),(1148,584,'2015-04-06 01:00:01','\\u540e\\u4f1a\\u65e0\\u671f(\\u9093\\u7d2b\\u68cb)'),(1149,22539,'2015-04-06 01:00:01','\\u77dc\\u6301(\\u59da\\u8d1d\\u5a1c)'),(1150,11759,'2015-04-06 01:00:01','\\u5728\\u4e00\\u8d77(\\u6b27\\u8c6a)'),(1151,3157,'2015-04-06 01:00:01','Celebrate(UNIQ)'),(1152,25632,'2015-04-06 01:15:01','\\u548f\\u6625style(\\u674e\\u65af\\u4e39\\u59ae)'),(1153,584,'2015-04-06 01:15:01','\\u540e\\u4f1a\\u65e0\\u671f(\\u9093\\u7d2b\\u68cb)'),(1154,22589,'2015-04-06 01:15:01','\\u77dc\\u6301(\\u59da\\u8d1d\\u5a1c)'),(1155,11759,'2015-04-06 01:15:01','\\u5728\\u4e00\\u8d77(\\u6b27\\u8c6a)'),(1156,3157,'2015-04-06 01:15:01','Celebrate(UNIQ)'),(1157,25632,'2015-04-06 01:30:02','\\u548f\\u6625style(\\u674e\\u65af\\u4e39\\u59ae)'),(1158,584,'2015-04-06 01:30:02','\\u540e\\u4f1a\\u65e0\\u671f(\\u9093\\u7d2b\\u68cb)'),(1159,22659,'2015-04-06 01:30:02','\\u77dc\\u6301(\\u59da\\u8d1d\\u5a1c)'),(1160,11759,'2015-04-06 01:30:02','\\u5728\\u4e00\\u8d77(\\u6b27\\u8c6a)'),(1161,3157,'2015-04-06 01:30:02','Celebrate(UNIQ)'),(1162,25632,'2015-04-06 01:45:02','\\u548f\\u6625style(\\u674e\\u65af\\u4e39\\u59ae)'),(1163,584,'2015-04-06 01:45:02','\\u540e\\u4f1a\\u65e0\\u671f(\\u9093\\u7d2b\\u68cb)'),(1164,22699,'2015-04-06 01:45:02','\\u77dc\\u6301(\\u59da\\u8d1d\\u5a1c)'),(1165,11759,'2015-04-06 01:45:02','\\u5728\\u4e00\\u8d77(\\u6b27\\u8c6a)'),(1166,3157,'2015-04-06 01:45:02','Celebrate(UNIQ)'),(1167,25632,'2015-04-06 02:00:01','\\u548f\\u6625style(\\u674e\\u65af\\u4e39\\u59ae)'),(1168,584,'2015-04-06 02:00:01','\\u540e\\u4f1a\\u65e0\\u671f(\\u9093\\u7d2b\\u68cb)'),(1169,22789,'2015-04-06 02:00:01','\\u77dc\\u6301(\\u59da\\u8d1d\\u5a1c)'),(1170,11759,'2015-04-06 02:00:01','\\u5728\\u4e00\\u8d77(\\u6b27\\u8c6a)'),(1171,3157,'2015-04-06 02:00:01','Celebrate(UNIQ)'),(1172,25632,'2015-04-06 02:15:01','\\u548f\\u6625style(\\u674e\\u65af\\u4e39\\u59ae)'),(1173,584,'2015-04-06 02:15:01','\\u540e\\u4f1a\\u65e0\\u671f(\\u9093\\u7d2b\\u68cb)'),(1174,22909,'2015-04-06 02:15:01','\\u77dc\\u6301(\\u59da\\u8d1d\\u5a1c)'),(1175,11759,'2015-04-06 02:15:01','\\u5728\\u4e00\\u8d77(\\u6b27\\u8c6a)'),(1176,3157,'2015-04-06 02:15:01','Celebrate(UNIQ)'),(1177,25632,'2015-04-06 02:30:01','\\u548f\\u6625style(\\u674e\\u65af\\u4e39\\u59ae)'),(1178,584,'2015-04-06 02:30:01','\\u540e\\u4f1a\\u65e0\\u671f(\\u9093\\u7d2b\\u68cb)'),(1179,23009,'2015-04-06 02:30:01','\\u77dc\\u6301(\\u59da\\u8d1d\\u5a1c)'),(1180,11759,'2015-04-06 02:30:01','\\u5728\\u4e00\\u8d77(\\u6b27\\u8c6a)'),(1181,3157,'2015-04-06 02:30:01','Celebrate(UNIQ)'),(1182,25632,'2015-04-06 02:45:02','\\u548f\\u6625style(\\u674e\\u65af\\u4e39\\u59ae)'),(1183,584,'2015-04-06 02:45:02','\\u540e\\u4f1a\\u65e0\\u671f(\\u9093\\u7d2b\\u68cb)'),(1184,23099,'2015-04-06 02:45:02','\\u77dc\\u6301(\\u59da\\u8d1d\\u5a1c)'),(1185,11759,'2015-04-06 02:45:02','\\u5728\\u4e00\\u8d77(\\u6b27\\u8c6a)'),(1186,3157,'2015-04-06 02:45:02','Celebrate(UNIQ)'),(1187,25632,'2015-04-06 03:00:01','\\u548f\\u6625style(\\u674e\\u65af\\u4e39\\u59ae)'),(1188,584,'2015-04-06 03:00:01','\\u540e\\u4f1a\\u65e0\\u671f(\\u9093\\u7d2b\\u68cb)'),(1189,23209,'2015-04-06 03:00:01','\\u77dc\\u6301(\\u59da\\u8d1d\\u5a1c)'),(1190,11759,'2015-04-06 03:00:01','\\u5728\\u4e00\\u8d77(\\u6b27\\u8c6a)'),(1191,3157,'2015-04-06 03:00:01','Celebrate(UNIQ)'),(1192,25642,'2015-04-06 03:15:01','\\u548f\\u6625style(\\u674e\\u65af\\u4e39\\u59ae)'),(1193,584,'2015-04-06 03:15:01','\\u540e\\u4f1a\\u65e0\\u671f(\\u9093\\u7d2b\\u68cb)'),(1194,23259,'2015-04-06 03:15:01','\\u77dc\\u6301(\\u59da\\u8d1d\\u5a1c)'),(1195,11759,'2015-04-06 03:15:01','\\u5728\\u4e00\\u8d77(\\u6b27\\u8c6a)'),(1196,3157,'2015-04-06 03:15:01','Celebrate(UNIQ)'),(1197,25682,'2015-04-06 03:30:02','\\u548f\\u6625style(\\u674e\\u65af\\u4e39\\u59ae)'),(1198,584,'2015-04-06 03:30:02','\\u540e\\u4f1a\\u65e0\\u671f(\\u9093\\u7d2b\\u68cb)'),(1199,23309,'2015-04-06 03:30:02','\\u77dc\\u6301(\\u59da\\u8d1d\\u5a1c)'),(1200,11759,'2015-04-06 03:30:02','\\u5728\\u4e00\\u8d77(\\u6b27\\u8c6a)'),(1201,3157,'2015-04-06 03:30:02','Celebrate(UNIQ)'),(1202,25702,'2015-04-06 03:45:02','\\u548f\\u6625style(\\u674e\\u65af\\u4e39\\u59ae)'),(1203,584,'2015-04-06 03:45:02','\\u540e\\u4f1a\\u65e0\\u671f(\\u9093\\u7d2b\\u68cb)'),(1204,23329,'2015-04-06 03:45:02','\\u77dc\\u6301(\\u59da\\u8d1d\\u5a1c)'),(1205,11759,'2015-04-06 03:45:02','\\u5728\\u4e00\\u8d77(\\u6b27\\u8c6a)'),(1206,3157,'2015-04-06 03:45:02','Celebrate(UNIQ)'),(1207,25732,'2015-04-06 04:00:01','\\u548f\\u6625style(\\u674e\\u65af\\u4e39\\u59ae)'),(1208,584,'2015-04-06 04:00:01','\\u540e\\u4f1a\\u65e0\\u671f(\\u9093\\u7d2b\\u68cb)'),(1209,23359,'2015-04-06 04:00:01','\\u77dc\\u6301(\\u59da\\u8d1d\\u5a1c)'),(1210,11759,'2015-04-06 04:00:01','\\u5728\\u4e00\\u8d77(\\u6b27\\u8c6a)'),(1211,3157,'2015-04-06 04:00:01','Celebrate(UNIQ)'),(1212,25742,'2015-04-06 04:15:01','\\u548f\\u6625style(\\u674e\\u65af\\u4e39\\u59ae)'),(1213,584,'2015-04-06 04:15:01','\\u540e\\u4f1a\\u65e0\\u671f(\\u9093\\u7d2b\\u68cb)'),(1214,23369,'2015-04-06 04:15:01','\\u77dc\\u6301(\\u59da\\u8d1d\\u5a1c)'),(1215,11759,'2015-04-06 04:15:01','\\u5728\\u4e00\\u8d77(\\u6b27\\u8c6a)'),(1216,3157,'2015-04-06 04:15:01','Celebrate(UNIQ)'),(1217,25792,'2015-04-06 04:30:02','\\u548f\\u6625style(\\u674e\\u65af\\u4e39\\u59ae)'),(1218,584,'2015-04-06 04:30:02','\\u540e\\u4f1a\\u65e0\\u671f(\\u9093\\u7d2b\\u68cb)'),(1219,23379,'2015-04-06 04:30:02','\\u77dc\\u6301(\\u59da\\u8d1d\\u5a1c)'),(1220,11759,'2015-04-06 04:30:02','\\u5728\\u4e00\\u8d77(\\u6b27\\u8c6a)'),(1221,3157,'2015-04-06 04:30:02','Celebrate(UNIQ)'),(1222,25852,'2015-04-06 04:45:01','\\u548f\\u6625style(\\u674e\\u65af\\u4e39\\u59ae)'),(1223,594,'2015-04-06 04:45:01','\\u540e\\u4f1a\\u65e0\\u671f(\\u9093\\u7d2b\\u68cb)'),(1224,23409,'2015-04-06 04:45:01','\\u77dc\\u6301(\\u59da\\u8d1d\\u5a1c)'),(1225,11759,'2015-04-06 04:45:01','\\u5728\\u4e00\\u8d77(\\u6b27\\u8c6a)'),(1226,3157,'2015-04-06 04:45:01','Celebrate(UNIQ)'),(1227,25922,'2015-04-06 05:00:02','\\u548f\\u6625style(\\u674e\\u65af\\u4e39\\u59ae)'),(1228,594,'2015-04-06 05:00:02','\\u540e\\u4f1a\\u65e0\\u671f(\\u9093\\u7d2b\\u68cb)'),(1229,23409,'2015-04-06 05:00:02','\\u77dc\\u6301(\\u59da\\u8d1d\\u5a1c)'),(1230,11759,'2015-04-06 05:00:02','\\u5728\\u4e00\\u8d77(\\u6b27\\u8c6a)'),(1231,3157,'2015-04-06 05:00:02','Celebrate(UNIQ)'),(1232,26042,'2015-04-06 05:15:02','\\u548f\\u6625style(\\u674e\\u65af\\u4e39\\u59ae)'),(1233,594,'2015-04-06 05:15:02','\\u540e\\u4f1a\\u65e0\\u671f(\\u9093\\u7d2b\\u68cb)'),(1234,23409,'2015-04-06 05:15:02','\\u77dc\\u6301(\\u59da\\u8d1d\\u5a1c)'),(1235,11769,'2015-04-06 05:15:02','\\u5728\\u4e00\\u8d77(\\u6b27\\u8c6a)'),(1236,3157,'2015-04-06 05:15:02','Celebrate(UNIQ)'),(1237,26082,'2015-04-06 05:30:01','\\u548f\\u6625style(\\u674e\\u65af\\u4e39\\u59ae)'),(1238,594,'2015-04-06 05:30:01','\\u540e\\u4f1a\\u65e0\\u671f(\\u9093\\u7d2b\\u68cb)'),(1239,23419,'2015-04-06 05:30:01','\\u77dc\\u6301(\\u59da\\u8d1d\\u5a1c)'),(1240,11779,'2015-04-06 05:30:01','\\u5728\\u4e00\\u8d77(\\u6b27\\u8c6a)'),(1241,3157,'2015-04-06 05:30:01','Celebrate(UNIQ)'),(1242,26122,'2015-04-06 05:45:01','\\u548f\\u6625style(\\u674e\\u65af\\u4e39\\u59ae)'),(1243,594,'2015-04-06 05:45:01','\\u540e\\u4f1a\\u65e0\\u671f(\\u9093\\u7d2b\\u68cb)'),(1244,23439,'2015-04-06 05:45:01','\\u77dc\\u6301(\\u59da\\u8d1d\\u5a1c)'),(1245,11789,'2015-04-06 05:45:01','\\u5728\\u4e00\\u8d77(\\u6b27\\u8c6a)'),(1246,3157,'2015-04-06 05:45:01','Celebrate(UNIQ)'),(1247,26132,'2015-04-06 06:00:02','\\u548f\\u6625style(\\u674e\\u65af\\u4e39\\u59ae)'),(1248,594,'2015-04-06 06:00:02','\\u540e\\u4f1a\\u65e0\\u671f(\\u9093\\u7d2b\\u68cb)'),(1249,23459,'2015-04-06 06:00:02','\\u77dc\\u6301(\\u59da\\u8d1d\\u5a1c)'),(1250,11789,'2015-04-06 06:00:02','\\u5728\\u4e00\\u8d77(\\u6b27\\u8c6a)'),(1251,3157,'2015-04-06 06:00:02','Celebrate(UNIQ)'),(1252,26152,'2015-04-06 06:15:01','\\u548f\\u6625style(\\u674e\\u65af\\u4e39\\u59ae)'),(1253,594,'2015-04-06 06:15:01','\\u540e\\u4f1a\\u65e0\\u671f(\\u9093\\u7d2b\\u68cb)'),(1254,23519,'2015-04-06 06:15:01','\\u77dc\\u6301(\\u59da\\u8d1d\\u5a1c)'),(1255,11789,'2015-04-06 06:15:01','\\u5728\\u4e00\\u8d77(\\u6b27\\u8c6a)'),(1256,3157,'2015-04-06 06:15:01','Celebrate(UNIQ)'),(1257,26202,'2015-04-06 06:30:02','\\u548f\\u6625style(\\u674e\\u65af\\u4e39\\u59ae)'),(1258,594,'2015-04-06 06:30:02','\\u540e\\u4f1a\\u65e0\\u671f(\\u9093\\u7d2b\\u68cb)'),(1259,23529,'2015-04-06 06:30:02','\\u77dc\\u6301(\\u59da\\u8d1d\\u5a1c)'),(1260,11789,'2015-04-06 06:30:02','\\u5728\\u4e00\\u8d77(\\u6b27\\u8c6a)'),(1261,3157,'2015-04-06 06:30:02','Celebrate(UNIQ)'),(1262,26202,'2015-04-06 06:45:01','\\u548f\\u6625style(\\u674e\\u65af\\u4e39\\u59ae)'),(1263,594,'2015-04-06 06:45:01','\\u540e\\u4f1a\\u65e0\\u671f(\\u9093\\u7d2b\\u68cb)'),(1264,23559,'2015-04-06 06:45:01','\\u77dc\\u6301(\\u59da\\u8d1d\\u5a1c)'),(1265,11789,'2015-04-06 06:45:01','\\u5728\\u4e00\\u8d77(\\u6b27\\u8c6a)'),(1266,3157,'2015-04-06 06:45:01','Celebrate(UNIQ)'),(1267,26252,'2015-04-06 07:00:01','\\u548f\\u6625style(\\u674e\\u65af\\u4e39\\u59ae)'),(1268,594,'2015-04-06 07:00:01','\\u540e\\u4f1a\\u65e0\\u671f(\\u9093\\u7d2b\\u68cb)'),(1269,23569,'2015-04-06 07:00:01','\\u77dc\\u6301(\\u59da\\u8d1d\\u5a1c)'),(1270,11789,'2015-04-06 07:00:01','\\u5728\\u4e00\\u8d77(\\u6b27\\u8c6a)'),(1271,3157,'2015-04-06 07:00:01','Celebrate(UNIQ)'),(1272,26252,'2015-04-06 07:15:02','\\u548f\\u6625style(\\u674e\\u65af\\u4e39\\u59ae)'),(1273,594,'2015-04-06 07:15:02','\\u540e\\u4f1a\\u65e0\\u671f(\\u9093\\u7d2b\\u68cb)'),(1274,23599,'2015-04-06 07:15:02','\\u77dc\\u6301(\\u59da\\u8d1d\\u5a1c)'),(1275,11789,'2015-04-06 07:15:02','\\u5728\\u4e00\\u8d77(\\u6b27\\u8c6a)'),(1276,3157,'2015-04-06 07:15:02','Celebrate(UNIQ)'),(1277,26252,'2015-04-06 07:30:01','\\u548f\\u6625style(\\u674e\\u65af\\u4e39\\u59ae)'),(1278,594,'2015-04-06 07:30:01','\\u540e\\u4f1a\\u65e0\\u671f(\\u9093\\u7d2b\\u68cb)'),(1279,23619,'2015-04-06 07:30:01','\\u77dc\\u6301(\\u59da\\u8d1d\\u5a1c)'),(1280,11789,'2015-04-06 07:30:01','\\u5728\\u4e00\\u8d77(\\u6b27\\u8c6a)'),(1281,3157,'2015-04-06 07:30:01','Celebrate(UNIQ)'),(1282,26322,'2015-04-06 07:45:02','\\u548f\\u6625style(\\u674e\\u65af\\u4e39\\u59ae)'),(1283,594,'2015-04-06 07:45:02','\\u540e\\u4f1a\\u65e0\\u671f(\\u9093\\u7d2b\\u68cb)'),(1284,23619,'2015-04-06 07:45:02','\\u77dc\\u6301(\\u59da\\u8d1d\\u5a1c)'),(1285,11789,'2015-04-06 07:45:02','\\u5728\\u4e00\\u8d77(\\u6b27\\u8c6a)'),(1286,3157,'2015-04-06 07:45:02','Celebrate(UNIQ)'),(1287,26332,'2015-04-06 08:00:02','\\u548f\\u6625style(\\u674e\\u65af\\u4e39\\u59ae)'),(1288,594,'2015-04-06 08:00:02','\\u540e\\u4f1a\\u65e0\\u671f(\\u9093\\u7d2b\\u68cb)'),(1289,23639,'2015-04-06 08:00:02','\\u77dc\\u6301(\\u59da\\u8d1d\\u5a1c)'),(1290,11789,'2015-04-06 08:00:02','\\u5728\\u4e00\\u8d77(\\u6b27\\u8c6a)'),(1291,3157,'2015-04-06 08:00:02','Celebrate(UNIQ)'),(1292,26340,'2015-04-06 08:15:02','\\u548f\\u6625style(\\u674e\\u65af\\u4e39\\u59ae)'),(1293,594,'2015-04-06 08:15:02','\\u540e\\u4f1a\\u65e0\\u671f(\\u9093\\u7d2b\\u68cb)'),(1294,23649,'2015-04-06 08:15:02','\\u77dc\\u6301(\\u59da\\u8d1d\\u5a1c)'),(1295,11789,'2015-04-06 08:15:02','\\u5728\\u4e00\\u8d77(\\u6b27\\u8c6a)'),(1296,3157,'2015-04-06 08:15:02','Celebrate(UNIQ)'),(1297,26340,'2015-04-06 08:30:01','\\u548f\\u6625style(\\u674e\\u65af\\u4e39\\u59ae)'),(1298,594,'2015-04-06 08:30:01','\\u540e\\u4f1a\\u65e0\\u671f(\\u9093\\u7d2b\\u68cb)'),(1299,23679,'2015-04-06 08:30:01','\\u77dc\\u6301(\\u59da\\u8d1d\\u5a1c)'),(1300,11789,'2015-04-06 08:30:01','\\u5728\\u4e00\\u8d77(\\u6b27\\u8c6a)'),(1301,3157,'2015-04-06 08:30:01','Celebrate(UNIQ)'),(1302,26340,'2015-04-06 08:45:01','\\u548f\\u6625style(\\u674e\\u65af\\u4e39\\u59ae)'),(1303,594,'2015-04-06 08:45:01','\\u540e\\u4f1a\\u65e0\\u671f(\\u9093\\u7d2b\\u68cb)'),(1304,23679,'2015-04-06 08:45:01','\\u77dc\\u6301(\\u59da\\u8d1d\\u5a1c)'),(1305,11789,'2015-04-06 08:45:01','\\u5728\\u4e00\\u8d77(\\u6b27\\u8c6a)'),(1306,3157,'2015-04-06 08:45:01','Celebrate(UNIQ)'),(1307,26340,'2015-04-06 09:00:02','\\u548f\\u6625style(\\u674e\\u65af\\u4e39\\u59ae)'),(1308,594,'2015-04-06 09:00:02','\\u540e\\u4f1a\\u65e0\\u671f(\\u9093\\u7d2b\\u68cb)'),(1309,23689,'2015-04-06 09:00:02','\\u77dc\\u6301(\\u59da\\u8d1d\\u5a1c)'),(1310,11789,'2015-04-06 09:00:02','\\u5728\\u4e00\\u8d77(\\u6b27\\u8c6a)'),(1311,3157,'2015-04-06 09:00:02','Celebrate(UNIQ)'),(1312,26340,'2015-04-06 09:15:01','\\u548f\\u6625style(\\u674e\\u65af\\u4e39\\u59ae)'),(1313,604,'2015-04-06 09:15:01','\\u540e\\u4f1a\\u65e0\\u671f(\\u9093\\u7d2b\\u68cb)'),(1314,23729,'2015-04-06 09:15:01','\\u77dc\\u6301(\\u59da\\u8d1d\\u5a1c)'),(1315,11799,'2015-04-06 09:15:01','\\u5728\\u4e00\\u8d77(\\u6b27\\u8c6a)'),(1316,3157,'2015-04-06 09:15:01','Celebrate(UNIQ)'),(1317,26340,'2015-04-06 09:30:01','\\u548f\\u6625style(\\u674e\\u65af\\u4e39\\u59ae)'),(1318,604,'2015-04-06 09:30:01','\\u540e\\u4f1a\\u65e0\\u671f(\\u9093\\u7d2b\\u68cb)'),(1319,23769,'2015-04-06 09:30:01','\\u77dc\\u6301(\\u59da\\u8d1d\\u5a1c)'),(1320,11799,'2015-04-06 09:30:01','\\u5728\\u4e00\\u8d77(\\u6b27\\u8c6a)'),(1321,3157,'2015-04-06 09:30:01','Celebrate(UNIQ)'),(1322,26340,'2015-04-06 09:45:01','\\u548f\\u6625style(\\u674e\\u65af\\u4e39\\u59ae)'),(1323,604,'2015-04-06 09:45:01','\\u540e\\u4f1a\\u65e0\\u671f(\\u9093\\u7d2b\\u68cb)'),(1324,23859,'2015-04-06 09:45:01','\\u77dc\\u6301(\\u59da\\u8d1d\\u5a1c)'),(1325,11799,'2015-04-06 09:45:01','\\u5728\\u4e00\\u8d77(\\u6b27\\u8c6a)'),(1326,3157,'2015-04-06 09:45:01','Celebrate(UNIQ)'),(1327,26340,'2015-04-06 10:00:02','\\u548f\\u6625style(\\u674e\\u65af\\u4e39\\u59ae)'),(1328,604,'2015-04-06 10:00:02','\\u540e\\u4f1a\\u65e0\\u671f(\\u9093\\u7d2b\\u68cb)'),(1329,23869,'2015-04-06 10:00:02','\\u77dc\\u6301(\\u59da\\u8d1d\\u5a1c)'),(1330,11799,'2015-04-06 10:00:02','\\u5728\\u4e00\\u8d77(\\u6b27\\u8c6a)'),(1331,3157,'2015-04-06 10:00:02','Celebrate(UNIQ)'),(1332,26340,'2015-04-06 10:15:01','\\u548f\\u6625style(\\u674e\\u65af\\u4e39\\u59ae)'),(1333,604,'2015-04-06 10:15:01','\\u540e\\u4f1a\\u65e0\\u671f(\\u9093\\u7d2b\\u68cb)'),(1334,23919,'2015-04-06 10:15:01','\\u77dc\\u6301(\\u59da\\u8d1d\\u5a1c)'),(1335,11799,'2015-04-06 10:15:01','\\u5728\\u4e00\\u8d77(\\u6b27\\u8c6a)'),(1336,3157,'2015-04-06 10:15:01','Celebrate(UNIQ)'),(1337,26340,'2015-04-06 10:30:01','\\u548f\\u6625style(\\u674e\\u65af\\u4e39\\u59ae)'),(1338,604,'2015-04-06 10:30:01','\\u540e\\u4f1a\\u65e0\\u671f(\\u9093\\u7d2b\\u68cb)'),(1339,23939,'2015-04-06 10:30:01','\\u77dc\\u6301(\\u59da\\u8d1d\\u5a1c)'),(1340,11799,'2015-04-06 10:30:01','\\u5728\\u4e00\\u8d77(\\u6b27\\u8c6a)'),(1341,3157,'2015-04-06 10:30:01','Celebrate(UNIQ)'),(1342,26340,'2015-04-06 10:45:01','\\u548f\\u6625style(\\u674e\\u65af\\u4e39\\u59ae)'),(1343,2235,'2015-04-06 10:45:01','\\u540e\\u4f1a\\u65e0\\u671f(\\u9093\\u7d2b\\u68cb)'),(1344,23979,'2015-04-06 10:45:01','\\u77dc\\u6301(\\u59da\\u8d1d\\u5a1c)'),(1345,11799,'2015-04-06 10:45:01','\\u5728\\u4e00\\u8d77(\\u6b27\\u8c6a)'),(1346,3157,'2015-04-06 10:45:01','Celebrate(UNIQ)'),(1347,26340,'2015-04-06 11:00:01','\\u548f\\u6625style(\\u674e\\u65af\\u4e39\\u59ae)'),(1348,4068,'2015-04-06 11:00:01','\\u540e\\u4f1a\\u65e0\\u671f(\\u9093\\u7d2b\\u68cb)'),(1349,24049,'2015-04-06 11:00:01','\\u77dc\\u6301(\\u59da\\u8d1d\\u5a1c)'),(1350,11800,'2015-04-06 11:00:01','\\u5728\\u4e00\\u8d77(\\u6b27\\u8c6a)'),(1351,3157,'2015-04-06 11:00:01','Celebrate(UNIQ)'),(1352,26340,'2015-04-06 11:15:01','\\u548f\\u6625style(\\u674e\\u65af\\u4e39\\u59ae)'),(1353,6032,'2015-04-06 11:15:01','\\u540e\\u4f1a\\u65e0\\u671f(\\u9093\\u7d2b\\u68cb)'),(1354,24079,'2015-04-06 11:15:01','\\u77dc\\u6301(\\u59da\\u8d1d\\u5a1c)'),(1355,11800,'2015-04-06 11:15:01','\\u5728\\u4e00\\u8d77(\\u6b27\\u8c6a)'),(1356,3157,'2015-04-06 11:15:01','Celebrate(UNIQ)'),(1357,26340,'2015-04-06 11:30:01','\\u548f\\u6625style(\\u674e\\u65af\\u4e39\\u59ae)'),(1358,7870,'2015-04-06 11:30:01','\\u540e\\u4f1a\\u65e0\\u671f(\\u9093\\u7d2b\\u68cb)'),(1359,24099,'2015-04-06 11:30:01','\\u77dc\\u6301(\\u59da\\u8d1d\\u5a1c)'),(1360,11800,'2015-04-06 11:30:01','\\u5728\\u4e00\\u8d77(\\u6b27\\u8c6a)'),(1361,3157,'2015-04-06 11:30:01','Celebrate(UNIQ)'),(1362,26340,'2015-04-06 11:45:01','\\u548f\\u6625style(\\u674e\\u65af\\u4e39\\u59ae)'),(1363,9693,'2015-04-06 11:45:01','\\u540e\\u4f1a\\u65e0\\u671f(\\u9093\\u7d2b\\u68cb)'),(1364,24149,'2015-04-06 11:45:01','\\u77dc\\u6301(\\u59da\\u8d1d\\u5a1c)'),(1365,11800,'2015-04-06 11:45:01','\\u5728\\u4e00\\u8d77(\\u6b27\\u8c6a)'),(1366,3157,'2015-04-06 11:45:01','Celebrate(UNIQ)'),(1367,26522,'2015-04-06 12:00:02','\\u548f\\u6625style(\\u674e\\u65af\\u4e39\\u59ae)'),(1368,11478,'2015-04-06 12:00:02','\\u540e\\u4f1a\\u65e0\\u671f(\\u9093\\u7d2b\\u68cb)'),(1369,24149,'2015-04-06 12:00:02','\\u77dc\\u6301(\\u59da\\u8d1d\\u5a1c)'),(1370,11800,'2015-04-06 12:00:02','\\u5728\\u4e00\\u8d77(\\u6b27\\u8c6a)'),(1371,3157,'2015-04-06 12:00:02','Celebrate(UNIQ)'),(1372,26872,'2015-04-06 12:15:01','\\u548f\\u6625style(\\u674e\\u65af\\u4e39\\u59ae)'),(1373,13328,'2015-04-06 12:15:01','\\u540e\\u4f1a\\u65e0\\u671f(\\u9093\\u7d2b\\u68cb)'),(1374,24169,'2015-04-06 12:15:01','\\u77dc\\u6301(\\u59da\\u8d1d\\u5a1c)'),(1375,11800,'2015-04-06 12:15:01','\\u5728\\u4e00\\u8d77(\\u6b27\\u8c6a)'),(1376,3157,'2015-04-06 12:15:01','Celebrate(UNIQ)'),(1377,27232,'2015-04-06 12:30:01','\\u548f\\u6625style(\\u674e\\u65af\\u4e39\\u59ae)'),(1378,15163,'2015-04-06 12:30:01','\\u540e\\u4f1a\\u65e0\\u671f(\\u9093\\u7d2b\\u68cb)'),(1379,24189,'2015-04-06 12:30:01','\\u77dc\\u6301(\\u59da\\u8d1d\\u5a1c)'),(1380,11800,'2015-04-06 12:30:01','\\u5728\\u4e00\\u8d77(\\u6b27\\u8c6a)'),(1381,3157,'2015-04-06 12:30:01','Celebrate(UNIQ)'),(1382,27592,'2015-04-06 12:45:01','\\u548f\\u6625style(\\u674e\\u65af\\u4e39\\u59ae)'),(1383,16119,'2015-04-06 12:45:01','\\u540e\\u4f1a\\u65e0\\u671f(\\u9093\\u7d2b\\u68cb)'),(1384,24309,'2015-04-06 12:45:01','\\u77dc\\u6301(\\u59da\\u8d1d\\u5a1c)'),(1385,11810,'2015-04-06 12:45:01','\\u5728\\u4e00\\u8d77(\\u6b27\\u8c6a)'),(1386,3157,'2015-04-06 12:45:01','Celebrate(UNIQ)'),(1387,28042,'2015-04-06 13:00:01','\\u548f\\u6625style(\\u674e\\u65af\\u4e39\\u59ae)'),(1388,16129,'2015-04-06 13:00:01','\\u540e\\u4f1a\\u65e0\\u671f(\\u9093\\u7d2b\\u68cb)'),(1389,24349,'2015-04-06 13:00:01','\\u77dc\\u6301(\\u59da\\u8d1d\\u5a1c)'),(1390,11810,'2015-04-06 13:00:01','\\u5728\\u4e00\\u8d77(\\u6b27\\u8c6a)'),(1391,3157,'2015-04-06 13:00:01','Celebrate(UNIQ)'),(1392,28402,'2015-04-06 13:15:01','\\u548f\\u6625style(\\u674e\\u65af\\u4e39\\u59ae)'),(1393,16129,'2015-04-06 13:15:01','\\u540e\\u4f1a\\u65e0\\u671f(\\u9093\\u7d2b\\u68cb)'),(1394,24349,'2015-04-06 13:15:01','\\u77dc\\u6301(\\u59da\\u8d1d\\u5a1c)'),(1395,11810,'2015-04-06 13:15:01','\\u5728\\u4e00\\u8d77(\\u6b27\\u8c6a)'),(1396,3157,'2015-04-06 13:15:01','Celebrate(UNIQ)'),(1397,28782,'2015-04-06 13:30:02','\\u548f\\u6625style(\\u674e\\u65af\\u4e39\\u59ae)'),(1398,16129,'2015-04-06 13:30:02','\\u540e\\u4f1a\\u65e0\\u671f(\\u9093\\u7d2b\\u68cb)'),(1399,24349,'2015-04-06 13:30:02','\\u77dc\\u6301(\\u59da\\u8d1d\\u5a1c)'),(1400,11810,'2015-04-06 13:30:02','\\u5728\\u4e00\\u8d77(\\u6b27\\u8c6a)'),(1401,3157,'2015-04-06 13:30:02','Celebrate(UNIQ)'),(1402,29032,'2015-04-06 13:45:02','\\u548f\\u6625style(\\u674e\\u65af\\u4e39\\u59ae)'),(1403,16129,'2015-04-06 13:45:02','\\u540e\\u4f1a\\u65e0\\u671f(\\u9093\\u7d2b\\u68cb)'),(1404,24349,'2015-04-06 13:45:02','\\u77dc\\u6301(\\u59da\\u8d1d\\u5a1c)'),(1405,11810,'2015-04-06 13:45:02','\\u5728\\u4e00\\u8d77(\\u6b27\\u8c6a)'),(1406,3187,'2015-04-06 13:45:02','Celebrate(UNIQ)'),(1407,29372,'2015-04-06 14:00:01','\\u548f\\u6625style(\\u674e\\u65af\\u4e39\\u59ae)'),(1408,16129,'2015-04-06 14:00:01','\\u540e\\u4f1a\\u65e0\\u671f(\\u9093\\u7d2b\\u68cb)'),(1409,24379,'2015-04-06 14:00:01','\\u77dc\\u6301(\\u59da\\u8d1d\\u5a1c)'),(1410,11810,'2015-04-06 14:00:01','\\u5728\\u4e00\\u8d77(\\u6b27\\u8c6a)'),(1411,3197,'2015-04-06 14:00:01','Celebrate(UNIQ)'),(1412,29812,'2015-04-06 14:15:03','\\u548f\\u6625style(\\u674e\\u65af\\u4e39\\u59ae)'),(1413,16129,'2015-04-06 14:15:03','\\u540e\\u4f1a\\u65e0\\u671f(\\u9093\\u7d2b\\u68cb)'),(1414,24409,'2015-04-06 14:15:03','\\u77dc\\u6301(\\u59da\\u8d1d\\u5a1c)'),(1415,11810,'2015-04-06 14:15:03','\\u5728\\u4e00\\u8d77(\\u6b27\\u8c6a)'),(1416,3207,'2015-04-06 14:15:03','Celebrate(UNIQ)'),(1417,30092,'2015-04-06 14:30:02','\\u548f\\u6625style(\\u674e\\u65af\\u4e39\\u59ae)'),(1418,16129,'2015-04-06 14:30:02','\\u540e\\u4f1a\\u65e0\\u671f(\\u9093\\u7d2b\\u68cb)'),(1419,24449,'2015-04-06 14:30:02','\\u77dc\\u6301(\\u59da\\u8d1d\\u5a1c)'),(1420,11810,'2015-04-06 14:30:02','\\u5728\\u4e00\\u8d77(\\u6b27\\u8c6a)'),(1421,3207,'2015-04-06 14:30:02','Celebrate(UNIQ)'),(1422,30242,'2015-04-06 14:45:01','\\u548f\\u6625style(\\u674e\\u65af\\u4e39\\u59ae)'),(1423,16129,'2015-04-06 14:45:01','\\u540e\\u4f1a\\u65e0\\u671f(\\u9093\\u7d2b\\u68cb)'),(1424,24459,'2015-04-06 14:45:01','\\u77dc\\u6301(\\u59da\\u8d1d\\u5a1c)'),(1425,11820,'2015-04-06 14:45:01','\\u5728\\u4e00\\u8d77(\\u6b27\\u8c6a)'),(1426,3207,'2015-04-06 14:45:01','Celebrate(UNIQ)'),(1427,30402,'2015-04-06 15:00:02','\\u548f\\u6625style(\\u674e\\u65af\\u4e39\\u59ae)'),(1428,16129,'2015-04-06 15:00:02','\\u540e\\u4f1a\\u65e0\\u671f(\\u9093\\u7d2b\\u68cb)'),(1429,24469,'2015-04-06 15:00:02','\\u77dc\\u6301(\\u59da\\u8d1d\\u5a1c)'),(1430,11830,'2015-04-06 15:00:02','\\u5728\\u4e00\\u8d77(\\u6b27\\u8c6a)'),(1431,3207,'2015-04-06 15:00:02','Celebrate(UNIQ)'),(1432,30562,'2015-04-06 15:15:01','\\u548f\\u6625style(\\u674e\\u65af\\u4e39\\u59ae)'),(1433,16139,'2015-04-06 15:15:01','\\u540e\\u4f1a\\u65e0\\u671f(\\u9093\\u7d2b\\u68cb)'),(1434,24509,'2015-04-06 15:15:01','\\u77dc\\u6301(\\u59da\\u8d1d\\u5a1c)'),(1435,11840,'2015-04-06 15:15:01','\\u5728\\u4e00\\u8d77(\\u6b27\\u8c6a)'),(1436,3207,'2015-04-06 15:15:01','Celebrate(UNIQ)'),(1437,30732,'2015-04-06 15:30:01','\\u548f\\u6625style(\\u674e\\u65af\\u4e39\\u59ae)'),(1438,16170,'2015-04-06 15:30:01','\\u540e\\u4f1a\\u65e0\\u671f(\\u9093\\u7d2b\\u68cb)'),(1439,24529,'2015-04-06 15:30:01','\\u77dc\\u6301(\\u59da\\u8d1d\\u5a1c)'),(1440,11840,'2015-04-06 15:30:01','\\u5728\\u4e00\\u8d77(\\u6b27\\u8c6a)'),(1441,3237,'2015-04-06 15:30:01','Celebrate(UNIQ)'),(1442,30992,'2015-04-06 15:45:02','\\u548f\\u6625style(\\u674e\\u65af\\u4e39\\u59ae)'),(1443,16170,'2015-04-06 15:45:02','\\u540e\\u4f1a\\u65e0\\u671f(\\u9093\\u7d2b\\u68cb)'),(1444,24639,'2015-04-06 15:45:02','\\u77dc\\u6301(\\u59da\\u8d1d\\u5a1c)'),(1445,11860,'2015-04-06 15:45:02','\\u5728\\u4e00\\u8d77(\\u6b27\\u8c6a)'),(1446,3327,'2015-04-06 15:45:02','Celebrate(UNIQ)'),(1447,31092,'2015-04-06 16:00:01','\\u548f\\u6625style(\\u674e\\u65af\\u4e39\\u59ae)'),(1448,16170,'2015-04-06 16:00:01','\\u540e\\u4f1a\\u65e0\\u671f(\\u9093\\u7d2b\\u68cb)'),(1449,24699,'2015-04-06 16:00:01','\\u77dc\\u6301(\\u59da\\u8d1d\\u5a1c)'),(1450,11880,'2015-04-06 16:00:01','\\u5728\\u4e00\\u8d77(\\u6b27\\u8c6a)'),(1451,3387,'2015-04-06 16:00:01','Celebrate(UNIQ)'),(1452,31252,'2015-04-06 16:15:01','\\u548f\\u6625style(\\u674e\\u65af\\u4e39\\u59ae)'),(1453,16170,'2015-04-06 16:15:01','\\u540e\\u4f1a\\u65e0\\u671f(\\u9093\\u7d2b\\u68cb)'),(1454,24769,'2015-04-06 16:15:01','\\u77dc\\u6301(\\u59da\\u8d1d\\u5a1c)'),(1455,11900,'2015-04-06 16:15:01','\\u5728\\u4e00\\u8d77(\\u6b27\\u8c6a)'),(1456,3387,'2015-04-06 16:15:01','Celebrate(UNIQ)'),(1457,31362,'2015-04-06 16:30:01','\\u548f\\u6625style(\\u674e\\u65af\\u4e39\\u59ae)'),(1458,16170,'2015-04-06 16:30:01','\\u540e\\u4f1a\\u65e0\\u671f(\\u9093\\u7d2b\\u68cb)'),(1459,24839,'2015-04-06 16:30:01','\\u77dc\\u6301(\\u59da\\u8d1d\\u5a1c)'),(1460,11910,'2015-04-06 16:30:01','\\u5728\\u4e00\\u8d77(\\u6b27\\u8c6a)'),(1461,3387,'2015-04-06 16:30:01','Celebrate(UNIQ)'),(1462,31512,'2015-04-06 16:45:02','\\u548f\\u6625style(\\u674e\\u65af\\u4e39\\u59ae)'),(1463,16170,'2015-04-06 16:45:02','\\u540e\\u4f1a\\u65e0\\u671f(\\u9093\\u7d2b\\u68cb)'),(1464,24899,'2015-04-06 16:45:02','\\u77dc\\u6301(\\u59da\\u8d1d\\u5a1c)'),(1465,11910,'2015-04-06 16:45:02','\\u5728\\u4e00\\u8d77(\\u6b27\\u8c6a)'),(1466,3387,'2015-04-06 16:45:02','Celebrate(UNIQ)'),(1467,31632,'2015-04-06 17:00:01','\\u548f\\u6625style(\\u674e\\u65af\\u4e39\\u59ae)'),(1468,16170,'2015-04-06 17:00:01','\\u540e\\u4f1a\\u65e0\\u671f(\\u9093\\u7d2b\\u68cb)'),(1469,24919,'2015-04-06 17:00:01','\\u77dc\\u6301(\\u59da\\u8d1d\\u5a1c)'),(1470,11910,'2015-04-06 17:00:01','\\u5728\\u4e00\\u8d77(\\u6b27\\u8c6a)'),(1471,3387,'2015-04-06 17:00:01','Celebrate(UNIQ)'),(1472,31652,'2015-04-06 17:15:01','\\u548f\\u6625style(\\u674e\\u65af\\u4e39\\u59ae)'),(1473,16170,'2015-04-06 17:15:01','\\u540e\\u4f1a\\u65e0\\u671f(\\u9093\\u7d2b\\u68cb)'),(1474,24959,'2015-04-06 17:15:01','\\u77dc\\u6301(\\u59da\\u8d1d\\u5a1c)'),(1475,11910,'2015-04-06 17:15:01','\\u5728\\u4e00\\u8d77(\\u6b27\\u8c6a)'),(1476,3387,'2015-04-06 17:15:01','Celebrate(UNIQ)'),(1477,31672,'2015-04-06 17:30:01','\\u548f\\u6625style(\\u674e\\u65af\\u4e39\\u59ae)'),(1478,16170,'2015-04-06 17:30:01','\\u540e\\u4f1a\\u65e0\\u671f(\\u9093\\u7d2b\\u68cb)'),(1479,24999,'2015-04-06 17:30:01','\\u77dc\\u6301(\\u59da\\u8d1d\\u5a1c)'),(1480,11910,'2015-04-06 17:30:01','\\u5728\\u4e00\\u8d77(\\u6b27\\u8c6a)'),(1481,3387,'2015-04-06 17:30:01','Celebrate(UNIQ)'),(1482,31682,'2015-04-06 17:45:01','\\u548f\\u6625style(\\u674e\\u65af\\u4e39\\u59ae)'),(1483,16170,'2015-04-06 17:45:01','\\u540e\\u4f1a\\u65e0\\u671f(\\u9093\\u7d2b\\u68cb)'),(1484,25039,'2015-04-06 17:45:01','\\u77dc\\u6301(\\u59da\\u8d1d\\u5a1c)'),(1485,11910,'2015-04-06 17:45:01','\\u5728\\u4e00\\u8d77(\\u6b27\\u8c6a)'),(1486,3387,'2015-04-06 17:45:01','Celebrate(UNIQ)'),(1487,31682,'2015-04-06 18:00:02','\\u548f\\u6625style(\\u674e\\u65af\\u4e39\\u59ae)'),(1488,16170,'2015-04-06 18:00:02','\\u540e\\u4f1a\\u65e0\\u671f(\\u9093\\u7d2b\\u68cb)'),(1489,25069,'2015-04-06 18:00:02','\\u77dc\\u6301(\\u59da\\u8d1d\\u5a1c)'),(1490,11910,'2015-04-06 18:00:02','\\u5728\\u4e00\\u8d77(\\u6b27\\u8c6a)'),(1491,3387,'2015-04-06 18:00:02','Celebrate(UNIQ)'),(1492,31682,'2015-04-06 18:15:01','\\u548f\\u6625style(\\u674e\\u65af\\u4e39\\u59ae)'),(1493,16170,'2015-04-06 18:15:01','\\u540e\\u4f1a\\u65e0\\u671f(\\u9093\\u7d2b\\u68cb)'),(1494,25109,'2015-04-06 18:15:01','\\u77dc\\u6301(\\u59da\\u8d1d\\u5a1c)'),(1495,11910,'2015-04-06 18:15:01','\\u5728\\u4e00\\u8d77(\\u6b27\\u8c6a)'),(1496,3387,'2015-04-06 18:15:01','Celebrate(UNIQ)'),(1497,31682,'2015-04-06 18:30:01','\\u548f\\u6625style(\\u674e\\u65af\\u4e39\\u59ae)'),(1498,16170,'2015-04-06 18:30:01','\\u540e\\u4f1a\\u65e0\\u671f(\\u9093\\u7d2b\\u68cb)'),(1499,25129,'2015-04-06 18:30:01','\\u77dc\\u6301(\\u59da\\u8d1d\\u5a1c)'),(1500,11910,'2015-04-06 18:30:01','\\u5728\\u4e00\\u8d77(\\u6b27\\u8c6a)'),(1501,3387,'2015-04-06 18:30:01','Celebrate(UNIQ)'),(1502,31682,'2015-04-06 18:45:01','\\u548f\\u6625style(\\u674e\\u65af\\u4e39\\u59ae)'),(1503,16170,'2015-04-06 18:45:01','\\u540e\\u4f1a\\u65e0\\u671f(\\u9093\\u7d2b\\u68cb)'),(1504,25129,'2015-04-06 18:45:01','\\u77dc\\u6301(\\u59da\\u8d1d\\u5a1c)'),(1505,11910,'2015-04-06 18:45:01','\\u5728\\u4e00\\u8d77(\\u6b27\\u8c6a)'),(1506,3387,'2015-04-06 18:45:01','Celebrate(UNIQ)'),(1507,31682,'2015-04-06 19:00:02','\\u548f\\u6625style(\\u674e\\u65af\\u4e39\\u59ae)'),(1508,16170,'2015-04-06 19:00:02','\\u540e\\u4f1a\\u65e0\\u671f(\\u9093\\u7d2b\\u68cb)'),(1509,25159,'2015-04-06 19:00:02','\\u77dc\\u6301(\\u59da\\u8d1d\\u5a1c)'),(1510,11910,'2015-04-06 19:00:02','\\u5728\\u4e00\\u8d77(\\u6b27\\u8c6a)'),(1511,3387,'2015-04-06 19:00:02','Celebrate(UNIQ)'),(1512,31682,'2015-04-06 19:15:01','\\u548f\\u6625style(\\u674e\\u65af\\u4e39\\u59ae)'),(1513,16170,'2015-04-06 19:15:01','\\u540e\\u4f1a\\u65e0\\u671f(\\u9093\\u7d2b\\u68cb)'),(1514,25159,'2015-04-06 19:15:01','\\u77dc\\u6301(\\u59da\\u8d1d\\u5a1c)'),(1515,11910,'2015-04-06 19:15:01','\\u5728\\u4e00\\u8d77(\\u6b27\\u8c6a)'),(1516,3387,'2015-04-06 19:15:01','Celebrate(UNIQ)'),(1517,31682,'2015-04-06 19:30:02','\\u548f\\u6625style(\\u674e\\u65af\\u4e39\\u59ae)'),(1518,16170,'2015-04-06 19:30:02','\\u540e\\u4f1a\\u65e0\\u671f(\\u9093\\u7d2b\\u68cb)'),(1519,25159,'2015-04-06 19:30:02','\\u77dc\\u6301(\\u59da\\u8d1d\\u5a1c)'),(1520,11910,'2015-04-06 19:30:02','\\u5728\\u4e00\\u8d77(\\u6b27\\u8c6a)'),(1521,3387,'2015-04-06 19:30:02','Celebrate(UNIQ)'),(1522,31682,'2015-04-06 19:45:02','\\u548f\\u6625style(\\u674e\\u65af\\u4e39\\u59ae)'),(1523,16170,'2015-04-06 19:45:02','\\u540e\\u4f1a\\u65e0\\u671f(\\u9093\\u7d2b\\u68cb)'),(1524,25169,'2015-04-06 19:45:02','\\u77dc\\u6301(\\u59da\\u8d1d\\u5a1c)'),(1525,11910,'2015-04-06 19:45:02','\\u5728\\u4e00\\u8d77(\\u6b27\\u8c6a)'),(1526,3387,'2015-04-06 19:45:02','Celebrate(UNIQ)'),(1527,31682,'2015-04-06 20:00:02','\\u548f\\u6625style(\\u674e\\u65af\\u4e39\\u59ae)'),(1528,16170,'2015-04-06 20:00:02','\\u540e\\u4f1a\\u65e0\\u671f(\\u9093\\u7d2b\\u68cb)'),(1529,25169,'2015-04-06 20:00:02','\\u77dc\\u6301(\\u59da\\u8d1d\\u5a1c)'),(1530,11910,'2015-04-06 20:00:02','\\u5728\\u4e00\\u8d77(\\u6b27\\u8c6a)'),(1531,3387,'2015-04-06 20:00:02','Celebrate(UNIQ)'),(1532,31682,'2015-04-06 20:15:01','\\u548f\\u6625style(\\u674e\\u65af\\u4e39\\u59ae)'),(1533,16170,'2015-04-06 20:15:01','\\u540e\\u4f1a\\u65e0\\u671f(\\u9093\\u7d2b\\u68cb)'),(1534,25169,'2015-04-06 20:15:01','\\u77dc\\u6301(\\u59da\\u8d1d\\u5a1c)'),(1535,11910,'2015-04-06 20:15:01','\\u5728\\u4e00\\u8d77(\\u6b27\\u8c6a)'),(1536,3387,'2015-04-06 20:15:01','Celebrate(UNIQ)'),(1537,31682,'2015-04-06 20:30:02','\\u548f\\u6625style(\\u674e\\u65af\\u4e39\\u59ae)'),(1538,16170,'2015-04-06 20:30:02','\\u540e\\u4f1a\\u65e0\\u671f(\\u9093\\u7d2b\\u68cb)'),(1539,25169,'2015-04-06 20:30:02','\\u77dc\\u6301(\\u59da\\u8d1d\\u5a1c)'),(1540,11910,'2015-04-06 20:30:02','\\u5728\\u4e00\\u8d77(\\u6b27\\u8c6a)'),(1541,3387,'2015-04-06 20:30:02','Celebrate(UNIQ)'),(1542,31682,'2015-04-06 20:45:02','\\u548f\\u6625style(\\u674e\\u65af\\u4e39\\u59ae)'),(1543,16170,'2015-04-06 20:45:02','\\u540e\\u4f1a\\u65e0\\u671f(\\u9093\\u7d2b\\u68cb)'),(1544,25169,'2015-04-06 20:45:02','\\u77dc\\u6301(\\u59da\\u8d1d\\u5a1c)'),(1545,11910,'2015-04-06 20:45:02','\\u5728\\u4e00\\u8d77(\\u6b27\\u8c6a)'),(1546,3387,'2015-04-06 20:45:02','Celebrate(UNIQ)'),(1547,31682,'2015-04-06 21:00:01','\\u548f\\u6625style(\\u674e\\u65af\\u4e39\\u59ae)'),(1548,16170,'2015-04-06 21:00:01','\\u540e\\u4f1a\\u65e0\\u671f(\\u9093\\u7d2b\\u68cb)'),(1549,25169,'2015-04-06 21:00:01','\\u77dc\\u6301(\\u59da\\u8d1d\\u5a1c)'),(1550,11910,'2015-04-06 21:00:01','\\u5728\\u4e00\\u8d77(\\u6b27\\u8c6a)'),(1551,3387,'2015-04-06 21:00:01','Celebrate(UNIQ)'),(1552,31682,'2015-04-06 21:15:01','\\u548f\\u6625style(\\u674e\\u65af\\u4e39\\u59ae)'),(1553,16170,'2015-04-06 21:15:01','\\u540e\\u4f1a\\u65e0\\u671f(\\u9093\\u7d2b\\u68cb)'),(1554,25169,'2015-04-06 21:15:01','\\u77dc\\u6301(\\u59da\\u8d1d\\u5a1c)'),(1555,11910,'2015-04-06 21:15:01','\\u5728\\u4e00\\u8d77(\\u6b27\\u8c6a)'),(1556,3387,'2015-04-06 21:15:01','Celebrate(UNIQ)'),(1557,31682,'2015-04-06 21:30:01','\\u548f\\u6625style(\\u674e\\u65af\\u4e39\\u59ae)'),(1558,16170,'2015-04-06 21:30:01','\\u540e\\u4f1a\\u65e0\\u671f(\\u9093\\u7d2b\\u68cb)'),(1559,25169,'2015-04-06 21:30:01','\\u77dc\\u6301(\\u59da\\u8d1d\\u5a1c)'),(1560,11910,'2015-04-06 21:30:01','\\u5728\\u4e00\\u8d77(\\u6b27\\u8c6a)'),(1561,3387,'2015-04-06 21:30:01','Celebrate(UNIQ)'),(1562,31682,'2015-04-06 21:45:02','\\u548f\\u6625style(\\u674e\\u65af\\u4e39\\u59ae)'),(1563,16170,'2015-04-06 21:45:02','\\u540e\\u4f1a\\u65e0\\u671f(\\u9093\\u7d2b\\u68cb)'),(1564,25169,'2015-04-06 21:45:02','\\u77dc\\u6301(\\u59da\\u8d1d\\u5a1c)'),(1565,11910,'2015-04-06 21:45:02','\\u5728\\u4e00\\u8d77(\\u6b27\\u8c6a)'),(1566,3387,'2015-04-06 21:45:02','Celebrate(UNIQ)'),(1567,31682,'2015-04-06 22:00:01','\\u548f\\u6625style(\\u674e\\u65af\\u4e39\\u59ae)'),(1568,16170,'2015-04-06 22:00:01','\\u540e\\u4f1a\\u65e0\\u671f(\\u9093\\u7d2b\\u68cb)'),(1569,25169,'2015-04-06 22:00:01','\\u77dc\\u6301(\\u59da\\u8d1d\\u5a1c)'),(1570,11910,'2015-04-06 22:00:01','\\u5728\\u4e00\\u8d77(\\u6b27\\u8c6a)'),(1571,3387,'2015-04-06 22:00:01','Celebrate(UNIQ)'),(1572,31682,'2015-04-06 22:15:01','\\u548f\\u6625style(\\u674e\\u65af\\u4e39\\u59ae)'),(1573,16170,'2015-04-06 22:15:01','\\u540e\\u4f1a\\u65e0\\u671f(\\u9093\\u7d2b\\u68cb)'),(1574,25169,'2015-04-06 22:15:01','\\u77dc\\u6301(\\u59da\\u8d1d\\u5a1c)'),(1575,11910,'2015-04-06 22:15:01','\\u5728\\u4e00\\u8d77(\\u6b27\\u8c6a)'),(1576,3387,'2015-04-06 22:15:01','Celebrate(UNIQ)'),(1577,31682,'2015-04-06 22:30:02','\\u548f\\u6625style(\\u674e\\u65af\\u4e39\\u59ae)'),(1578,16170,'2015-04-06 22:30:02','\\u540e\\u4f1a\\u65e0\\u671f(\\u9093\\u7d2b\\u68cb)'),(1579,25169,'2015-04-06 22:30:02','\\u77dc\\u6301(\\u59da\\u8d1d\\u5a1c)'),(1580,11910,'2015-04-06 22:30:02','\\u5728\\u4e00\\u8d77(\\u6b27\\u8c6a)'),(1581,3387,'2015-04-06 22:30:02','Celebrate(UNIQ)'),(1582,31682,'2015-04-06 22:45:01','\\u548f\\u6625style(\\u674e\\u65af\\u4e39\\u59ae)'),(1583,16170,'2015-04-06 22:45:01','\\u540e\\u4f1a\\u65e0\\u671f(\\u9093\\u7d2b\\u68cb)'),(1584,25169,'2015-04-06 22:45:01','\\u77dc\\u6301(\\u59da\\u8d1d\\u5a1c)'),(1585,11910,'2015-04-06 22:45:01','\\u5728\\u4e00\\u8d77(\\u6b27\\u8c6a)'),(1586,3387,'2015-04-06 22:45:01','Celebrate(UNIQ)'),(1587,31682,'2015-04-06 23:00:01','\\u548f\\u6625style(\\u674e\\u65af\\u4e39\\u59ae)'),(1588,16170,'2015-04-06 23:00:01','\\u540e\\u4f1a\\u65e0\\u671f(\\u9093\\u7d2b\\u68cb)'),(1589,25170,'2015-04-06 23:00:01','\\u77dc\\u6301(\\u59da\\u8d1d\\u5a1c)'),(1590,11910,'2015-04-06 23:00:01','\\u5728\\u4e00\\u8d77(\\u6b27\\u8c6a)'),(1591,3387,'2015-04-06 23:00:01','Celebrate(UNIQ)'),(1592,31682,'2015-04-06 23:15:02','\\u548f\\u6625style(\\u674e\\u65af\\u4e39\\u59ae)'),(1593,16170,'2015-04-06 23:15:02','\\u540e\\u4f1a\\u65e0\\u671f(\\u9093\\u7d2b\\u68cb)'),(1594,25170,'2015-04-06 23:15:02','\\u77dc\\u6301(\\u59da\\u8d1d\\u5a1c)'),(1595,11910,'2015-04-06 23:15:02','\\u5728\\u4e00\\u8d77(\\u6b27\\u8c6a)'),(1596,3387,'2015-04-06 23:15:02','Celebrate(UNIQ)'),(1597,31682,'2015-04-06 23:30:02','\\u548f\\u6625style(\\u674e\\u65af\\u4e39\\u59ae)'),(1598,16170,'2015-04-06 23:30:02','\\u540e\\u4f1a\\u65e0\\u671f(\\u9093\\u7d2b\\u68cb)'),(1599,25170,'2015-04-06 23:30:02','\\u77dc\\u6301(\\u59da\\u8d1d\\u5a1c)'),(1600,11910,'2015-04-06 23:30:02','\\u5728\\u4e00\\u8d77(\\u6b27\\u8c6a)'),(1601,3387,'2015-04-06 23:30:02','Celebrate(UNIQ)'),(1602,31682,'2015-04-06 23:45:02','\\u548f\\u6625style(\\u674e\\u65af\\u4e39\\u59ae)'),(1603,16170,'2015-04-06 23:45:02','\\u540e\\u4f1a\\u65e0\\u671f(\\u9093\\u7d2b\\u68cb)'),(1604,25170,'2015-04-06 23:45:02','\\u77dc\\u6301(\\u59da\\u8d1d\\u5a1c)'),(1605,11910,'2015-04-06 23:45:02','\\u5728\\u4e00\\u8d77(\\u6b27\\u8c6a)'),(1606,3387,'2015-04-06 23:45:02','Celebrate(UNIQ)'),(1607,31682,'2015-04-07 00:00:02','\\u548f\\u6625style(\\u674e\\u65af\\u4e39\\u59ae)'),(1608,16170,'2015-04-07 00:00:02','\\u540e\\u4f1a\\u65e0\\u671f(\\u9093\\u7d2b\\u68cb)'),(1609,25170,'2015-04-07 00:00:02','\\u77dc\\u6301(\\u59da\\u8d1d\\u5a1c)'),(1610,11910,'2015-04-07 00:00:02','\\u5728\\u4e00\\u8d77(\\u6b27\\u8c6a)'),(1611,3387,'2015-04-07 00:00:02','Celebrate(UNIQ)'),(1612,31682,'2015-04-07 00:15:01','\\u548f\\u6625style(\\u674e\\u65af\\u4e39\\u59ae)'),(1613,16170,'2015-04-07 00:15:01','\\u540e\\u4f1a\\u65e0\\u671f(\\u9093\\u7d2b\\u68cb)'),(1614,25170,'2015-04-07 00:15:01','\\u77dc\\u6301(\\u59da\\u8d1d\\u5a1c)'),(1615,11910,'2015-04-07 00:15:01','\\u5728\\u4e00\\u8d77(\\u6b27\\u8c6a)'),(1616,3387,'2015-04-07 00:15:01','Celebrate(UNIQ)'),(1617,31682,'2015-04-07 00:30:01','\\u548f\\u6625style(\\u674e\\u65af\\u4e39\\u59ae)'),(1618,16170,'2015-04-07 00:30:01','\\u540e\\u4f1a\\u65e0\\u671f(\\u9093\\u7d2b\\u68cb)'),(1619,25170,'2015-04-07 00:30:01','\\u77dc\\u6301(\\u59da\\u8d1d\\u5a1c)'),(1620,11910,'2015-04-07 00:30:01','\\u5728\\u4e00\\u8d77(\\u6b27\\u8c6a)'),(1621,3387,'2015-04-07 00:30:01','Celebrate(UNIQ)'),(1622,31682,'2015-04-07 00:45:01','\\u548f\\u6625style(\\u674e\\u65af\\u4e39\\u59ae)'),(1623,16170,'2015-04-07 00:45:01','\\u540e\\u4f1a\\u65e0\\u671f(\\u9093\\u7d2b\\u68cb)'),(1624,25180,'2015-04-07 00:45:01','\\u77dc\\u6301(\\u59da\\u8d1d\\u5a1c)'),(1625,11910,'2015-04-07 00:45:01','\\u5728\\u4e00\\u8d77(\\u6b27\\u8c6a)'),(1626,3387,'2015-04-07 00:45:01','Celebrate(UNIQ)'),(1627,31682,'2015-04-07 01:00:02','\\u548f\\u6625style(\\u674e\\u65af\\u4e39\\u59ae)'),(1628,16170,'2015-04-07 01:00:02','\\u540e\\u4f1a\\u65e0\\u671f(\\u9093\\u7d2b\\u68cb)'),(1629,25180,'2015-04-07 01:00:02','\\u77dc\\u6301(\\u59da\\u8d1d\\u5a1c)'),(1630,11910,'2015-04-07 01:00:02','\\u5728\\u4e00\\u8d77(\\u6b27\\u8c6a)'),(1631,3387,'2015-04-07 01:00:02','Celebrate(UNIQ)'),(1632,31682,'2015-04-07 01:15:01','\\u548f\\u6625style(\\u674e\\u65af\\u4e39\\u59ae)'),(1633,16170,'2015-04-07 01:15:01','\\u540e\\u4f1a\\u65e0\\u671f(\\u9093\\u7d2b\\u68cb)'),(1634,25190,'2015-04-07 01:15:01','\\u77dc\\u6301(\\u59da\\u8d1d\\u5a1c)'),(1635,11910,'2015-04-07 01:15:01','\\u5728\\u4e00\\u8d77(\\u6b27\\u8c6a)'),(1636,3387,'2015-04-07 01:15:01','Celebrate(UNIQ)'),(1637,31682,'2015-04-07 01:30:02','\\u548f\\u6625style(\\u674e\\u65af\\u4e39\\u59ae)'),(1638,16170,'2015-04-07 01:30:02','\\u540e\\u4f1a\\u65e0\\u671f(\\u9093\\u7d2b\\u68cb)'),(1639,25220,'2015-04-07 01:30:02','\\u77dc\\u6301(\\u59da\\u8d1d\\u5a1c)'),(1640,11910,'2015-04-07 01:30:02','\\u5728\\u4e00\\u8d77(\\u6b27\\u8c6a)'),(1641,3387,'2015-04-07 01:30:02','Celebrate(UNIQ)'),(1642,31682,'2015-04-07 01:45:01','\\u548f\\u6625style(\\u674e\\u65af\\u4e39\\u59ae)'),(1643,16170,'2015-04-07 01:45:01','\\u540e\\u4f1a\\u65e0\\u671f(\\u9093\\u7d2b\\u68cb)'),(1644,25230,'2015-04-07 01:45:01','\\u77dc\\u6301(\\u59da\\u8d1d\\u5a1c)'),(1645,11910,'2015-04-07 01:45:01','\\u5728\\u4e00\\u8d77(\\u6b27\\u8c6a)'),(1646,3387,'2015-04-07 01:45:01','Celebrate(UNIQ)'),(1647,31682,'2015-04-07 02:00:02','\\u548f\\u6625style(\\u674e\\u65af\\u4e39\\u59ae)'),(1648,16170,'2015-04-07 02:00:02','\\u540e\\u4f1a\\u65e0\\u671f(\\u9093\\u7d2b\\u68cb)'),(1649,25250,'2015-04-07 02:00:02','\\u77dc\\u6301(\\u59da\\u8d1d\\u5a1c)'),(1650,11910,'2015-04-07 02:00:02','\\u5728\\u4e00\\u8d77(\\u6b27\\u8c6a)'),(1651,3387,'2015-04-07 02:00:02','Celebrate(UNIQ)'),(1652,31682,'2015-04-07 02:15:01','\\u548f\\u6625style(\\u674e\\u65af\\u4e39\\u59ae)'),(1653,16170,'2015-04-07 02:15:01','\\u540e\\u4f1a\\u65e0\\u671f(\\u9093\\u7d2b\\u68cb)'),(1654,25300,'2015-04-07 02:15:01','\\u77dc\\u6301(\\u59da\\u8d1d\\u5a1c)'),(1655,11950,'2015-04-07 02:15:01','\\u5728\\u4e00\\u8d77(\\u6b27\\u8c6a)'),(1656,3387,'2015-04-07 02:15:01','Celebrate(UNIQ)'),(1657,31682,'2015-04-07 02:30:02','\\u548f\\u6625style(\\u674e\\u65af\\u4e39\\u59ae)'),(1658,16170,'2015-04-07 02:30:02','\\u540e\\u4f1a\\u65e0\\u671f(\\u9093\\u7d2b\\u68cb)'),(1659,25300,'2015-04-07 02:30:02','\\u77dc\\u6301(\\u59da\\u8d1d\\u5a1c)'),(1660,11950,'2015-04-07 02:30:02','\\u5728\\u4e00\\u8d77(\\u6b27\\u8c6a)'),(1661,3387,'2015-04-07 02:30:02','Celebrate(UNIQ)'),(1662,31682,'2015-04-07 02:45:01','\\u548f\\u6625style(\\u674e\\u65af\\u4e39\\u59ae)'),(1663,16170,'2015-04-07 02:45:01','\\u540e\\u4f1a\\u65e0\\u671f(\\u9093\\u7d2b\\u68cb)'),(1664,25330,'2015-04-07 02:45:01','\\u77dc\\u6301(\\u59da\\u8d1d\\u5a1c)'),(1665,11950,'2015-04-07 02:45:01','\\u5728\\u4e00\\u8d77(\\u6b27\\u8c6a)'),(1666,3387,'2015-04-07 02:45:01','Celebrate(UNIQ)'),(1667,31692,'2015-04-07 03:00:02','\\u548f\\u6625style(\\u674e\\u65af\\u4e39\\u59ae)'),(1668,16170,'2015-04-07 03:00:02','\\u540e\\u4f1a\\u65e0\\u671f(\\u9093\\u7d2b\\u68cb)'),(1669,25380,'2015-04-07 03:00:02','\\u77dc\\u6301(\\u59da\\u8d1d\\u5a1c)'),(1670,11950,'2015-04-07 03:00:02','\\u5728\\u4e00\\u8d77(\\u6b27\\u8c6a)'),(1671,3387,'2015-04-07 03:00:02','Celebrate(UNIQ)'),(1672,31702,'2015-04-07 03:15:01','\\u548f\\u6625style(\\u674e\\u65af\\u4e39\\u59ae)'),(1673,16397,'2015-04-07 03:15:01','\\u540e\\u4f1a\\u65e0\\u671f(\\u9093\\u7d2b\\u68cb)'),(1674,25400,'2015-04-07 03:15:01','\\u77dc\\u6301(\\u59da\\u8d1d\\u5a1c)'),(1675,11950,'2015-04-07 03:15:01','\\u5728\\u4e00\\u8d77(\\u6b27\\u8c6a)'),(1676,3387,'2015-04-07 03:15:01','Celebrate(UNIQ)'),(1677,31702,'2015-04-07 03:30:01','\\u548f\\u6625style(\\u674e\\u65af\\u4e39\\u59ae)'),(1678,16428,'2015-04-07 03:30:01','\\u540e\\u4f1a\\u65e0\\u671f(\\u9093\\u7d2b\\u68cb)'),(1679,25420,'2015-04-07 03:30:01','\\u77dc\\u6301(\\u59da\\u8d1d\\u5a1c)'),(1680,11950,'2015-04-07 03:30:01','\\u5728\\u4e00\\u8d77(\\u6b27\\u8c6a)'),(1681,3387,'2015-04-07 03:30:01','Celebrate(UNIQ)'),(1682,31702,'2015-04-07 03:45:02','\\u548f\\u6625style(\\u674e\\u65af\\u4e39\\u59ae)'),(1683,16428,'2015-04-07 03:45:02','\\u540e\\u4f1a\\u65e0\\u671f(\\u9093\\u7d2b\\u68cb)'),(1684,25490,'2015-04-07 03:45:02','\\u77dc\\u6301(\\u59da\\u8d1d\\u5a1c)'),(1685,11950,'2015-04-07 03:45:02','\\u5728\\u4e00\\u8d77(\\u6b27\\u8c6a)'),(1686,3387,'2015-04-07 03:45:02','Celebrate(UNIQ)'),(1687,31702,'2015-04-07 04:00:01','\\u548f\\u6625style(\\u674e\\u65af\\u4e39\\u59ae)'),(1688,16428,'2015-04-07 04:00:01','\\u540e\\u4f1a\\u65e0\\u671f(\\u9093\\u7d2b\\u68cb)'),(1689,25570,'2015-04-07 04:00:01','\\u77dc\\u6301(\\u59da\\u8d1d\\u5a1c)'),(1690,11950,'2015-04-07 04:00:01','\\u5728\\u4e00\\u8d77(\\u6b27\\u8c6a)'),(1691,3387,'2015-04-07 04:00:01','Celebrate(UNIQ)'),(1692,31702,'2015-04-07 04:15:02','\\u548f\\u6625style(\\u674e\\u65af\\u4e39\\u59ae)'),(1693,16428,'2015-04-07 04:15:02','\\u540e\\u4f1a\\u65e0\\u671f(\\u9093\\u7d2b\\u68cb)'),(1694,25679,'2015-04-07 04:15:02','\\u77dc\\u6301(\\u59da\\u8d1d\\u5a1c)'),(1695,11960,'2015-04-07 04:15:02','\\u5728\\u4e00\\u8d77(\\u6b27\\u8c6a)'),(1696,3387,'2015-04-07 04:15:02','Celebrate(UNIQ)'),(1697,31702,'2015-04-07 04:30:01','\\u548f\\u6625style(\\u674e\\u65af\\u4e39\\u59ae)'),(1698,16444,'2015-04-07 04:30:01','\\u540e\\u4f1a\\u65e0\\u671f(\\u9093\\u7d2b\\u68cb)'),(1699,25729,'2015-04-07 04:30:01','\\u77dc\\u6301(\\u59da\\u8d1d\\u5a1c)'),(1700,11970,'2015-04-07 04:30:01','\\u5728\\u4e00\\u8d77(\\u6b27\\u8c6a)'),(1701,3387,'2015-04-07 04:30:01','Celebrate(UNIQ)'),(1702,31702,'2015-04-07 04:45:01','\\u548f\\u6625style(\\u674e\\u65af\\u4e39\\u59ae)'),(1703,16463,'2015-04-07 04:45:01','\\u540e\\u4f1a\\u65e0\\u671f(\\u9093\\u7d2b\\u68cb)'),(1704,25809,'2015-04-07 04:45:01','\\u77dc\\u6301(\\u59da\\u8d1d\\u5a1c)'),(1705,11970,'2015-04-07 04:45:01','\\u5728\\u4e00\\u8d77(\\u6b27\\u8c6a)'),(1706,3387,'2015-04-07 04:45:01','Celebrate(UNIQ)'),(1707,31702,'2015-04-07 05:00:01','\\u548f\\u6625style(\\u674e\\u65af\\u4e39\\u59ae)'),(1708,16463,'2015-04-07 05:00:01','\\u540e\\u4f1a\\u65e0\\u671f(\\u9093\\u7d2b\\u68cb)'),(1709,25914,'2015-04-07 05:00:01','\\u77dc\\u6301(\\u59da\\u8d1d\\u5a1c)'),(1710,12000,'2015-04-07 05:00:01','\\u5728\\u4e00\\u8d77(\\u6b27\\u8c6a)'),(1711,3387,'2015-04-07 05:00:01','Celebrate(UNIQ)'),(1712,31702,'2015-04-07 05:15:01','\\u548f\\u6625style(\\u674e\\u65af\\u4e39\\u59ae)'),(1713,16463,'2015-04-07 05:15:01','\\u540e\\u4f1a\\u65e0\\u671f(\\u9093\\u7d2b\\u68cb)'),(1714,26054,'2015-04-07 05:15:01','\\u77dc\\u6301(\\u59da\\u8d1d\\u5a1c)'),(1715,12000,'2015-04-07 05:15:01','\\u5728\\u4e00\\u8d77(\\u6b27\\u8c6a)'),(1716,3387,'2015-04-07 05:15:01','Celebrate(UNIQ)'),(1717,31702,'2015-04-07 05:30:02','\\u548f\\u6625style(\\u674e\\u65af\\u4e39\\u59ae)'),(1718,16463,'2015-04-07 05:30:02','\\u540e\\u4f1a\\u65e0\\u671f(\\u9093\\u7d2b\\u68cb)'),(1719,26194,'2015-04-07 05:30:02','\\u77dc\\u6301(\\u59da\\u8d1d\\u5a1c)'),(1720,12140,'2015-04-07 05:30:02','\\u5728\\u4e00\\u8d77(\\u6b27\\u8c6a)'),(1721,3387,'2015-04-07 05:30:02','Celebrate(UNIQ)'),(1722,31702,'2015-04-07 05:45:02','\\u548f\\u6625style(\\u674e\\u65af\\u4e39\\u59ae)'),(1723,16463,'2015-04-07 05:45:02','\\u540e\\u4f1a\\u65e0\\u671f(\\u9093\\u7d2b\\u68cb)'),(1724,26264,'2015-04-07 05:45:02','\\u77dc\\u6301(\\u59da\\u8d1d\\u5a1c)'),(1725,12220,'2015-04-07 05:45:02','\\u5728\\u4e00\\u8d77(\\u6b27\\u8c6a)'),(1726,3387,'2015-04-07 05:45:02','Celebrate(UNIQ)'),(1727,31702,'2015-04-07 06:00:01','\\u548f\\u6625style(\\u674e\\u65af\\u4e39\\u59ae)'),(1728,16463,'2015-04-07 06:00:01','\\u540e\\u4f1a\\u65e0\\u671f(\\u9093\\u7d2b\\u68cb)'),(1729,26374,'2015-04-07 06:00:01','\\u77dc\\u6301(\\u59da\\u8d1d\\u5a1c)'),(1730,12240,'2015-04-07 06:00:01','\\u5728\\u4e00\\u8d77(\\u6b27\\u8c6a)'),(1731,3387,'2015-04-07 06:00:01','Celebrate(UNIQ)'),(1732,31702,'2015-04-07 06:15:02','\\u548f\\u6625style(\\u674e\\u65af\\u4e39\\u59ae)'),(1733,16463,'2015-04-07 06:15:02','\\u540e\\u4f1a\\u65e0\\u671f(\\u9093\\u7d2b\\u68cb)'),(1734,26444,'2015-04-07 06:15:02','\\u77dc\\u6301(\\u59da\\u8d1d\\u5a1c)'),(1735,12260,'2015-04-07 06:15:02','\\u5728\\u4e00\\u8d77(\\u6b27\\u8c6a)'),(1736,3387,'2015-04-07 06:15:02','Celebrate(UNIQ)'),(1737,31702,'2015-04-07 06:30:02','\\u548f\\u6625style(\\u674e\\u65af\\u4e39\\u59ae)'),(1738,16463,'2015-04-07 06:30:02','\\u540e\\u4f1a\\u65e0\\u671f(\\u9093\\u7d2b\\u68cb)'),(1739,26504,'2015-04-07 06:30:02','\\u77dc\\u6301(\\u59da\\u8d1d\\u5a1c)'),(1740,12260,'2015-04-07 06:30:02','\\u5728\\u4e00\\u8d77(\\u6b27\\u8c6a)'),(1741,3387,'2015-04-07 06:30:02','Celebrate(UNIQ)'),(1742,31702,'2015-04-07 06:45:01','\\u548f\\u6625style(\\u674e\\u65af\\u4e39\\u59ae)'),(1743,16463,'2015-04-07 06:45:01','\\u540e\\u4f1a\\u65e0\\u671f(\\u9093\\u7d2b\\u68cb)'),(1744,26514,'2015-04-07 06:45:01','\\u77dc\\u6301(\\u59da\\u8d1d\\u5a1c)'),(1745,12260,'2015-04-07 06:45:01','\\u5728\\u4e00\\u8d77(\\u6b27\\u8c6a)'),(1746,3387,'2015-04-07 06:45:01','Celebrate(UNIQ)'),(1747,31702,'2015-04-07 07:00:02','\\u548f\\u6625style(\\u674e\\u65af\\u4e39\\u59ae)'),(1748,16463,'2015-04-07 07:00:02','\\u540e\\u4f1a\\u65e0\\u671f(\\u9093\\u7d2b\\u68cb)'),(1749,26534,'2015-04-07 07:00:02','\\u77dc\\u6301(\\u59da\\u8d1d\\u5a1c)'),(1750,12260,'2015-04-07 07:00:02','\\u5728\\u4e00\\u8d77(\\u6b27\\u8c6a)'),(1751,3387,'2015-04-07 07:00:02','Celebrate(UNIQ)'),(1752,31702,'2015-04-07 07:15:02','\\u548f\\u6625style(\\u674e\\u65af\\u4e39\\u59ae)'),(1753,16463,'2015-04-07 07:15:02','\\u540e\\u4f1a\\u65e0\\u671f(\\u9093\\u7d2b\\u68cb)'),(1754,26554,'2015-04-07 07:15:02','\\u77dc\\u6301(\\u59da\\u8d1d\\u5a1c)'),(1755,12260,'2015-04-07 07:15:02','\\u5728\\u4e00\\u8d77(\\u6b27\\u8c6a)'),(1756,3387,'2015-04-07 07:15:02','Celebrate(UNIQ)'),(1757,31702,'2015-04-07 07:30:02','\\u548f\\u6625style(\\u674e\\u65af\\u4e39\\u59ae)'),(1758,16473,'2015-04-07 07:30:02','\\u540e\\u4f1a\\u65e0\\u671f(\\u9093\\u7d2b\\u68cb)'),(1759,26574,'2015-04-07 07:30:02','\\u77dc\\u6301(\\u59da\\u8d1d\\u5a1c)'),(1760,12260,'2015-04-07 07:30:02','\\u5728\\u4e00\\u8d77(\\u6b27\\u8c6a)'),(1761,3387,'2015-04-07 07:30:02','Celebrate(UNIQ)'),(1762,31702,'2015-04-07 07:45:01','\\u548f\\u6625style(\\u674e\\u65af\\u4e39\\u59ae)'),(1763,16473,'2015-04-07 07:45:01','\\u540e\\u4f1a\\u65e0\\u671f(\\u9093\\u7d2b\\u68cb)'),(1764,26694,'2015-04-07 07:45:01','\\u77dc\\u6301(\\u59da\\u8d1d\\u5a1c)'),(1765,12260,'2015-04-07 07:45:01','\\u5728\\u4e00\\u8d77(\\u6b27\\u8c6a)'),(1766,3387,'2015-04-07 07:45:01','Celebrate(UNIQ)'),(1767,31702,'2015-04-07 08:00:02','\\u548f\\u6625style(\\u674e\\u65af\\u4e39\\u59ae)'),(1768,16473,'2015-04-07 08:00:02','\\u540e\\u4f1a\\u65e0\\u671f(\\u9093\\u7d2b\\u68cb)'),(1769,26724,'2015-04-07 08:00:02','\\u77dc\\u6301(\\u59da\\u8d1d\\u5a1c)'),(1770,12260,'2015-04-07 08:00:02','\\u5728\\u4e00\\u8d77(\\u6b27\\u8c6a)'),(1771,3387,'2015-04-07 08:00:02','Celebrate(UNIQ)'),(1772,31702,'2015-04-07 08:15:01','\\u548f\\u6625style(\\u674e\\u65af\\u4e39\\u59ae)'),(1773,16473,'2015-04-07 08:15:01','\\u540e\\u4f1a\\u65e0\\u671f(\\u9093\\u7d2b\\u68cb)'),(1774,26744,'2015-04-07 08:15:01','\\u77dc\\u6301(\\u59da\\u8d1d\\u5a1c)'),(1775,12270,'2015-04-07 08:15:01','\\u5728\\u4e00\\u8d77(\\u6b27\\u8c6a)'),(1776,3387,'2015-04-07 08:15:01','Celebrate(UNIQ)'),(1777,31722,'2015-04-07 08:30:02','\\u548f\\u6625style(\\u674e\\u65af\\u4e39\\u59ae)'),(1778,16473,'2015-04-07 08:30:02','\\u540e\\u4f1a\\u65e0\\u671f(\\u9093\\u7d2b\\u68cb)'),(1779,26764,'2015-04-07 08:30:02','\\u77dc\\u6301(\\u59da\\u8d1d\\u5a1c)'),(1780,12270,'2015-04-07 08:30:02','\\u5728\\u4e00\\u8d77(\\u6b27\\u8c6a)'),(1781,3387,'2015-04-07 08:30:02','Celebrate(UNIQ)'),(1782,31782,'2015-04-07 08:45:01','\\u548f\\u6625style(\\u674e\\u65af\\u4e39\\u59ae)'),(1783,16473,'2015-04-07 08:45:01','\\u540e\\u4f1a\\u65e0\\u671f(\\u9093\\u7d2b\\u68cb)'),(1784,26854,'2015-04-07 08:45:01','\\u77dc\\u6301(\\u59da\\u8d1d\\u5a1c)'),(1785,12290,'2015-04-07 08:45:01','\\u5728\\u4e00\\u8d77(\\u6b27\\u8c6a)'),(1786,3387,'2015-04-07 08:45:01','Celebrate(UNIQ)'),(1787,31832,'2015-04-07 09:00:01','\\u548f\\u6625style(\\u674e\\u65af\\u4e39\\u59ae)'),(1788,16737,'2015-04-07 09:00:01','\\u540e\\u4f1a\\u65e0\\u671f(\\u9093\\u7d2b\\u68cb)'),(1789,26944,'2015-04-07 09:00:01','\\u77dc\\u6301(\\u59da\\u8d1d\\u5a1c)'),(1790,12290,'2015-04-07 09:00:01','\\u5728\\u4e00\\u8d77(\\u6b27\\u8c6a)'),(1791,3387,'2015-04-07 09:00:01','Celebrate(UNIQ)'),(1792,31862,'2015-04-07 09:15:02','\\u548f\\u6625style(\\u674e\\u65af\\u4e39\\u59ae)'),(1793,17341,'2015-04-07 09:15:02','\\u540e\\u4f1a\\u65e0\\u671f(\\u9093\\u7d2b\\u68cb)'),(1794,27014,'2015-04-07 09:15:02','\\u77dc\\u6301(\\u59da\\u8d1d\\u5a1c)'),(1795,12300,'2015-04-07 09:15:02','\\u5728\\u4e00\\u8d77(\\u6b27\\u8c6a)'),(1796,3387,'2015-04-07 09:15:02','Celebrate(UNIQ)'),(1797,31912,'2015-04-07 09:30:02','\\u548f\\u6625style(\\u674e\\u65af\\u4e39\\u59ae)'),(1798,17686,'2015-04-07 09:30:02','\\u540e\\u4f1a\\u65e0\\u671f(\\u9093\\u7d2b\\u68cb)'),(1799,27094,'2015-04-07 09:30:02','\\u77dc\\u6301(\\u59da\\u8d1d\\u5a1c)'),(1800,12330,'2015-04-07 09:30:02','\\u5728\\u4e00\\u8d77(\\u6b27\\u8c6a)'),(1801,3387,'2015-04-07 09:30:02','Celebrate(UNIQ)'),(1802,31962,'2015-04-07 09:45:01','\\u548f\\u6625style(\\u674e\\u65af\\u4e39\\u59ae)'),(1803,18221,'2015-04-07 09:45:01','\\u540e\\u4f1a\\u65e0\\u671f(\\u9093\\u7d2b\\u68cb)'),(1804,27124,'2015-04-07 09:45:01','\\u77dc\\u6301(\\u59da\\u8d1d\\u5a1c)'),(1805,12340,'2015-04-07 09:45:01','\\u5728\\u4e00\\u8d77(\\u6b27\\u8c6a)'),(1806,3387,'2015-04-07 09:45:01','Celebrate(UNIQ)'),(1807,32002,'2015-04-07 10:00:02','\\u548f\\u6625style(\\u674e\\u65af\\u4e39\\u59ae)'),(1808,18957,'2015-04-07 10:00:02','\\u540e\\u4f1a\\u65e0\\u671f(\\u9093\\u7d2b\\u68cb)'),(1809,27163,'2015-04-07 10:00:02','\\u77dc\\u6301(\\u59da\\u8d1d\\u5a1c)'),(1810,12350,'2015-04-07 10:00:02','\\u5728\\u4e00\\u8d77(\\u6b27\\u8c6a)'),(1811,3387,'2015-04-07 10:00:02','Celebrate(UNIQ)'),(1812,32022,'2015-04-07 10:15:01','\\u548f\\u6625style(\\u674e\\u65af\\u4e39\\u59ae)'),(1813,19004,'2015-04-07 10:15:01','\\u540e\\u4f1a\\u65e0\\u671f(\\u9093\\u7d2b\\u68cb)'),(1814,27213,'2015-04-07 10:15:01','\\u77dc\\u6301(\\u59da\\u8d1d\\u5a1c)'),(1815,12350,'2015-04-07 10:15:01','\\u5728\\u4e00\\u8d77(\\u6b27\\u8c6a)'),(1816,3387,'2015-04-07 10:15:01','Celebrate(UNIQ)'),(1817,32092,'2015-04-07 10:30:02','\\u548f\\u6625style(\\u674e\\u65af\\u4e39\\u59ae)'),(1818,19153,'2015-04-07 10:30:02','\\u540e\\u4f1a\\u65e0\\u671f(\\u9093\\u7d2b\\u68cb)'),(1819,27253,'2015-04-07 10:30:02','\\u77dc\\u6301(\\u59da\\u8d1d\\u5a1c)'),(1820,12360,'2015-04-07 10:30:02','\\u5728\\u4e00\\u8d77(\\u6b27\\u8c6a)'),(1821,3387,'2015-04-07 10:30:02','Celebrate(UNIQ)'),(1822,32112,'2015-04-07 10:45:01','\\u548f\\u6625style(\\u674e\\u65af\\u4e39\\u59ae)'),(1823,19588,'2015-04-07 10:45:01','\\u540e\\u4f1a\\u65e0\\u671f(\\u9093\\u7d2b\\u68cb)'),(1824,27323,'2015-04-07 10:45:01','\\u77dc\\u6301(\\u59da\\u8d1d\\u5a1c)'),(1825,12400,'2015-04-07 10:45:01','\\u5728\\u4e00\\u8d77(\\u6b27\\u8c6a)'),(1826,3387,'2015-04-07 10:45:01','Celebrate(UNIQ)'),(1827,32142,'2015-04-07 11:00:02','\\u548f\\u6625style(\\u674e\\u65af\\u4e39\\u59ae)'),(1828,20065,'2015-04-07 11:00:02','\\u540e\\u4f1a\\u65e0\\u671f(\\u9093\\u7d2b\\u68cb)'),(1829,27393,'2015-04-07 11:00:02','\\u77dc\\u6301(\\u59da\\u8d1d\\u5a1c)'),(1830,12430,'2015-04-07 11:00:02','\\u5728\\u4e00\\u8d77(\\u6b27\\u8c6a)'),(1831,3387,'2015-04-07 11:00:02','Celebrate(UNIQ)'),(1832,32142,'2015-04-07 11:15:02','\\u548f\\u6625style(\\u674e\\u65af\\u4e39\\u59ae)'),(1833,20925,'2015-04-07 11:15:02','\\u540e\\u4f1a\\u65e0\\u671f(\\u9093\\u7d2b\\u68cb)'),(1834,27423,'2015-04-07 11:15:02','\\u77dc\\u6301(\\u59da\\u8d1d\\u5a1c)'),(1835,12430,'2015-04-07 11:15:02','\\u5728\\u4e00\\u8d77(\\u6b27\\u8c6a)'),(1836,3387,'2015-04-07 11:15:02','Celebrate(UNIQ)'),(1837,32202,'2015-04-07 11:30:01','\\u548f\\u6625style(\\u674e\\u65af\\u4e39\\u59ae)'),(1838,21201,'2015-04-07 11:30:01','\\u540e\\u4f1a\\u65e0\\u671f(\\u9093\\u7d2b\\u68cb)'),(1839,27453,'2015-04-07 11:30:01','\\u77dc\\u6301(\\u59da\\u8d1d\\u5a1c)'),(1840,12430,'2015-04-07 11:30:01','\\u5728\\u4e00\\u8d77(\\u6b27\\u8c6a)'),(1841,3387,'2015-04-07 11:30:01','Celebrate(UNIQ)'),(1842,32302,'2015-04-07 11:45:01','\\u548f\\u6625style(\\u674e\\u65af\\u4e39\\u59ae)'),(1843,21446,'2015-04-07 11:45:01','\\u540e\\u4f1a\\u65e0\\u671f(\\u9093\\u7d2b\\u68cb)'),(1844,27463,'2015-04-07 11:45:01','\\u77dc\\u6301(\\u59da\\u8d1d\\u5a1c)'),(1845,12430,'2015-04-07 11:45:01','\\u5728\\u4e00\\u8d77(\\u6b27\\u8c6a)'),(1846,3387,'2015-04-07 11:45:01','Celebrate(UNIQ)'),(1847,32442,'2015-04-07 12:00:01','\\u548f\\u6625style(\\u674e\\u65af\\u4e39\\u59ae)'),(1848,22022,'2015-04-07 12:00:01','\\u540e\\u4f1a\\u65e0\\u671f(\\u9093\\u7d2b\\u68cb)'),(1849,27483,'2015-04-07 12:00:01','\\u77dc\\u6301(\\u59da\\u8d1d\\u5a1c)'),(1850,12430,'2015-04-07 12:00:01','\\u5728\\u4e00\\u8d77(\\u6b27\\u8c6a)'),(1851,3387,'2015-04-07 12:00:01','Celebrate(UNIQ)'),(1852,32642,'2015-04-07 12:15:01','\\u548f\\u6625style(\\u674e\\u65af\\u4e39\\u59ae)'),(1853,22334,'2015-04-07 12:15:01','\\u540e\\u4f1a\\u65e0\\u671f(\\u9093\\u7d2b\\u68cb)'),(1854,27543,'2015-04-07 12:15:01','\\u77dc\\u6301(\\u59da\\u8d1d\\u5a1c)'),(1855,12430,'2015-04-07 12:15:01','\\u5728\\u4e00\\u8d77(\\u6b27\\u8c6a)'),(1856,3387,'2015-04-07 12:15:01','Celebrate(UNIQ)'),(1857,32892,'2015-04-07 12:30:01','\\u548f\\u6625style(\\u674e\\u65af\\u4e39\\u59ae)'),(1858,22512,'2015-04-07 12:30:01','\\u540e\\u4f1a\\u65e0\\u671f(\\u9093\\u7d2b\\u68cb)'),(1859,27743,'2015-04-07 12:30:01','\\u77dc\\u6301(\\u59da\\u8d1d\\u5a1c)'),(1860,12430,'2015-04-07 12:30:01','\\u5728\\u4e00\\u8d77(\\u6b27\\u8c6a)'),(1861,3387,'2015-04-07 12:30:01','Celebrate(UNIQ)'),(1862,33072,'2015-04-07 12:45:01','\\u548f\\u6625style(\\u674e\\u65af\\u4e39\\u59ae)'),(1863,22864,'2015-04-07 12:45:01','\\u540e\\u4f1a\\u65e0\\u671f(\\u9093\\u7d2b\\u68cb)'),(1864,27873,'2015-04-07 12:45:01','\\u77dc\\u6301(\\u59da\\u8d1d\\u5a1c)'),(1865,12430,'2015-04-07 12:45:01','\\u5728\\u4e00\\u8d77(\\u6b27\\u8c6a)'),(1866,3387,'2015-04-07 12:45:01','Celebrate(UNIQ)'),(1867,33231,'2015-04-07 13:00:01','\\u548f\\u6625style(\\u674e\\u65af\\u4e39\\u59ae)'),(1868,23303,'2015-04-07 13:00:01','\\u540e\\u4f1a\\u65e0\\u671f(\\u9093\\u7d2b\\u68cb)'),(1869,28003,'2015-04-07 13:00:01','\\u77dc\\u6301(\\u59da\\u8d1d\\u5a1c)'),(1870,12430,'2015-04-07 13:00:01','\\u5728\\u4e00\\u8d77(\\u6b27\\u8c6a)'),(1871,3387,'2015-04-07 13:00:01','Celebrate(UNIQ)'),(1872,33311,'2015-04-07 13:15:01','\\u548f\\u6625style(\\u674e\\u65af\\u4e39\\u59ae)'),(1873,23910,'2015-04-07 13:15:01','\\u540e\\u4f1a\\u65e0\\u671f(\\u9093\\u7d2b\\u68cb)'),(1874,28263,'2015-04-07 13:15:01','\\u77dc\\u6301(\\u59da\\u8d1d\\u5a1c)'),(1875,12430,'2015-04-07 13:15:01','\\u5728\\u4e00\\u8d77(\\u6b27\\u8c6a)'),(1876,3387,'2015-04-07 13:15:01','Celebrate(UNIQ)'),(1877,33441,'2015-04-07 13:30:01','\\u548f\\u6625style(\\u674e\\u65af\\u4e39\\u59ae)'),(1878,23949,'2015-04-07 13:30:01','\\u540e\\u4f1a\\u65e0\\u671f(\\u9093\\u7d2b\\u68cb)'),(1879,28553,'2015-04-07 13:30:01','\\u77dc\\u6301(\\u59da\\u8d1d\\u5a1c)'),(1880,12430,'2015-04-07 13:30:01','\\u5728\\u4e00\\u8d77(\\u6b27\\u8c6a)'),(1881,3387,'2015-04-07 13:30:01','Celebrate(UNIQ)'),(1882,33571,'2015-04-07 13:45:02','\\u548f\\u6625style(\\u674e\\u65af\\u4e39\\u59ae)'),(1883,24149,'2015-04-07 13:45:02','\\u540e\\u4f1a\\u65e0\\u671f(\\u9093\\u7d2b\\u68cb)'),(1884,29001,'2015-04-07 13:45:02','\\u77dc\\u6301(\\u59da\\u8d1d\\u5a1c)'),(1885,12430,'2015-04-07 13:45:02','\\u5728\\u4e00\\u8d77(\\u6b27\\u8c6a)'),(1886,3387,'2015-04-07 13:45:02','Celebrate(UNIQ)'),(1887,33641,'2015-04-07 14:00:01','\\u548f\\u6625style(\\u674e\\u65af\\u4e39\\u59ae)'),(1888,24149,'2015-04-07 14:00:01','\\u540e\\u4f1a\\u65e0\\u671f(\\u9093\\u7d2b\\u68cb)'),(1889,29540,'2015-04-07 14:00:01','\\u77dc\\u6301(\\u59da\\u8d1d\\u5a1c)'),(1890,12430,'2015-04-07 14:00:01','\\u5728\\u4e00\\u8d77(\\u6b27\\u8c6a)'),(1891,3387,'2015-04-07 14:00:01','Celebrate(UNIQ)'),(1892,33811,'2015-04-07 14:15:01','\\u548f\\u6625style(\\u674e\\u65af\\u4e39\\u59ae)'),(1893,24149,'2015-04-07 14:15:01','\\u540e\\u4f1a\\u65e0\\u671f(\\u9093\\u7d2b\\u68cb)'),(1894,30100,'2015-04-07 14:15:01','\\u77dc\\u6301(\\u59da\\u8d1d\\u5a1c)'),(1895,12430,'2015-04-07 14:15:01','\\u5728\\u4e00\\u8d77(\\u6b27\\u8c6a)'),(1896,3387,'2015-04-07 14:15:01','Celebrate(UNIQ)'),(1897,33901,'2015-04-07 14:30:01','\\u548f\\u6625style(\\u674e\\u65af\\u4e39\\u59ae)'),(1898,24519,'2015-04-07 14:30:01','\\u540e\\u4f1a\\u65e0\\u671f(\\u9093\\u7d2b\\u68cb)'),(1899,30739,'2015-04-07 14:30:01','\\u77dc\\u6301(\\u59da\\u8d1d\\u5a1c)'),(1900,12430,'2015-04-07 14:30:01','\\u5728\\u4e00\\u8d77(\\u6b27\\u8c6a)'),(1901,3387,'2015-04-07 14:30:01','Celebrate(UNIQ)'),(1902,33991,'2015-04-07 14:45:01','\\u548f\\u6625style(\\u674e\\u65af\\u4e39\\u59ae)'),(1903,24519,'2015-04-07 14:45:01','\\u540e\\u4f1a\\u65e0\\u671f(\\u9093\\u7d2b\\u68cb)'),(1904,31159,'2015-04-07 14:45:01','\\u77dc\\u6301(\\u59da\\u8d1d\\u5a1c)'),(1905,12430,'2015-04-07 14:45:01','\\u5728\\u4e00\\u8d77(\\u6b27\\u8c6a)'),(1906,3387,'2015-04-07 14:45:01','Celebrate(UNIQ)'),(1907,34341,'2015-04-07 15:00:01','\\u548f\\u6625style(\\u674e\\u65af\\u4e39\\u59ae)'),(1908,24519,'2015-04-07 15:00:01','\\u540e\\u4f1a\\u65e0\\u671f(\\u9093\\u7d2b\\u68cb)'),(1909,31519,'2015-04-07 15:00:01','\\u77dc\\u6301(\\u59da\\u8d1d\\u5a1c)'),(1910,12430,'2015-04-07 15:00:01','\\u5728\\u4e00\\u8d77(\\u6b27\\u8c6a)'),(1911,3387,'2015-04-07 15:00:01','Celebrate(UNIQ)'),(1912,34691,'2015-04-07 15:15:01','\\u548f\\u6625style(\\u674e\\u65af\\u4e39\\u59ae)'),(1913,24519,'2015-04-07 15:15:01','\\u540e\\u4f1a\\u65e0\\u671f(\\u9093\\u7d2b\\u68cb)'),(1914,31879,'2015-04-07 15:15:01','\\u77dc\\u6301(\\u59da\\u8d1d\\u5a1c)'),(1915,12430,'2015-04-07 15:15:01','\\u5728\\u4e00\\u8d77(\\u6b27\\u8c6a)'),(1916,3387,'2015-04-07 15:15:01','Celebrate(UNIQ)'),(1917,34871,'2015-04-07 15:30:02','\\u548f\\u6625style(\\u674e\\u65af\\u4e39\\u59ae)'),(1918,27248,'2015-04-07 15:30:02','\\u540e\\u4f1a\\u65e0\\u671f(\\u9093\\u7d2b\\u68cb)'),(1919,32149,'2015-04-07 15:30:02','\\u77dc\\u6301(\\u59da\\u8d1d\\u5a1c)'),(1920,12430,'2015-04-07 15:30:02','\\u5728\\u4e00\\u8d77(\\u6b27\\u8c6a)'),(1921,3387,'2015-04-07 15:30:02','Celebrate(UNIQ)'),(1922,34981,'2015-04-07 15:45:01','\\u548f\\u6625style(\\u674e\\u65af\\u4e39\\u59ae)'),(1923,34995,'2015-04-07 15:45:01','\\u540e\\u4f1a\\u65e0\\u671f(\\u9093\\u7d2b\\u68cb)'),(1924,32339,'2015-04-07 15:45:01','\\u77dc\\u6301(\\u59da\\u8d1d\\u5a1c)'),(1925,12430,'2015-04-07 15:45:01','\\u5728\\u4e00\\u8d77(\\u6b27\\u8c6a)'),(1926,3387,'2015-04-07 15:45:01','Celebrate(UNIQ)'),(1927,35041,'2015-04-07 16:00:01','\\u548f\\u6625style(\\u674e\\u65af\\u4e39\\u59ae)'),(1928,35042,'2015-04-07 16:00:01','\\u540e\\u4f1a\\u65e0\\u671f(\\u9093\\u7d2b\\u68cb)'),(1929,32529,'2015-04-07 16:00:01','\\u77dc\\u6301(\\u59da\\u8d1d\\u5a1c)'),(1930,12430,'2015-04-07 16:00:01','\\u5728\\u4e00\\u8d77(\\u6b27\\u8c6a)'),(1931,3387,'2015-04-07 16:00:01','Celebrate(UNIQ)'),(1932,35041,'2015-04-07 16:15:01','\\u548f\\u6625style(\\u674e\\u65af\\u4e39\\u59ae)'),(1933,35042,'2015-04-07 16:15:01','\\u540e\\u4f1a\\u65e0\\u671f(\\u9093\\u7d2b\\u68cb)'),(1934,32759,'2015-04-07 16:15:01','\\u77dc\\u6301(\\u59da\\u8d1d\\u5a1c)'),(1935,12430,'2015-04-07 16:15:01','\\u5728\\u4e00\\u8d77(\\u6b27\\u8c6a)'),(1936,3387,'2015-04-07 16:15:01','Celebrate(UNIQ)'),(1937,35041,'2015-04-07 16:30:02','\\u548f\\u6625style(\\u674e\\u65af\\u4e39\\u59ae)'),(1938,35042,'2015-04-07 16:30:02','\\u540e\\u4f1a\\u65e0\\u671f(\\u9093\\u7d2b\\u68cb)'),(1939,33119,'2015-04-07 16:30:02','\\u77dc\\u6301(\\u59da\\u8d1d\\u5a1c)'),(1940,12430,'2015-04-07 16:30:02','\\u5728\\u4e00\\u8d77(\\u6b27\\u8c6a)'),(1941,3387,'2015-04-07 16:30:02','Celebrate(UNIQ)'),(1942,35041,'2015-04-07 16:45:01','\\u548f\\u6625style(\\u674e\\u65af\\u4e39\\u59ae)'),(1943,35042,'2015-04-07 16:45:01','\\u540e\\u4f1a\\u65e0\\u671f(\\u9093\\u7d2b\\u68cb)'),(1944,33309,'2015-04-07 16:45:01','\\u77dc\\u6301(\\u59da\\u8d1d\\u5a1c)'),(1945,12430,'2015-04-07 16:45:01','\\u5728\\u4e00\\u8d77(\\u6b27\\u8c6a)'),(1946,3387,'2015-04-07 16:45:01','Celebrate(UNIQ)'),(1947,35041,'2015-04-07 17:00:01','\\u548f\\u6625style(\\u674e\\u65af\\u4e39\\u59ae)'),(1948,35042,'2015-04-07 17:00:01','\\u540e\\u4f1a\\u65e0\\u671f(\\u9093\\u7d2b\\u68cb)'),(1949,33528,'2015-04-07 17:00:01','\\u77dc\\u6301(\\u59da\\u8d1d\\u5a1c)'),(1950,12430,'2015-04-07 17:00:01','\\u5728\\u4e00\\u8d77(\\u6b27\\u8c6a)'),(1951,3387,'2015-04-07 17:00:01','Celebrate(UNIQ)'),(1952,35041,'2015-04-07 17:15:01','\\u548f\\u6625style(\\u674e\\u65af\\u4e39\\u59ae)'),(1953,35042,'2015-04-07 17:15:01','\\u540e\\u4f1a\\u65e0\\u671f(\\u9093\\u7d2b\\u68cb)'),(1954,33839,'2015-04-07 17:15:01','\\u77dc\\u6301(\\u59da\\u8d1d\\u5a1c)'),(1955,12430,'2015-04-07 17:15:01','\\u5728\\u4e00\\u8d77(\\u6b27\\u8c6a)'),(1956,3387,'2015-04-07 17:15:01','Celebrate(UNIQ)'),(1957,35041,'2015-04-07 17:30:01','\\u548f\\u6625style(\\u674e\\u65af\\u4e39\\u59ae)'),(1958,35042,'2015-04-07 17:30:01','\\u540e\\u4f1a\\u65e0\\u671f(\\u9093\\u7d2b\\u68cb)'),(1959,34139,'2015-04-07 17:30:01','\\u77dc\\u6301(\\u59da\\u8d1d\\u5a1c)'),(1960,12430,'2015-04-07 17:30:01','\\u5728\\u4e00\\u8d77(\\u6b27\\u8c6a)'),(1961,3387,'2015-04-07 17:30:01','Celebrate(UNIQ)'),(1962,35041,'2015-04-07 17:45:02','\\u548f\\u6625style(\\u674e\\u65af\\u4e39\\u59ae)'),(1963,35042,'2015-04-07 17:45:02','\\u540e\\u4f1a\\u65e0\\u671f(\\u9093\\u7d2b\\u68cb)'),(1964,34279,'2015-04-07 17:45:02','\\u77dc\\u6301(\\u59da\\u8d1d\\u5a1c)'),(1965,12430,'2015-04-07 17:45:02','\\u5728\\u4e00\\u8d77(\\u6b27\\u8c6a)'),(1966,3387,'2015-04-07 17:45:02','Celebrate(UNIQ)'),(1967,35041,'2015-04-07 18:00:02','\\u548f\\u6625style(\\u674e\\u65af\\u4e39\\u59ae)'),(1968,35042,'2015-04-07 18:00:02','\\u540e\\u4f1a\\u65e0\\u671f(\\u9093\\u7d2b\\u68cb)'),(1969,34309,'2015-04-07 18:00:02','\\u77dc\\u6301(\\u59da\\u8d1d\\u5a1c)'),(1970,12430,'2015-04-07 18:00:02','\\u5728\\u4e00\\u8d77(\\u6b27\\u8c6a)'),(1971,3387,'2015-04-07 18:00:02','Celebrate(UNIQ)'),(1972,35041,'2015-04-07 18:15:02','\\u548f\\u6625style(\\u674e\\u65af\\u4e39\\u59ae)'),(1973,35042,'2015-04-07 18:15:02','\\u540e\\u4f1a\\u65e0\\u671f(\\u9093\\u7d2b\\u68cb)'),(1974,34309,'2015-04-07 18:15:02','\\u77dc\\u6301(\\u59da\\u8d1d\\u5a1c)'),(1975,12430,'2015-04-07 18:15:02','\\u5728\\u4e00\\u8d77(\\u6b27\\u8c6a)'),(1976,3387,'2015-04-07 18:15:02','Celebrate(UNIQ)'),(1977,35041,'2015-04-07 18:30:01','\\u548f\\u6625style(\\u674e\\u65af\\u4e39\\u59ae)'),(1978,35042,'2015-04-07 18:30:01','\\u540e\\u4f1a\\u65e0\\u671f(\\u9093\\u7d2b\\u68cb)'),(1979,34309,'2015-04-07 18:30:01','\\u77dc\\u6301(\\u59da\\u8d1d\\u5a1c)'),(1980,12430,'2015-04-07 18:30:01','\\u5728\\u4e00\\u8d77(\\u6b27\\u8c6a)'),(1981,3387,'2015-04-07 18:30:01','Celebrate(UNIQ)'),(1982,35041,'2015-04-07 18:45:01','\\u548f\\u6625style(\\u674e\\u65af\\u4e39\\u59ae)'),(1983,35042,'2015-04-07 18:45:01','\\u540e\\u4f1a\\u65e0\\u671f(\\u9093\\u7d2b\\u68cb)'),(1984,34309,'2015-04-07 18:45:01','\\u77dc\\u6301(\\u59da\\u8d1d\\u5a1c)'),(1985,12430,'2015-04-07 18:45:01','\\u5728\\u4e00\\u8d77(\\u6b27\\u8c6a)'),(1986,3387,'2015-04-07 18:45:01','Celebrate(UNIQ)'),(1987,35041,'2015-04-07 19:00:02','\\u548f\\u6625style(\\u674e\\u65af\\u4e39\\u59ae)'),(1988,35042,'2015-04-07 19:00:02','\\u540e\\u4f1a\\u65e0\\u671f(\\u9093\\u7d2b\\u68cb)'),(1989,34309,'2015-04-07 19:00:02','\\u77dc\\u6301(\\u59da\\u8d1d\\u5a1c)'),(1990,12430,'2015-04-07 19:00:02','\\u5728\\u4e00\\u8d77(\\u6b27\\u8c6a)'),(1991,3387,'2015-04-07 19:00:02','Celebrate(UNIQ)'),(1992,35041,'2015-04-07 19:15:01','\\u548f\\u6625style(\\u674e\\u65af\\u4e39\\u59ae)'),(1993,35042,'2015-04-07 19:15:01','\\u540e\\u4f1a\\u65e0\\u671f(\\u9093\\u7d2b\\u68cb)'),(1994,34309,'2015-04-07 19:15:01','\\u77dc\\u6301(\\u59da\\u8d1d\\u5a1c)'),(1995,12430,'2015-04-07 19:15:01','\\u5728\\u4e00\\u8d77(\\u6b27\\u8c6a)'),(1996,3387,'2015-04-07 19:15:01','Celebrate(UNIQ)'),(1997,35041,'2015-04-07 19:30:02','\\u548f\\u6625style(\\u674e\\u65af\\u4e39\\u59ae)'),(1998,35042,'2015-04-07 19:30:02','\\u540e\\u4f1a\\u65e0\\u671f(\\u9093\\u7d2b\\u68cb)'),(1999,34309,'2015-04-07 19:30:02','\\u77dc\\u6301(\\u59da\\u8d1d\\u5a1c)'),(2000,12430,'2015-04-07 19:30:02','\\u5728\\u4e00\\u8d77(\\u6b27\\u8c6a)'),(2001,3387,'2015-04-07 19:30:02','Celebrate(UNIQ)'),(2002,35041,'2015-04-07 19:45:01','\\u548f\\u6625style(\\u674e\\u65af\\u4e39\\u59ae)'),(2003,35042,'2015-04-07 19:45:01','\\u540e\\u4f1a\\u65e0\\u671f(\\u9093\\u7d2b\\u68cb)'),(2004,34309,'2015-04-07 19:45:01','\\u77dc\\u6301(\\u59da\\u8d1d\\u5a1c)'),(2005,12430,'2015-04-07 19:45:01','\\u5728\\u4e00\\u8d77(\\u6b27\\u8c6a)'),(2006,3387,'2015-04-07 19:45:01','Celebrate(UNIQ)'),(2007,35041,'2015-04-07 20:00:01','\\u548f\\u6625style(\\u674e\\u65af\\u4e39\\u59ae)'),(2008,35042,'2015-04-07 20:00:01','\\u540e\\u4f1a\\u65e0\\u671f(\\u9093\\u7d2b\\u68cb)'),(2009,34309,'2015-04-07 20:00:01','\\u77dc\\u6301(\\u59da\\u8d1d\\u5a1c)'),(2010,12430,'2015-04-07 20:00:01','\\u5728\\u4e00\\u8d77(\\u6b27\\u8c6a)'),(2011,3387,'2015-04-07 20:00:01','Celebrate(UNIQ)'),(2012,35041,'2015-04-07 20:15:02','\\u548f\\u6625style(\\u674e\\u65af\\u4e39\\u59ae)'),(2013,35042,'2015-04-07 20:15:02','\\u540e\\u4f1a\\u65e0\\u671f(\\u9093\\u7d2b\\u68cb)'),(2014,34309,'2015-04-07 20:15:02','\\u77dc\\u6301(\\u59da\\u8d1d\\u5a1c)'),(2015,12430,'2015-04-07 20:15:02','\\u5728\\u4e00\\u8d77(\\u6b27\\u8c6a)'),(2016,3417,'2015-04-07 20:15:02','Celebrate(UNIQ)'),(2017,35041,'2015-04-07 20:30:01','\\u548f\\u6625style(\\u674e\\u65af\\u4e39\\u59ae)'),(2018,35042,'2015-04-07 20:30:01','\\u540e\\u4f1a\\u65e0\\u671f(\\u9093\\u7d2b\\u68cb)'),(2019,34309,'2015-04-07 20:30:01','\\u77dc\\u6301(\\u59da\\u8d1d\\u5a1c)'),(2020,12430,'2015-04-07 20:30:01','\\u5728\\u4e00\\u8d77(\\u6b27\\u8c6a)'),(2021,3427,'2015-04-07 20:30:01','Celebrate(UNIQ)'),(2022,35041,'2015-04-07 20:45:01','\\u548f\\u6625style(\\u674e\\u65af\\u4e39\\u59ae)'),(2023,35042,'2015-04-07 20:45:01','\\u540e\\u4f1a\\u65e0\\u671f(\\u9093\\u7d2b\\u68cb)'),(2024,34309,'2015-04-07 20:45:01','\\u77dc\\u6301(\\u59da\\u8d1d\\u5a1c)'),(2025,12430,'2015-04-07 20:45:01','\\u5728\\u4e00\\u8d77(\\u6b27\\u8c6a)'),(2026,3427,'2015-04-07 20:45:01','Celebrate(UNIQ)'),(2027,35041,'2015-04-07 21:00:01','\\u548f\\u6625style(\\u674e\\u65af\\u4e39\\u59ae)'),(2028,35042,'2015-04-07 21:00:01','\\u540e\\u4f1a\\u65e0\\u671f(\\u9093\\u7d2b\\u68cb)'),(2029,34309,'2015-04-07 21:00:01','\\u77dc\\u6301(\\u59da\\u8d1d\\u5a1c)'),(2030,12430,'2015-04-07 21:00:01','\\u5728\\u4e00\\u8d77(\\u6b27\\u8c6a)'),(2031,3427,'2015-04-07 21:00:01','Celebrate(UNIQ)'),(2032,35041,'2015-04-07 21:15:01','\\u548f\\u6625style(\\u674e\\u65af\\u4e39\\u59ae)'),(2033,35042,'2015-04-07 21:15:01','\\u540e\\u4f1a\\u65e0\\u671f(\\u9093\\u7d2b\\u68cb)'),(2034,34309,'2015-04-07 21:15:01','\\u77dc\\u6301(\\u59da\\u8d1d\\u5a1c)'),(2035,12430,'2015-04-07 21:15:01','\\u5728\\u4e00\\u8d77(\\u6b27\\u8c6a)'),(2036,3427,'2015-04-07 21:15:01','Celebrate(UNIQ)'),(2037,35041,'2015-04-07 21:30:03','\\u548f\\u6625style(\\u674e\\u65af\\u4e39\\u59ae)'),(2038,35042,'2015-04-07 21:30:03','\\u540e\\u4f1a\\u65e0\\u671f(\\u9093\\u7d2b\\u68cb)'),(2039,34309,'2015-04-07 21:30:03','\\u77dc\\u6301(\\u59da\\u8d1d\\u5a1c)'),(2040,12430,'2015-04-07 21:30:03','\\u5728\\u4e00\\u8d77(\\u6b27\\u8c6a)'),(2041,3427,'2015-04-07 21:30:03','Celebrate(UNIQ)'),(2042,35041,'2015-04-07 21:45:01','\\u548f\\u6625style(\\u674e\\u65af\\u4e39\\u59ae)'),(2043,35042,'2015-04-07 21:45:01','\\u540e\\u4f1a\\u65e0\\u671f(\\u9093\\u7d2b\\u68cb)'),(2044,34309,'2015-04-07 21:45:01','\\u77dc\\u6301(\\u59da\\u8d1d\\u5a1c)'),(2045,12430,'2015-04-07 21:45:01','\\u5728\\u4e00\\u8d77(\\u6b27\\u8c6a)'),(2046,3427,'2015-04-07 21:45:01','Celebrate(UNIQ)'),(2047,35041,'2015-04-07 22:00:01','\\u548f\\u6625style(\\u674e\\u65af\\u4e39\\u59ae)'),(2048,35042,'2015-04-07 22:00:01','\\u540e\\u4f1a\\u65e0\\u671f(\\u9093\\u7d2b\\u68cb)'),(2049,34309,'2015-04-07 22:00:01','\\u77dc\\u6301(\\u59da\\u8d1d\\u5a1c)'),(2050,12430,'2015-04-07 22:00:01','\\u5728\\u4e00\\u8d77(\\u6b27\\u8c6a)'),(2051,3427,'2015-04-07 22:00:01','Celebrate(UNIQ)'),(2052,35041,'2015-04-07 22:15:01','\\u548f\\u6625style(\\u674e\\u65af\\u4e39\\u59ae)'),(2053,35042,'2015-04-07 22:15:01','\\u540e\\u4f1a\\u65e0\\u671f(\\u9093\\u7d2b\\u68cb)'),(2054,34329,'2015-04-07 22:15:01','\\u77dc\\u6301(\\u59da\\u8d1d\\u5a1c)'),(2055,12430,'2015-04-07 22:15:01','\\u5728\\u4e00\\u8d77(\\u6b27\\u8c6a)'),(2056,3427,'2015-04-07 22:15:01','Celebrate(UNIQ)'),(2057,35041,'2015-04-07 22:30:02','\\u548f\\u6625style(\\u674e\\u65af\\u4e39\\u59ae)'),(2058,35042,'2015-04-07 22:30:02','\\u540e\\u4f1a\\u65e0\\u671f(\\u9093\\u7d2b\\u68cb)'),(2059,34329,'2015-04-07 22:30:02','\\u77dc\\u6301(\\u59da\\u8d1d\\u5a1c)'),(2060,12430,'2015-04-07 22:30:02','\\u5728\\u4e00\\u8d77(\\u6b27\\u8c6a)'),(2061,3427,'2015-04-07 22:30:02','Celebrate(UNIQ)'),(2062,35041,'2015-04-07 22:45:01','\\u548f\\u6625style(\\u674e\\u65af\\u4e39\\u59ae)'),(2063,35042,'2015-04-07 22:45:01','\\u540e\\u4f1a\\u65e0\\u671f(\\u9093\\u7d2b\\u68cb)'),(2064,34329,'2015-04-07 22:45:01','\\u77dc\\u6301(\\u59da\\u8d1d\\u5a1c)'),(2065,12430,'2015-04-07 22:45:01','\\u5728\\u4e00\\u8d77(\\u6b27\\u8c6a)'),(2066,3427,'2015-04-07 22:45:01','Celebrate(UNIQ)'),(2067,35041,'2015-04-07 23:00:01','\\u548f\\u6625style(\\u674e\\u65af\\u4e39\\u59ae)'),(2068,35042,'2015-04-07 23:00:01','\\u540e\\u4f1a\\u65e0\\u671f(\\u9093\\u7d2b\\u68cb)'),(2069,34329,'2015-04-07 23:00:01','\\u77dc\\u6301(\\u59da\\u8d1d\\u5a1c)'),(2070,12430,'2015-04-07 23:00:01','\\u5728\\u4e00\\u8d77(\\u6b27\\u8c6a)'),(2071,3427,'2015-04-07 23:00:01','Celebrate(UNIQ)'),(2072,35041,'2015-04-07 23:15:01','\\u548f\\u6625style(\\u674e\\u65af\\u4e39\\u59ae)'),(2073,35042,'2015-04-07 23:15:01','\\u540e\\u4f1a\\u65e0\\u671f(\\u9093\\u7d2b\\u68cb)'),(2074,34329,'2015-04-07 23:15:01','\\u77dc\\u6301(\\u59da\\u8d1d\\u5a1c)'),(2075,12430,'2015-04-07 23:15:01','\\u5728\\u4e00\\u8d77(\\u6b27\\u8c6a)'),(2076,3427,'2015-04-07 23:15:01','Celebrate(UNIQ)'),(2077,35041,'2015-04-07 23:30:01','\\u548f\\u6625style(\\u674e\\u65af\\u4e39\\u59ae)'),(2078,35042,'2015-04-07 23:30:01','\\u540e\\u4f1a\\u65e0\\u671f(\\u9093\\u7d2b\\u68cb)'),(2079,34329,'2015-04-07 23:30:01','\\u77dc\\u6301(\\u59da\\u8d1d\\u5a1c)'),(2080,12430,'2015-04-07 23:30:01','\\u5728\\u4e00\\u8d77(\\u6b27\\u8c6a)'),(2081,3427,'2015-04-07 23:30:01','Celebrate(UNIQ)'),(2082,35041,'2015-04-07 23:45:01','\\u548f\\u6625style(\\u674e\\u65af\\u4e39\\u59ae)'),(2083,35042,'2015-04-07 23:45:01','\\u540e\\u4f1a\\u65e0\\u671f(\\u9093\\u7d2b\\u68cb)'),(2084,34329,'2015-04-07 23:45:01','\\u77dc\\u6301(\\u59da\\u8d1d\\u5a1c)'),(2085,12430,'2015-04-07 23:45:01','\\u5728\\u4e00\\u8d77(\\u6b27\\u8c6a)'),(2086,3427,'2015-04-07 23:45:01','Celebrate(UNIQ)'),(2087,35041,'2015-04-08 00:00:02','\\u548f\\u6625style(\\u674e\\u65af\\u4e39\\u59ae)'),(2088,35042,'2015-04-08 00:00:02','\\u540e\\u4f1a\\u65e0\\u671f(\\u9093\\u7d2b\\u68cb)'),(2089,34329,'2015-04-08 00:00:02','\\u77dc\\u6301(\\u59da\\u8d1d\\u5a1c)'),(2090,12450,'2015-04-08 00:00:02','\\u5728\\u4e00\\u8d77(\\u6b27\\u8c6a)'),(2091,3427,'2015-04-08 00:00:02','Celebrate(UNIQ)'),(2092,35041,'2015-04-08 00:15:02','\\u548f\\u6625style(\\u674e\\u65af\\u4e39\\u59ae)'),(2093,35042,'2015-04-08 00:15:02','\\u540e\\u4f1a\\u65e0\\u671f(\\u9093\\u7d2b\\u68cb)'),(2094,34329,'2015-04-08 00:15:02','\\u77dc\\u6301(\\u59da\\u8d1d\\u5a1c)'),(2095,12450,'2015-04-08 00:15:02','\\u5728\\u4e00\\u8d77(\\u6b27\\u8c6a)'),(2096,3427,'2015-04-08 00:15:02','Celebrate(UNIQ)'),(2097,35041,'2015-04-08 00:30:01','\\u548f\\u6625style(\\u674e\\u65af\\u4e39\\u59ae)'),(2098,35042,'2015-04-08 00:30:01','\\u540e\\u4f1a\\u65e0\\u671f(\\u9093\\u7d2b\\u68cb)'),(2099,34329,'2015-04-08 00:30:01','\\u77dc\\u6301(\\u59da\\u8d1d\\u5a1c)'),(2100,12450,'2015-04-08 00:30:01','\\u5728\\u4e00\\u8d77(\\u6b27\\u8c6a)'),(2101,3427,'2015-04-08 00:30:01','Celebrate(UNIQ)'),(2102,35041,'2015-04-08 00:45:01','\\u548f\\u6625style(\\u674e\\u65af\\u4e39\\u59ae)'),(2103,35042,'2015-04-08 00:45:01','\\u540e\\u4f1a\\u65e0\\u671f(\\u9093\\u7d2b\\u68cb)'),(2104,34329,'2015-04-08 00:45:01','\\u77dc\\u6301(\\u59da\\u8d1d\\u5a1c)'),(2105,12480,'2015-04-08 00:45:01','\\u5728\\u4e00\\u8d77(\\u6b27\\u8c6a)'),(2106,3427,'2015-04-08 00:45:01','Celebrate(UNIQ)'),(2107,35041,'2015-04-08 01:00:01','\\u548f\\u6625style(\\u674e\\u65af\\u4e39\\u59ae)'),(2108,35046,'2015-04-08 01:00:01','\\u540e\\u4f1a\\u65e0\\u671f(\\u9093\\u7d2b\\u68cb)'),(2109,34329,'2015-04-08 01:00:01','\\u77dc\\u6301(\\u59da\\u8d1d\\u5a1c)'),(2110,12490,'2015-04-08 01:00:01','\\u5728\\u4e00\\u8d77(\\u6b27\\u8c6a)'),(2111,3427,'2015-04-08 01:00:01','Celebrate(UNIQ)'),(2112,35041,'2015-04-08 01:15:01','\\u548f\\u6625style(\\u674e\\u65af\\u4e39\\u59ae)'),(2113,35046,'2015-04-08 01:15:01','\\u540e\\u4f1a\\u65e0\\u671f(\\u9093\\u7d2b\\u68cb)'),(2114,34329,'2015-04-08 01:15:01','\\u77dc\\u6301(\\u59da\\u8d1d\\u5a1c)'),(2115,12510,'2015-04-08 01:15:01','\\u5728\\u4e00\\u8d77(\\u6b27\\u8c6a)'),(2116,3427,'2015-04-08 01:15:01','Celebrate(UNIQ)'),(2117,35041,'2015-04-08 01:30:01','\\u548f\\u6625style(\\u674e\\u65af\\u4e39\\u59ae)'),(2118,35046,'2015-04-08 01:30:01','\\u540e\\u4f1a\\u65e0\\u671f(\\u9093\\u7d2b\\u68cb)'),(2119,34329,'2015-04-08 01:30:01','\\u77dc\\u6301(\\u59da\\u8d1d\\u5a1c)'),(2120,12510,'2015-04-08 01:30:01','\\u5728\\u4e00\\u8d77(\\u6b27\\u8c6a)'),(2121,3437,'2015-04-08 01:30:01','Celebrate(UNIQ)'),(2122,35041,'2015-04-08 01:45:01','\\u548f\\u6625style(\\u674e\\u65af\\u4e39\\u59ae)'),(2123,35046,'2015-04-08 01:45:01','\\u540e\\u4f1a\\u65e0\\u671f(\\u9093\\u7d2b\\u68cb)'),(2124,34339,'2015-04-08 01:45:01','\\u77dc\\u6301(\\u59da\\u8d1d\\u5a1c)'),(2125,12510,'2015-04-08 01:45:01','\\u5728\\u4e00\\u8d77(\\u6b27\\u8c6a)'),(2126,3437,'2015-04-08 01:45:01','Celebrate(UNIQ)'),(2127,35041,'2015-04-08 02:00:01','\\u548f\\u6625style(\\u674e\\u65af\\u4e39\\u59ae)'),(2128,35046,'2015-04-08 02:00:01','\\u540e\\u4f1a\\u65e0\\u671f(\\u9093\\u7d2b\\u68cb)'),(2129,34339,'2015-04-08 02:00:01','\\u77dc\\u6301(\\u59da\\u8d1d\\u5a1c)'),(2130,12510,'2015-04-08 02:00:01','\\u5728\\u4e00\\u8d77(\\u6b27\\u8c6a)'),(2131,3437,'2015-04-08 02:00:01','Celebrate(UNIQ)'),(2132,35041,'2015-04-08 02:15:01','\\u548f\\u6625style(\\u674e\\u65af\\u4e39\\u59ae)'),(2133,35046,'2015-04-08 02:15:01','\\u540e\\u4f1a\\u65e0\\u671f(\\u9093\\u7d2b\\u68cb)'),(2134,34389,'2015-04-08 02:15:01','\\u77dc\\u6301(\\u59da\\u8d1d\\u5a1c)'),(2135,12530,'2015-04-08 02:15:01','\\u5728\\u4e00\\u8d77(\\u6b27\\u8c6a)'),(2136,3437,'2015-04-08 02:15:01','Celebrate(UNIQ)'),(2137,35041,'2015-04-08 02:30:01','\\u548f\\u6625style(\\u674e\\u65af\\u4e39\\u59ae)'),(2138,35046,'2015-04-08 02:30:01','\\u540e\\u4f1a\\u65e0\\u671f(\\u9093\\u7d2b\\u68cb)'),(2139,34439,'2015-04-08 02:30:01','\\u77dc\\u6301(\\u59da\\u8d1d\\u5a1c)'),(2140,12530,'2015-04-08 02:30:01','\\u5728\\u4e00\\u8d77(\\u6b27\\u8c6a)'),(2141,3437,'2015-04-08 02:30:01','Celebrate(UNIQ)'),(2142,35041,'2015-04-08 02:45:02','\\u548f\\u6625style(\\u674e\\u65af\\u4e39\\u59ae)'),(2143,35046,'2015-04-08 02:45:02','\\u540e\\u4f1a\\u65e0\\u671f(\\u9093\\u7d2b\\u68cb)'),(2144,34579,'2015-04-08 02:45:02','\\u77dc\\u6301(\\u59da\\u8d1d\\u5a1c)'),(2145,12530,'2015-04-08 02:45:02','\\u5728\\u4e00\\u8d77(\\u6b27\\u8c6a)'),(2146,3437,'2015-04-08 02:45:02','Celebrate(UNIQ)'),(2147,35061,'2015-04-08 03:00:01','\\u548f\\u6625style(\\u674e\\u65af\\u4e39\\u59ae)'),(2148,35046,'2015-04-08 03:00:01','\\u540e\\u4f1a\\u65e0\\u671f(\\u9093\\u7d2b\\u68cb)'),(2149,34659,'2015-04-08 03:00:01','\\u77dc\\u6301(\\u59da\\u8d1d\\u5a1c)'),(2150,12540,'2015-04-08 03:00:01','\\u5728\\u4e00\\u8d77(\\u6b27\\u8c6a)'),(2151,3437,'2015-04-08 03:00:01','Celebrate(UNIQ)'),(2152,35071,'2015-04-08 03:15:02','\\u548f\\u6625style(\\u674e\\u65af\\u4e39\\u59ae)'),(2153,35046,'2015-04-08 03:15:02','\\u540e\\u4f1a\\u65e0\\u671f(\\u9093\\u7d2b\\u68cb)'),(2154,34799,'2015-04-08 03:15:02','\\u77dc\\u6301(\\u59da\\u8d1d\\u5a1c)'),(2155,12540,'2015-04-08 03:15:02','\\u5728\\u4e00\\u8d77(\\u6b27\\u8c6a)'),(2156,3437,'2015-04-08 03:15:02','Celebrate(UNIQ)'),(2157,35071,'2015-04-08 03:30:01','\\u548f\\u6625style(\\u674e\\u65af\\u4e39\\u59ae)'),(2158,35046,'2015-04-08 03:30:01','\\u540e\\u4f1a\\u65e0\\u671f(\\u9093\\u7d2b\\u68cb)'),(2159,34949,'2015-04-08 03:30:01','\\u77dc\\u6301(\\u59da\\u8d1d\\u5a1c)'),(2160,12540,'2015-04-08 03:30:01','\\u5728\\u4e00\\u8d77(\\u6b27\\u8c6a)'),(2161,3437,'2015-04-08 03:30:01','Celebrate(UNIQ)'),(2162,35071,'2015-04-08 03:45:01','\\u548f\\u6625style(\\u674e\\u65af\\u4e39\\u59ae)'),(2163,35046,'2015-04-08 03:45:01','\\u540e\\u4f1a\\u65e0\\u671f(\\u9093\\u7d2b\\u68cb)'),(2164,35159,'2015-04-08 03:45:01','\\u77dc\\u6301(\\u59da\\u8d1d\\u5a1c)'),(2165,12550,'2015-04-08 03:45:01','\\u5728\\u4e00\\u8d77(\\u6b27\\u8c6a)'),(2166,3437,'2015-04-08 03:45:01','Celebrate(UNIQ)'),(2167,35071,'2015-04-08 04:00:02','\\u548f\\u6625style(\\u674e\\u65af\\u4e39\\u59ae)'),(2168,35195,'2015-04-08 04:00:02','\\u540e\\u4f1a\\u65e0\\u671f(\\u9093\\u7d2b\\u68cb)'),(2169,35259,'2015-04-08 04:00:02','\\u77dc\\u6301(\\u59da\\u8d1d\\u5a1c)'),(2170,12550,'2015-04-08 04:00:02','\\u5728\\u4e00\\u8d77(\\u6b27\\u8c6a)'),(2171,3437,'2015-04-08 04:00:02','Celebrate(UNIQ)'),(2172,35071,'2015-04-08 04:15:02','\\u548f\\u6625style(\\u674e\\u65af\\u4e39\\u59ae)'),(2173,35195,'2015-04-08 04:15:02','\\u540e\\u4f1a\\u65e0\\u671f(\\u9093\\u7d2b\\u68cb)'),(2174,35304,'2015-04-08 04:15:02','\\u77dc\\u6301(\\u59da\\u8d1d\\u5a1c)'),(2175,12550,'2015-04-08 04:15:02','\\u5728\\u4e00\\u8d77(\\u6b27\\u8c6a)'),(2176,3437,'2015-04-08 04:15:02','Celebrate(UNIQ)'),(2177,35071,'2015-04-08 04:30:01','\\u548f\\u6625style(\\u674e\\u65af\\u4e39\\u59ae)'),(2178,35195,'2015-04-08 04:30:01','\\u540e\\u4f1a\\u65e0\\u671f(\\u9093\\u7d2b\\u68cb)'),(2179,35354,'2015-04-08 04:30:01','\\u77dc\\u6301(\\u59da\\u8d1d\\u5a1c)'),(2180,12550,'2015-04-08 04:30:01','\\u5728\\u4e00\\u8d77(\\u6b27\\u8c6a)'),(2181,3437,'2015-04-08 04:30:01','Celebrate(UNIQ)'),(2182,35071,'2015-04-08 04:45:02','\\u548f\\u6625style(\\u674e\\u65af\\u4e39\\u59ae)'),(2183,35195,'2015-04-08 04:45:02','\\u540e\\u4f1a\\u65e0\\u671f(\\u9093\\u7d2b\\u68cb)'),(2184,35534,'2015-04-08 04:45:02','\\u77dc\\u6301(\\u59da\\u8d1d\\u5a1c)'),(2185,12560,'2015-04-08 04:45:02','\\u5728\\u4e00\\u8d77(\\u6b27\\u8c6a)'),(2186,3437,'2015-04-08 04:45:02','Celebrate(UNIQ)'),(2187,35071,'2015-04-08 05:00:02','\\u548f\\u6625style(\\u674e\\u65af\\u4e39\\u59ae)'),(2188,35195,'2015-04-08 05:00:02','\\u540e\\u4f1a\\u65e0\\u671f(\\u9093\\u7d2b\\u68cb)'),(2189,35724,'2015-04-08 05:00:02','\\u77dc\\u6301(\\u59da\\u8d1d\\u5a1c)'),(2190,12590,'2015-04-08 05:00:02','\\u5728\\u4e00\\u8d77(\\u6b27\\u8c6a)'),(2191,3437,'2015-04-08 05:00:02','Celebrate(UNIQ)'),(2192,35071,'2015-04-08 05:15:01','\\u548f\\u6625style(\\u674e\\u65af\\u4e39\\u59ae)'),(2193,35195,'2015-04-08 05:15:01','\\u540e\\u4f1a\\u65e0\\u671f(\\u9093\\u7d2b\\u68cb)'),(2194,35884,'2015-04-08 05:15:01','\\u77dc\\u6301(\\u59da\\u8d1d\\u5a1c)'),(2195,12590,'2015-04-08 05:15:01','\\u5728\\u4e00\\u8d77(\\u6b27\\u8c6a)'),(2196,3437,'2015-04-08 05:15:01','Celebrate(UNIQ)'),(2197,35071,'2015-04-08 05:30:02','\\u548f\\u6625style(\\u674e\\u65af\\u4e39\\u59ae)'),(2198,35195,'2015-04-08 05:30:02','\\u540e\\u4f1a\\u65e0\\u671f(\\u9093\\u7d2b\\u68cb)'),(2199,36394,'2015-04-08 05:30:02','\\u77dc\\u6301(\\u59da\\u8d1d\\u5a1c)'),(2200,12590,'2015-04-08 05:30:02','\\u5728\\u4e00\\u8d77(\\u6b27\\u8c6a)'),(2201,3447,'2015-04-08 05:30:02','Celebrate(UNIQ)'),(2202,35071,'2015-04-08 05:45:01','\\u548f\\u6625style(\\u674e\\u65af\\u4e39\\u59ae)'),(2203,35195,'2015-04-08 05:45:01','\\u540e\\u4f1a\\u65e0\\u671f(\\u9093\\u7d2b\\u68cb)'),(2204,36974,'2015-04-08 05:45:01','\\u77dc\\u6301(\\u59da\\u8d1d\\u5a1c)'),(2205,12600,'2015-04-08 05:45:01','\\u5728\\u4e00\\u8d77(\\u6b27\\u8c6a)'),(2206,3527,'2015-04-08 05:45:01','Celebrate(UNIQ)'),(2207,35071,'2015-04-08 06:00:01','\\u548f\\u6625style(\\u674e\\u65af\\u4e39\\u59ae)'),(2208,35205,'2015-04-08 06:00:01','\\u540e\\u4f1a\\u65e0\\u671f(\\u9093\\u7d2b\\u68cb)'),(2209,37454,'2015-04-08 06:00:01','\\u77dc\\u6301(\\u59da\\u8d1d\\u5a1c)'),(2210,12600,'2015-04-08 06:00:01','\\u5728\\u4e00\\u8d77(\\u6b27\\u8c6a)'),(2211,3547,'2015-04-08 06:00:01','Celebrate(UNIQ)'),(2212,35071,'2015-04-08 06:15:01','\\u548f\\u6625style(\\u674e\\u65af\\u4e39\\u59ae)'),(2213,35237,'2015-04-08 06:15:01','\\u540e\\u4f1a\\u65e0\\u671f(\\u9093\\u7d2b\\u68cb)'),(2214,37894,'2015-04-08 06:15:01','\\u77dc\\u6301(\\u59da\\u8d1d\\u5a1c)'),(2215,12600,'2015-04-08 06:15:01','\\u5728\\u4e00\\u8d77(\\u6b27\\u8c6a)'),(2216,3547,'2015-04-08 06:15:01','Celebrate(UNIQ)'),(2217,35071,'2015-04-08 06:30:02','\\u548f\\u6625style(\\u674e\\u65af\\u4e39\\u59ae)'),(2218,35255,'2015-04-08 06:30:02','\\u540e\\u4f1a\\u65e0\\u671f(\\u9093\\u7d2b\\u68cb)'),(2219,38044,'2015-04-08 06:30:02','\\u77dc\\u6301(\\u59da\\u8d1d\\u5a1c)'),(2220,12600,'2015-04-08 06:30:02','\\u5728\\u4e00\\u8d77(\\u6b27\\u8c6a)'),(2221,3547,'2015-04-08 06:30:02','Celebrate(UNIQ)'),(2222,35071,'2015-04-08 06:45:02','\\u548f\\u6625style(\\u674e\\u65af\\u4e39\\u59ae)'),(2223,35255,'2015-04-08 06:45:02','\\u540e\\u4f1a\\u65e0\\u671f(\\u9093\\u7d2b\\u68cb)'),(2224,38074,'2015-04-08 06:45:02','\\u77dc\\u6301(\\u59da\\u8d1d\\u5a1c)'),(2225,12600,'2015-04-08 06:45:02','\\u5728\\u4e00\\u8d77(\\u6b27\\u8c6a)'),(2226,3547,'2015-04-08 06:45:02','Celebrate(UNIQ)'),(2227,35071,'2015-04-08 07:00:01','\\u548f\\u6625style(\\u674e\\u65af\\u4e39\\u59ae)'),(2228,35255,'2015-04-08 07:00:01','\\u540e\\u4f1a\\u65e0\\u671f(\\u9093\\u7d2b\\u68cb)'),(2229,38124,'2015-04-08 07:00:01','\\u77dc\\u6301(\\u59da\\u8d1d\\u5a1c)'),(2230,12600,'2015-04-08 07:00:01','\\u5728\\u4e00\\u8d77(\\u6b27\\u8c6a)'),(2231,3547,'2015-04-08 07:00:01','Celebrate(UNIQ)'),(2232,35071,'2015-04-08 07:15:02','\\u548f\\u6625style(\\u674e\\u65af\\u4e39\\u59ae)'),(2233,35255,'2015-04-08 07:15:02','\\u540e\\u4f1a\\u65e0\\u671f(\\u9093\\u7d2b\\u68cb)'),(2234,38294,'2015-04-08 07:15:02','\\u77dc\\u6301(\\u59da\\u8d1d\\u5a1c)'),(2235,12600,'2015-04-08 07:15:02','\\u5728\\u4e00\\u8d77(\\u6b27\\u8c6a)'),(2236,3547,'2015-04-08 07:15:02','Celebrate(UNIQ)'),(2237,35071,'2015-04-08 07:30:01','\\u548f\\u6625style(\\u674e\\u65af\\u4e39\\u59ae)'),(2238,35255,'2015-04-08 07:30:01','\\u540e\\u4f1a\\u65e0\\u671f(\\u9093\\u7d2b\\u68cb)'),(2239,38434,'2015-04-08 07:30:01','\\u77dc\\u6301(\\u59da\\u8d1d\\u5a1c)'),(2240,12600,'2015-04-08 07:30:01','\\u5728\\u4e00\\u8d77(\\u6b27\\u8c6a)'),(2241,3547,'2015-04-08 07:30:01','Celebrate(UNIQ)'),(2242,35071,'2015-04-08 07:45:02','\\u548f\\u6625style(\\u674e\\u65af\\u4e39\\u59ae)'),(2243,35255,'2015-04-08 07:45:02','\\u540e\\u4f1a\\u65e0\\u671f(\\u9093\\u7d2b\\u68cb)'),(2244,38524,'2015-04-08 07:45:02','\\u77dc\\u6301(\\u59da\\u8d1d\\u5a1c)'),(2245,12600,'2015-04-08 07:45:02','\\u5728\\u4e00\\u8d77(\\u6b27\\u8c6a)'),(2246,3547,'2015-04-08 07:45:02','Celebrate(UNIQ)'),(2247,35071,'2015-04-08 08:00:01','\\u548f\\u6625style(\\u674e\\u65af\\u4e39\\u59ae)'),(2248,35255,'2015-04-08 08:00:01','\\u540e\\u4f1a\\u65e0\\u671f(\\u9093\\u7d2b\\u68cb)'),(2249,38934,'2015-04-08 08:00:01','\\u77dc\\u6301(\\u59da\\u8d1d\\u5a1c)'),(2250,12600,'2015-04-08 08:00:01','\\u5728\\u4e00\\u8d77(\\u6b27\\u8c6a)'),(2251,3547,'2015-04-08 08:00:01','Celebrate(UNIQ)'),(2252,35071,'2015-04-08 08:15:02','\\u548f\\u6625style(\\u674e\\u65af\\u4e39\\u59ae)'),(2253,35255,'2015-04-08 08:15:02','\\u540e\\u4f1a\\u65e0\\u671f(\\u9093\\u7d2b\\u68cb)'),(2254,39364,'2015-04-08 08:15:02','\\u77dc\\u6301(\\u59da\\u8d1d\\u5a1c)'),(2255,12600,'2015-04-08 08:15:02','\\u5728\\u4e00\\u8d77(\\u6b27\\u8c6a)'),(2256,3547,'2015-04-08 08:15:02','Celebrate(UNIQ)'),(2257,35071,'2015-04-08 08:30:01','\\u548f\\u6625style(\\u674e\\u65af\\u4e39\\u59ae)'),(2258,35255,'2015-04-08 08:30:01','\\u540e\\u4f1a\\u65e0\\u671f(\\u9093\\u7d2b\\u68cb)'),(2259,39804,'2015-04-08 08:30:01','\\u77dc\\u6301(\\u59da\\u8d1d\\u5a1c)'),(2260,12600,'2015-04-08 08:30:01','\\u5728\\u4e00\\u8d77(\\u6b27\\u8c6a)'),(2261,3547,'2015-04-08 08:30:01','Celebrate(UNIQ)'),(2262,35071,'2015-04-08 08:45:01','\\u548f\\u6625style(\\u674e\\u65af\\u4e39\\u59ae)'),(2263,35255,'2015-04-08 08:45:01','\\u540e\\u4f1a\\u65e0\\u671f(\\u9093\\u7d2b\\u68cb)'),(2264,40094,'2015-04-08 08:45:01','\\u77dc\\u6301(\\u59da\\u8d1d\\u5a1c)'),(2265,12600,'2015-04-08 08:45:01','\\u5728\\u4e00\\u8d77(\\u6b27\\u8c6a)'),(2266,3547,'2015-04-08 08:45:01','Celebrate(UNIQ)'),(2267,35071,'2015-04-08 09:00:02','\\u548f\\u6625style(\\u674e\\u65af\\u4e39\\u59ae)'),(2268,35255,'2015-04-08 09:00:02','\\u540e\\u4f1a\\u65e0\\u671f(\\u9093\\u7d2b\\u68cb)'),(2269,40288,'2015-04-08 09:00:02','\\u77dc\\u6301(\\u59da\\u8d1d\\u5a1c)'),(2270,12600,'2015-04-08 09:00:02','\\u5728\\u4e00\\u8d77(\\u6b27\\u8c6a)'),(2271,3547,'2015-04-08 09:00:02','Celebrate(UNIQ)'),(2272,35071,'2015-04-08 09:15:01','\\u548f\\u6625style(\\u674e\\u65af\\u4e39\\u59ae)'),(2273,35255,'2015-04-08 09:15:01','\\u540e\\u4f1a\\u65e0\\u671f(\\u9093\\u7d2b\\u68cb)'),(2274,40554,'2015-04-08 09:15:01','\\u77dc\\u6301(\\u59da\\u8d1d\\u5a1c)'),(2275,12600,'2015-04-08 09:15:01','\\u5728\\u4e00\\u8d77(\\u6b27\\u8c6a)'),(2276,3547,'2015-04-08 09:15:01','Celebrate(UNIQ)'),(2277,35071,'2015-04-08 09:30:01','\\u548f\\u6625style(\\u674e\\u65af\\u4e39\\u59ae)'),(2278,35255,'2015-04-08 09:30:01','\\u540e\\u4f1a\\u65e0\\u671f(\\u9093\\u7d2b\\u68cb)'),(2279,40844,'2015-04-08 09:30:01','\\u77dc\\u6301(\\u59da\\u8d1d\\u5a1c)'),(2280,12600,'2015-04-08 09:30:01','\\u5728\\u4e00\\u8d77(\\u6b27\\u8c6a)'),(2281,3547,'2015-04-08 09:30:01','Celebrate(UNIQ)'),(2282,35071,'2015-04-08 09:45:01','\\u548f\\u6625style(\\u674e\\u65af\\u4e39\\u59ae)'),(2283,35255,'2015-04-08 09:45:01','\\u540e\\u4f1a\\u65e0\\u671f(\\u9093\\u7d2b\\u68cb)'),(2284,40964,'2015-04-08 09:45:01','\\u77dc\\u6301(\\u59da\\u8d1d\\u5a1c)'),(2285,12600,'2015-04-08 09:45:01','\\u5728\\u4e00\\u8d77(\\u6b27\\u8c6a)'),(2286,3547,'2015-04-08 09:45:01','Celebrate(UNIQ)'),(2287,35071,'2015-04-08 10:00:02','\\u548f\\u6625style(\\u674e\\u65af\\u4e39\\u59ae)'),(2288,35255,'2015-04-08 10:00:02','\\u540e\\u4f1a\\u65e0\\u671f(\\u9093\\u7d2b\\u68cb)'),(2289,41024,'2015-04-08 10:00:02','\\u77dc\\u6301(\\u59da\\u8d1d\\u5a1c)'),(2290,12610,'2015-04-08 10:00:02','\\u5728\\u4e00\\u8d77(\\u6b27\\u8c6a)'),(2291,3547,'2015-04-08 10:00:02','Celebrate(UNIQ)'),(2292,35071,'2015-04-08 10:15:01','\\u548f\\u6625style(\\u674e\\u65af\\u4e39\\u59ae)'),(2293,35255,'2015-04-08 10:15:01','\\u540e\\u4f1a\\u65e0\\u671f(\\u9093\\u7d2b\\u68cb)'),(2294,41074,'2015-04-08 10:15:01','\\u77dc\\u6301(\\u59da\\u8d1d\\u5a1c)'),(2295,12610,'2015-04-08 10:15:01','\\u5728\\u4e00\\u8d77(\\u6b27\\u8c6a)'),(2296,3547,'2015-04-08 10:15:01','Celebrate(UNIQ)'),(2297,35071,'2015-04-08 10:30:01','\\u548f\\u6625style(\\u674e\\u65af\\u4e39\\u59ae)'),(2298,35255,'2015-04-08 10:30:01','\\u540e\\u4f1a\\u65e0\\u671f(\\u9093\\u7d2b\\u68cb)'),(2299,41133,'2015-04-08 10:30:01','\\u77dc\\u6301(\\u59da\\u8d1d\\u5a1c)'),(2300,12610,'2015-04-08 10:30:01','\\u5728\\u4e00\\u8d77(\\u6b27\\u8c6a)'),(2301,3547,'2015-04-08 10:30:01','Celebrate(UNIQ)'),(2302,35071,'2015-04-08 10:45:02','\\u548f\\u6625style(\\u674e\\u65af\\u4e39\\u59ae)'),(2303,35265,'2015-04-08 10:45:02','\\u540e\\u4f1a\\u65e0\\u671f(\\u9093\\u7d2b\\u68cb)'),(2304,41193,'2015-04-08 10:45:02','\\u77dc\\u6301(\\u59da\\u8d1d\\u5a1c)'),(2305,12610,'2015-04-08 10:45:02','\\u5728\\u4e00\\u8d77(\\u6b27\\u8c6a)'),(2306,3547,'2015-04-08 10:45:02','Celebrate(UNIQ)'),(2307,35071,'2015-04-08 11:00:01','\\u548f\\u6625style(\\u674e\\u65af\\u4e39\\u59ae)'),(2308,35280,'2015-04-08 11:00:01','\\u540e\\u4f1a\\u65e0\\u671f(\\u9093\\u7d2b\\u68cb)'),(2309,41284,'2015-04-08 11:00:01','\\u77dc\\u6301(\\u59da\\u8d1d\\u5a1c)'),(2310,12610,'2015-04-08 11:00:01','\\u5728\\u4e00\\u8d77(\\u6b27\\u8c6a)'),(2311,3547,'2015-04-08 11:00:01','Celebrate(UNIQ)'),(2312,35071,'2015-04-08 11:15:01','\\u548f\\u6625style(\\u674e\\u65af\\u4e39\\u59ae)'),(2313,35280,'2015-04-08 11:15:01','\\u540e\\u4f1a\\u65e0\\u671f(\\u9093\\u7d2b\\u68cb)'),(2314,41333,'2015-04-08 11:15:01','\\u77dc\\u6301(\\u59da\\u8d1d\\u5a1c)'),(2315,12610,'2015-04-08 11:15:01','\\u5728\\u4e00\\u8d77(\\u6b27\\u8c6a)'),(2316,3547,'2015-04-08 11:15:01','Celebrate(UNIQ)'),(2317,35071,'2015-04-08 11:30:01','\\u548f\\u6625style(\\u674e\\u65af\\u4e39\\u59ae)'),(2318,35280,'2015-04-08 11:30:01','\\u540e\\u4f1a\\u65e0\\u671f(\\u9093\\u7d2b\\u68cb)'),(2319,41383,'2015-04-08 11:30:01','\\u77dc\\u6301(\\u59da\\u8d1d\\u5a1c)'),(2320,12610,'2015-04-08 11:30:01','\\u5728\\u4e00\\u8d77(\\u6b27\\u8c6a)'),(2321,3547,'2015-04-08 11:30:01','Celebrate(UNIQ)'),(2322,35071,'2015-04-08 11:45:02','\\u548f\\u6625style(\\u674e\\u65af\\u4e39\\u59ae)'),(2323,35280,'2015-04-08 11:45:02','\\u540e\\u4f1a\\u65e0\\u671f(\\u9093\\u7d2b\\u68cb)'),(2324,41443,'2015-04-08 11:45:02','\\u77dc\\u6301(\\u59da\\u8d1d\\u5a1c)'),(2325,12610,'2015-04-08 11:45:02','\\u5728\\u4e00\\u8d77(\\u6b27\\u8c6a)'),(2326,3547,'2015-04-08 11:45:02','Celebrate(UNIQ)'),(2327,35071,'2015-04-08 12:00:01','\\u548f\\u6625style(\\u674e\\u65af\\u4e39\\u59ae)'),(2328,35290,'2015-04-08 12:00:01','\\u540e\\u4f1a\\u65e0\\u671f(\\u9093\\u7d2b\\u68cb)'),(2329,41663,'2015-04-08 12:00:01','\\u77dc\\u6301(\\u59da\\u8d1d\\u5a1c)'),(2330,12610,'2015-04-08 12:00:01','\\u5728\\u4e00\\u8d77(\\u6b27\\u8c6a)'),(2331,3586,'2015-04-08 12:00:01','Celebrate(UNIQ)'),(2332,35071,'2015-04-08 12:15:02','\\u548f\\u6625style(\\u674e\\u65af\\u4e39\\u59ae)'),(2333,35290,'2015-04-08 12:15:02','\\u540e\\u4f1a\\u65e0\\u671f(\\u9093\\u7d2b\\u68cb)'),(2334,41903,'2015-04-08 12:15:02','\\u77dc\\u6301(\\u59da\\u8d1d\\u5a1c)'),(2335,12610,'2015-04-08 12:15:02','\\u5728\\u4e00\\u8d77(\\u6b27\\u8c6a)'),(2336,3656,'2015-04-08 12:15:02','Celebrate(UNIQ)'),(2337,35071,'2015-04-08 12:30:02','\\u548f\\u6625style(\\u674e\\u65af\\u4e39\\u59ae)'),(2338,35290,'2015-04-08 12:30:02','\\u540e\\u4f1a\\u65e0\\u671f(\\u9093\\u7d2b\\u68cb)'),(2339,42263,'2015-04-08 12:30:02','\\u77dc\\u6301(\\u59da\\u8d1d\\u5a1c)'),(2340,12610,'2015-04-08 12:30:02','\\u5728\\u4e00\\u8d77(\\u6b27\\u8c6a)'),(2341,3656,'2015-04-08 12:30:02','Celebrate(UNIQ)'),(2342,35071,'2015-04-08 12:45:03','\\u548f\\u6625style(\\u674e\\u65af\\u4e39\\u59ae)'),(2343,35300,'2015-04-08 12:45:03','\\u540e\\u4f1a\\u65e0\\u671f(\\u9093\\u7d2b\\u68cb)'),(2344,42503,'2015-04-08 12:45:03','\\u77dc\\u6301(\\u59da\\u8d1d\\u5a1c)'),(2345,12610,'2015-04-08 12:45:03','\\u5728\\u4e00\\u8d77(\\u6b27\\u8c6a)'),(2346,3656,'2015-04-08 12:45:03','Celebrate(UNIQ)'),(2347,35071,'2015-04-08 13:00:01','\\u548f\\u6625style(\\u674e\\u65af\\u4e39\\u59ae)'),(2348,35300,'2015-04-08 13:00:01','\\u540e\\u4f1a\\u65e0\\u671f(\\u9093\\u7d2b\\u68cb)'),(2349,42773,'2015-04-08 13:00:01','\\u77dc\\u6301(\\u59da\\u8d1d\\u5a1c)'),(2350,12610,'2015-04-08 13:00:01','\\u5728\\u4e00\\u8d77(\\u6b27\\u8c6a)'),(2351,3656,'2015-04-08 13:00:01','Celebrate(UNIQ)'),(2352,35071,'2015-04-08 13:15:03','\\u548f\\u6625style(\\u674e\\u65af\\u4e39\\u59ae)'),(2353,35310,'2015-04-08 13:15:03','\\u540e\\u4f1a\\u65e0\\u671f(\\u9093\\u7d2b\\u68cb)'),(2354,43203,'2015-04-08 13:15:03','\\u77dc\\u6301(\\u59da\\u8d1d\\u5a1c)'),(2355,12610,'2015-04-08 13:15:03','\\u5728\\u4e00\\u8d77(\\u6b27\\u8c6a)'),(2356,3656,'2015-04-08 13:15:03','Celebrate(UNIQ)'),(2357,35071,'2015-04-08 13:30:02','\\u548f\\u6625style(\\u674e\\u65af\\u4e39\\u59ae)'),(2358,35310,'2015-04-08 13:30:02','\\u540e\\u4f1a\\u65e0\\u671f(\\u9093\\u7d2b\\u68cb)'),(2359,43683,'2015-04-08 13:30:02','\\u77dc\\u6301(\\u59da\\u8d1d\\u5a1c)'),(2360,12620,'2015-04-08 13:30:02','\\u5728\\u4e00\\u8d77(\\u6b27\\u8c6a)'),(2361,3656,'2015-04-08 13:30:02','Celebrate(UNIQ)'),(2362,35071,'2015-04-08 13:45:01','\\u548f\\u6625style(\\u674e\\u65af\\u4e39\\u59ae)'),(2363,35310,'2015-04-08 13:45:01','\\u540e\\u4f1a\\u65e0\\u671f(\\u9093\\u7d2b\\u68cb)'),(2364,44103,'2015-04-08 13:45:01','\\u77dc\\u6301(\\u59da\\u8d1d\\u5a1c)'),(2365,12620,'2015-04-08 13:45:01','\\u5728\\u4e00\\u8d77(\\u6b27\\u8c6a)'),(2366,3656,'2015-04-08 13:45:01','Celebrate(UNIQ)'),(2367,35071,'2015-04-08 14:00:01','\\u548f\\u6625style(\\u674e\\u65af\\u4e39\\u59ae)'),(2368,35310,'2015-04-08 14:00:01','\\u540e\\u4f1a\\u65e0\\u671f(\\u9093\\u7d2b\\u68cb)'),(2369,44373,'2015-04-08 14:00:01','\\u77dc\\u6301(\\u59da\\u8d1d\\u5a1c)'),(2370,12620,'2015-04-08 14:00:01','\\u5728\\u4e00\\u8d77(\\u6b27\\u8c6a)'),(2371,3656,'2015-04-08 14:00:01','Celebrate(UNIQ)'),(2372,35071,'2015-04-08 14:15:01','\\u548f\\u6625style(\\u674e\\u65af\\u4e39\\u59ae)'),(2373,35460,'2015-04-08 14:15:01','\\u540e\\u4f1a\\u65e0\\u671f(\\u9093\\u7d2b\\u68cb)'),(2374,44633,'2015-04-08 14:15:01','\\u77dc\\u6301(\\u59da\\u8d1d\\u5a1c)'),(2375,12620,'2015-04-08 14:15:01','\\u5728\\u4e00\\u8d77(\\u6b27\\u8c6a)'),(2376,3656,'2015-04-08 14:15:01','Celebrate(UNIQ)'),(2377,35071,'2015-04-08 14:30:01','\\u548f\\u6625style(\\u674e\\u65af\\u4e39\\u59ae)'),(2378,35460,'2015-04-08 14:30:01','\\u540e\\u4f1a\\u65e0\\u671f(\\u9093\\u7d2b\\u68cb)'),(2379,44843,'2015-04-08 14:30:01','\\u77dc\\u6301(\\u59da\\u8d1d\\u5a1c)'),(2380,12620,'2015-04-08 14:30:01','\\u5728\\u4e00\\u8d77(\\u6b27\\u8c6a)'),(2381,3656,'2015-04-08 14:30:01','Celebrate(UNIQ)'),(2382,35071,'2015-04-08 14:45:02','\\u548f\\u6625style(\\u674e\\u65af\\u4e39\\u59ae)'),(2383,35662,'2015-04-08 14:45:02','\\u540e\\u4f1a\\u65e0\\u671f(\\u9093\\u7d2b\\u68cb)'),(2384,45033,'2015-04-08 14:45:02','\\u77dc\\u6301(\\u59da\\u8d1d\\u5a1c)'),(2385,12620,'2015-04-08 14:45:02','\\u5728\\u4e00\\u8d77(\\u6b27\\u8c6a)'),(2386,3656,'2015-04-08 14:45:02','Celebrate(UNIQ)'),(2387,35071,'2015-04-08 15:00:03','\\u548f\\u6625style(\\u674e\\u65af\\u4e39\\u59ae)'),(2388,35662,'2015-04-08 15:00:03','\\u540e\\u4f1a\\u65e0\\u671f(\\u9093\\u7d2b\\u68cb)'),(2389,45173,'2015-04-08 15:00:03','\\u77dc\\u6301(\\u59da\\u8d1d\\u5a1c)'),(2390,12620,'2015-04-08 15:00:03','\\u5728\\u4e00\\u8d77(\\u6b27\\u8c6a)'),(2391,3656,'2015-04-08 15:00:03','Celebrate(UNIQ)'),(2392,35071,'2015-04-08 15:15:01','\\u548f\\u6625style(\\u674e\\u65af\\u4e39\\u59ae)'),(2393,35672,'2015-04-08 15:15:01','\\u540e\\u4f1a\\u65e0\\u671f(\\u9093\\u7d2b\\u68cb)'),(2394,45333,'2015-04-08 15:15:01','\\u77dc\\u6301(\\u59da\\u8d1d\\u5a1c)'),(2395,12620,'2015-04-08 15:15:01','\\u5728\\u4e00\\u8d77(\\u6b27\\u8c6a)'),(2396,3656,'2015-04-08 15:15:01','Celebrate(UNIQ)'),(2397,35071,'2015-04-08 15:30:02','\\u548f\\u6625style(\\u674e\\u65af\\u4e39\\u59ae)'),(2398,35806,'2015-04-08 15:30:02','\\u540e\\u4f1a\\u65e0\\u671f(\\u9093\\u7d2b\\u68cb)'),(2399,45553,'2015-04-08 15:30:02','\\u77dc\\u6301(\\u59da\\u8d1d\\u5a1c)'),(2400,12620,'2015-04-08 15:30:02','\\u5728\\u4e00\\u8d77(\\u6b27\\u8c6a)'),(2401,3656,'2015-04-08 15:30:02','Celebrate(UNIQ)'),(2402,35071,'2015-04-08 15:45:04','\\u548f\\u6625style(\\u674e\\u65af\\u4e39\\u59ae)'),(2403,35895,'2015-04-08 15:45:04','\\u540e\\u4f1a\\u65e0\\u671f(\\u9093\\u7d2b\\u68cb)'),(2404,45743,'2015-04-08 15:45:04','\\u77dc\\u6301(\\u59da\\u8d1d\\u5a1c)'),(2405,12620,'2015-04-08 15:45:04','\\u5728\\u4e00\\u8d77(\\u6b27\\u8c6a)'),(2406,3656,'2015-04-08 15:45:04','Celebrate(UNIQ)'),(2407,35071,'2015-04-08 16:00:01','\\u548f\\u6625style(\\u674e\\u65af\\u4e39\\u59ae)'),(2408,35905,'2015-04-08 16:00:01','\\u540e\\u4f1a\\u65e0\\u671f(\\u9093\\u7d2b\\u68cb)'),(2409,45893,'2015-04-08 16:00:01','\\u77dc\\u6301(\\u59da\\u8d1d\\u5a1c)'),(2410,12620,'2015-04-08 16:00:01','\\u5728\\u4e00\\u8d77(\\u6b27\\u8c6a)'),(2411,3656,'2015-04-08 16:00:01','Celebrate(UNIQ)'),(2412,35071,'2015-04-08 16:30:02','\\u548f\\u6625style(\\u674e\\u65af\\u4e39\\u59ae)'),(2413,35905,'2015-04-08 16:30:02','\\u540e\\u4f1a\\u65e0\\u671f(\\u9093\\u7d2b\\u68cb)'),(2414,46043,'2015-04-08 16:30:02','\\u77dc\\u6301(\\u59da\\u8d1d\\u5a1c)'),(2415,12620,'2015-04-08 16:30:02','\\u5728\\u4e00\\u8d77(\\u6b27\\u8c6a)'),(2416,3656,'2015-04-08 16:30:02','Celebrate(UNIQ)'),(2417,35071,'2015-04-08 16:45:03','\\u548f\\u6625style(\\u674e\\u65af\\u4e39\\u59ae)'),(2418,35905,'2015-04-08 16:45:03','\\u540e\\u4f1a\\u65e0\\u671f(\\u9093\\u7d2b\\u68cb)'),(2419,46083,'2015-04-08 16:45:03','\\u77dc\\u6301(\\u59da\\u8d1d\\u5a1c)'),(2420,12620,'2015-04-08 16:45:03','\\u5728\\u4e00\\u8d77(\\u6b27\\u8c6a)'),(2421,3656,'2015-04-08 16:45:03','Celebrate(UNIQ)'),(2422,35071,'2015-04-08 17:00:01','\\u548f\\u6625style(\\u674e\\u65af\\u4e39\\u59ae)'),(2423,35905,'2015-04-08 17:00:01','\\u540e\\u4f1a\\u65e0\\u671f(\\u9093\\u7d2b\\u68cb)'),(2424,46143,'2015-04-08 17:00:01','\\u77dc\\u6301(\\u59da\\u8d1d\\u5a1c)'),(2425,12620,'2015-04-08 17:00:01','\\u5728\\u4e00\\u8d77(\\u6b27\\u8c6a)'),(2426,3656,'2015-04-08 17:00:01','Celebrate(UNIQ)'),(2427,35071,'2015-04-08 17:15:01','\\u548f\\u6625style(\\u674e\\u65af\\u4e39\\u59ae)'),(2428,35910,'2015-04-08 17:15:01','\\u540e\\u4f1a\\u65e0\\u671f(\\u9093\\u7d2b\\u68cb)'),(2429,46143,'2015-04-08 17:15:01','\\u77dc\\u6301(\\u59da\\u8d1d\\u5a1c)'),(2430,12620,'2015-04-08 17:15:01','\\u5728\\u4e00\\u8d77(\\u6b27\\u8c6a)'),(2431,3656,'2015-04-08 17:15:01','Celebrate(UNIQ)'),(2432,35071,'2015-04-08 17:30:02','\\u548f\\u6625style(\\u674e\\u65af\\u4e39\\u59ae)'),(2433,35910,'2015-04-08 17:30:02','\\u540e\\u4f1a\\u65e0\\u671f(\\u9093\\u7d2b\\u68cb)'),(2434,46173,'2015-04-08 17:30:02','\\u77dc\\u6301(\\u59da\\u8d1d\\u5a1c)'),(2435,12620,'2015-04-08 17:30:02','\\u5728\\u4e00\\u8d77(\\u6b27\\u8c6a)'),(2436,3656,'2015-04-08 17:30:02','Celebrate(UNIQ)'),(2437,35071,'2015-04-08 17:45:02','\\u548f\\u6625style(\\u674e\\u65af\\u4e39\\u59ae)'),(2438,35910,'2015-04-08 17:45:02','\\u540e\\u4f1a\\u65e0\\u671f(\\u9093\\u7d2b\\u68cb)'),(2439,46213,'2015-04-08 17:45:02','\\u77dc\\u6301(\\u59da\\u8d1d\\u5a1c)'),(2440,12620,'2015-04-08 17:45:02','\\u5728\\u4e00\\u8d77(\\u6b27\\u8c6a)'),(2441,3656,'2015-04-08 17:45:02','Celebrate(UNIQ)'),(2442,35071,'2015-04-08 18:00:01','\\u548f\\u6625style(\\u674e\\u65af\\u4e39\\u59ae)'),(2443,35930,'2015-04-08 18:00:01','\\u540e\\u4f1a\\u65e0\\u671f(\\u9093\\u7d2b\\u68cb)'),(2444,46253,'2015-04-08 18:00:01','\\u77dc\\u6301(\\u59da\\u8d1d\\u5a1c)'),(2445,12620,'2015-04-08 18:00:01','\\u5728\\u4e00\\u8d77(\\u6b27\\u8c6a)'),(2446,3656,'2015-04-08 18:00:01','Celebrate(UNIQ)'),(2447,35071,'2015-04-08 18:15:02','\\u548f\\u6625style(\\u674e\\u65af\\u4e39\\u59ae)'),(2448,35940,'2015-04-08 18:15:02','\\u540e\\u4f1a\\u65e0\\u671f(\\u9093\\u7d2b\\u68cb)'),(2449,46293,'2015-04-08 18:15:02','\\u77dc\\u6301(\\u59da\\u8d1d\\u5a1c)'),(2450,12620,'2015-04-08 18:15:02','\\u5728\\u4e00\\u8d77(\\u6b27\\u8c6a)'),(2451,3656,'2015-04-08 18:15:02','Celebrate(UNIQ)'),(2452,35071,'2015-04-08 18:30:02','\\u548f\\u6625style(\\u674e\\u65af\\u4e39\\u59ae)'),(2453,35940,'2015-04-08 18:30:02','\\u540e\\u4f1a\\u65e0\\u671f(\\u9093\\u7d2b\\u68cb)'),(2454,46303,'2015-04-08 18:30:02','\\u77dc\\u6301(\\u59da\\u8d1d\\u5a1c)'),(2455,12620,'2015-04-08 18:30:02','\\u5728\\u4e00\\u8d77(\\u6b27\\u8c6a)'),(2456,3656,'2015-04-08 18:30:02','Celebrate(UNIQ)'),(2457,35071,'2015-04-08 18:45:02','\\u548f\\u6625style(\\u674e\\u65af\\u4e39\\u59ae)'),(2458,35940,'2015-04-08 18:45:02','\\u540e\\u4f1a\\u65e0\\u671f(\\u9093\\u7d2b\\u68cb)'),(2459,46303,'2015-04-08 18:45:02','\\u77dc\\u6301(\\u59da\\u8d1d\\u5a1c)'),(2460,12620,'2015-04-08 18:45:02','\\u5728\\u4e00\\u8d77(\\u6b27\\u8c6a)'),(2461,3656,'2015-04-08 18:45:02','Celebrate(UNIQ)'),(2462,35071,'2015-04-08 19:00:02','\\u548f\\u6625style(\\u674e\\u65af\\u4e39\\u59ae)'),(2463,35940,'2015-04-08 19:00:02','\\u540e\\u4f1a\\u65e0\\u671f(\\u9093\\u7d2b\\u68cb)'),(2464,46303,'2015-04-08 19:00:02','\\u77dc\\u6301(\\u59da\\u8d1d\\u5a1c)'),(2465,12620,'2015-04-08 19:00:02','\\u5728\\u4e00\\u8d77(\\u6b27\\u8c6a)'),(2466,3656,'2015-04-08 19:00:02','Celebrate(UNIQ)'),(2467,35071,'2015-04-08 19:15:01','\\u548f\\u6625style(\\u674e\\u65af\\u4e39\\u59ae)'),(2468,35940,'2015-04-08 19:15:01','\\u540e\\u4f1a\\u65e0\\u671f(\\u9093\\u7d2b\\u68cb)'),(2469,46303,'2015-04-08 19:15:01','\\u77dc\\u6301(\\u59da\\u8d1d\\u5a1c)'),(2470,12620,'2015-04-08 19:15:01','\\u5728\\u4e00\\u8d77(\\u6b27\\u8c6a)'),(2471,3656,'2015-04-08 19:15:01','Celebrate(UNIQ)'),(2472,35071,'2015-04-08 19:30:02','\\u548f\\u6625style(\\u674e\\u65af\\u4e39\\u59ae)'),(2473,35940,'2015-04-08 19:30:02','\\u540e\\u4f1a\\u65e0\\u671f(\\u9093\\u7d2b\\u68cb)'),(2474,46303,'2015-04-08 19:30:02','\\u77dc\\u6301(\\u59da\\u8d1d\\u5a1c)'),(2475,12620,'2015-04-08 19:30:02','\\u5728\\u4e00\\u8d77(\\u6b27\\u8c6a)'),(2476,3656,'2015-04-08 19:30:02','Celebrate(UNIQ)'),(2477,35071,'2015-04-08 19:45:01','\\u548f\\u6625style(\\u674e\\u65af\\u4e39\\u59ae)'),(2478,35940,'2015-04-08 19:45:01','\\u540e\\u4f1a\\u65e0\\u671f(\\u9093\\u7d2b\\u68cb)'),(2479,46303,'2015-04-08 19:45:01','\\u77dc\\u6301(\\u59da\\u8d1d\\u5a1c)'),(2480,12620,'2015-04-08 19:45:01','\\u5728\\u4e00\\u8d77(\\u6b27\\u8c6a)'),(2481,3656,'2015-04-08 19:45:01','Celebrate(UNIQ)'),(2482,35071,'2015-04-08 20:00:03','\\u548f\\u6625style(\\u674e\\u65af\\u4e39\\u59ae)'),(2483,35940,'2015-04-08 20:00:03','\\u540e\\u4f1a\\u65e0\\u671f(\\u9093\\u7d2b\\u68cb)'),(2484,46303,'2015-04-08 20:00:03','\\u77dc\\u6301(\\u59da\\u8d1d\\u5a1c)'),(2485,12620,'2015-04-08 20:00:03','\\u5728\\u4e00\\u8d77(\\u6b27\\u8c6a)'),(2486,3656,'2015-04-08 20:00:03','Celebrate(UNIQ)'),(2487,35071,'2015-04-08 20:15:01','\\u548f\\u6625style(\\u674e\\u65af\\u4e39\\u59ae)'),(2488,35940,'2015-04-08 20:15:01','\\u540e\\u4f1a\\u65e0\\u671f(\\u9093\\u7d2b\\u68cb)'),(2489,46303,'2015-04-08 20:15:01','\\u77dc\\u6301(\\u59da\\u8d1d\\u5a1c)'),(2490,12620,'2015-04-08 20:15:01','\\u5728\\u4e00\\u8d77(\\u6b27\\u8c6a)'),(2491,3656,'2015-04-08 20:15:01','Celebrate(UNIQ)'),(2492,35071,'2015-04-08 20:30:01','\\u548f\\u6625style(\\u674e\\u65af\\u4e39\\u59ae)'),(2493,35940,'2015-04-08 20:30:01','\\u540e\\u4f1a\\u65e0\\u671f(\\u9093\\u7d2b\\u68cb)'),(2494,46303,'2015-04-08 20:30:01','\\u77dc\\u6301(\\u59da\\u8d1d\\u5a1c)'),(2495,12620,'2015-04-08 20:30:01','\\u5728\\u4e00\\u8d77(\\u6b27\\u8c6a)'),(2496,3656,'2015-04-08 20:30:01','Celebrate(UNIQ)'),(2497,35071,'2015-04-08 20:45:02','\\u548f\\u6625style(\\u674e\\u65af\\u4e39\\u59ae)'),(2498,35940,'2015-04-08 20:45:02','\\u540e\\u4f1a\\u65e0\\u671f(\\u9093\\u7d2b\\u68cb)'),(2499,46303,'2015-04-08 20:45:02','\\u77dc\\u6301(\\u59da\\u8d1d\\u5a1c)'),(2500,12620,'2015-04-08 20:45:02','\\u5728\\u4e00\\u8d77(\\u6b27\\u8c6a)'),(2501,3656,'2015-04-08 20:45:02','Celebrate(UNIQ)'),(2502,35071,'2015-04-08 21:00:01','\\u548f\\u6625style(\\u674e\\u65af\\u4e39\\u59ae)'),(2503,35940,'2015-04-08 21:00:01','\\u540e\\u4f1a\\u65e0\\u671f(\\u9093\\u7d2b\\u68cb)'),(2504,46303,'2015-04-08 21:00:01','\\u77dc\\u6301(\\u59da\\u8d1d\\u5a1c)'),(2505,12620,'2015-04-08 21:00:01','\\u5728\\u4e00\\u8d77(\\u6b27\\u8c6a)'),(2506,3656,'2015-04-08 21:00:01','Celebrate(UNIQ)'),(2507,35071,'2015-04-08 21:15:02','\\u548f\\u6625style(\\u674e\\u65af\\u4e39\\u59ae)'),(2508,35940,'2015-04-08 21:15:02','\\u540e\\u4f1a\\u65e0\\u671f(\\u9093\\u7d2b\\u68cb)'),(2509,46333,'2015-04-08 21:15:02','\\u77dc\\u6301(\\u59da\\u8d1d\\u5a1c)'),(2510,12620,'2015-04-08 21:15:02','\\u5728\\u4e00\\u8d77(\\u6b27\\u8c6a)'),(2511,3656,'2015-04-08 21:15:02','Celebrate(UNIQ)'),(2512,35071,'2015-04-08 21:30:02','\\u548f\\u6625style(\\u674e\\u65af\\u4e39\\u59ae)'),(2513,35940,'2015-04-08 21:30:02','\\u540e\\u4f1a\\u65e0\\u671f(\\u9093\\u7d2b\\u68cb)'),(2514,46333,'2015-04-08 21:30:02','\\u77dc\\u6301(\\u59da\\u8d1d\\u5a1c)'),(2515,12620,'2015-04-08 21:30:02','\\u5728\\u4e00\\u8d77(\\u6b27\\u8c6a)'),(2516,3656,'2015-04-08 21:30:02','Celebrate(UNIQ)'),(2517,35071,'2015-04-08 21:45:01','\\u548f\\u6625style(\\u674e\\u65af\\u4e39\\u59ae)'),(2518,35940,'2015-04-08 21:45:01','\\u540e\\u4f1a\\u65e0\\u671f(\\u9093\\u7d2b\\u68cb)'),(2519,46333,'2015-04-08 21:45:01','\\u77dc\\u6301(\\u59da\\u8d1d\\u5a1c)'),(2520,12620,'2015-04-08 21:45:01','\\u5728\\u4e00\\u8d77(\\u6b27\\u8c6a)'),(2521,3656,'2015-04-08 21:45:01','Celebrate(UNIQ)'),(2522,35071,'2015-04-08 22:00:02','\\u548f\\u6625style(\\u674e\\u65af\\u4e39\\u59ae)'),(2523,35940,'2015-04-08 22:00:02','\\u540e\\u4f1a\\u65e0\\u671f(\\u9093\\u7d2b\\u68cb)'),(2524,46333,'2015-04-08 22:00:02','\\u77dc\\u6301(\\u59da\\u8d1d\\u5a1c)'),(2525,12620,'2015-04-08 22:00:02','\\u5728\\u4e00\\u8d77(\\u6b27\\u8c6a)'),(2526,3656,'2015-04-08 22:00:02','Celebrate(UNIQ)'),(2527,35071,'2015-04-08 22:15:01','\\u548f\\u6625style(\\u674e\\u65af\\u4e39\\u59ae)'),(2528,35940,'2015-04-08 22:15:01','\\u540e\\u4f1a\\u65e0\\u671f(\\u9093\\u7d2b\\u68cb)'),(2529,46333,'2015-04-08 22:15:01','\\u77dc\\u6301(\\u59da\\u8d1d\\u5a1c)'),(2530,12620,'2015-04-08 22:15:01','\\u5728\\u4e00\\u8d77(\\u6b27\\u8c6a)'),(2531,3656,'2015-04-08 22:15:01','Celebrate(UNIQ)'),(2532,35071,'2015-04-08 22:45:05','\\u548f\\u6625style(\\u674e\\u65af\\u4e39\\u59ae)'),(2533,35947,'2015-04-08 22:45:05','\\u540e\\u4f1a\\u65e0\\u671f(\\u9093\\u7d2b\\u68cb)'),(2534,46333,'2015-04-08 22:45:05','\\u77dc\\u6301(\\u59da\\u8d1d\\u5a1c)'),(2535,12620,'2015-04-08 22:45:05','\\u5728\\u4e00\\u8d77(\\u6b27\\u8c6a)'),(2536,3656,'2015-04-08 22:45:05','Celebrate(UNIQ)'),(2537,35071,'2015-04-08 23:00:03','\\u548f\\u6625style(\\u674e\\u65af\\u4e39\\u59ae)'),(2538,35947,'2015-04-08 23:00:03','\\u540e\\u4f1a\\u65e0\\u671f(\\u9093\\u7d2b\\u68cb)'),(2539,46333,'2015-04-08 23:00:03','\\u77dc\\u6301(\\u59da\\u8d1d\\u5a1c)'),(2540,12620,'2015-04-08 23:00:03','\\u5728\\u4e00\\u8d77(\\u6b27\\u8c6a)'),(2541,3656,'2015-04-08 23:00:03','Celebrate(UNIQ)'),(2542,35071,'2015-04-08 23:15:03','\\u548f\\u6625style(\\u674e\\u65af\\u4e39\\u59ae)'),(2543,35947,'2015-04-08 23:15:03','\\u540e\\u4f1a\\u65e0\\u671f(\\u9093\\u7d2b\\u68cb)'),(2544,46353,'2015-04-08 23:15:03','\\u77dc\\u6301(\\u59da\\u8d1d\\u5a1c)'),(2545,12620,'2015-04-08 23:15:03','\\u5728\\u4e00\\u8d77(\\u6b27\\u8c6a)'),(2546,3656,'2015-04-08 23:15:03','Celebrate(UNIQ)'),(2547,35071,'2015-04-08 23:30:02','\\u548f\\u6625style(\\u674e\\u65af\\u4e39\\u59ae)'),(2548,35947,'2015-04-08 23:30:02','\\u540e\\u4f1a\\u65e0\\u671f(\\u9093\\u7d2b\\u68cb)'),(2549,46353,'2015-04-08 23:30:02','\\u77dc\\u6301(\\u59da\\u8d1d\\u5a1c)'),(2550,12620,'2015-04-08 23:30:02','\\u5728\\u4e00\\u8d77(\\u6b27\\u8c6a)'),(2551,3656,'2015-04-08 23:30:02','Celebrate(UNIQ)'),(2552,35071,'2015-04-08 23:45:03','\\u548f\\u6625style(\\u674e\\u65af\\u4e39\\u59ae)'),(2553,35947,'2015-04-08 23:45:03','\\u540e\\u4f1a\\u65e0\\u671f(\\u9093\\u7d2b\\u68cb)'),(2554,46363,'2015-04-08 23:45:03','\\u77dc\\u6301(\\u59da\\u8d1d\\u5a1c)'),(2555,12620,'2015-04-08 23:45:03','\\u5728\\u4e00\\u8d77(\\u6b27\\u8c6a)'),(2556,3656,'2015-04-08 23:45:03','Celebrate(UNIQ)'),(2557,35071,'2015-04-09 00:00:01','\\u548f\\u6625style(\\u674e\\u65af\\u4e39\\u59ae)'),(2558,35947,'2015-04-09 00:00:01','\\u540e\\u4f1a\\u65e0\\u671f(\\u9093\\u7d2b\\u68cb)'),(2559,46363,'2015-04-09 00:00:01','\\u77dc\\u6301(\\u59da\\u8d1d\\u5a1c)'),(2560,12620,'2015-04-09 00:00:01','\\u5728\\u4e00\\u8d77(\\u6b27\\u8c6a)'),(2561,3656,'2015-04-09 00:00:01','Celebrate(UNIQ)'),(2562,35071,'2015-04-09 00:15:02','\\u548f\\u6625style(\\u674e\\u65af\\u4e39\\u59ae)'),(2563,35947,'2015-04-09 00:15:02','\\u540e\\u4f1a\\u65e0\\u671f(\\u9093\\u7d2b\\u68cb)'),(2564,46363,'2015-04-09 00:15:02','\\u77dc\\u6301(\\u59da\\u8d1d\\u5a1c)'),(2565,12620,'2015-04-09 00:15:02','\\u5728\\u4e00\\u8d77(\\u6b27\\u8c6a)'),(2566,3656,'2015-04-09 00:15:02','Celebrate(UNIQ)'),(2567,35071,'2015-04-09 00:30:01','\\u548f\\u6625style(\\u674e\\u65af\\u4e39\\u59ae)'),(2568,35947,'2015-04-09 00:30:01','\\u540e\\u4f1a\\u65e0\\u671f(\\u9093\\u7d2b\\u68cb)'),(2569,46383,'2015-04-09 00:30:01','\\u77dc\\u6301(\\u59da\\u8d1d\\u5a1c)'),(2570,12620,'2015-04-09 00:30:01','\\u5728\\u4e00\\u8d77(\\u6b27\\u8c6a)'),(2571,3656,'2015-04-09 00:30:01','Celebrate(UNIQ)'),(2572,35071,'2015-04-09 00:45:03','\\u548f\\u6625style(\\u674e\\u65af\\u4e39\\u59ae)'),(2573,35947,'2015-04-09 00:45:03','\\u540e\\u4f1a\\u65e0\\u671f(\\u9093\\u7d2b\\u68cb)'),(2574,46383,'2015-04-09 00:45:03','\\u77dc\\u6301(\\u59da\\u8d1d\\u5a1c)'),(2575,12620,'2015-04-09 00:45:03','\\u5728\\u4e00\\u8d77(\\u6b27\\u8c6a)'),(2576,3656,'2015-04-09 00:45:03','Celebrate(UNIQ)'),(2577,35071,'2015-04-09 01:00:01','\\u548f\\u6625style(\\u674e\\u65af\\u4e39\\u59ae)'),(2578,35952,'2015-04-09 01:00:01','\\u540e\\u4f1a\\u65e0\\u671f(\\u9093\\u7d2b\\u68cb)'),(2579,46383,'2015-04-09 01:00:01','\\u77dc\\u6301(\\u59da\\u8d1d\\u5a1c)'),(2580,12620,'2015-04-09 01:00:01','\\u5728\\u4e00\\u8d77(\\u6b27\\u8c6a)'),(2581,3656,'2015-04-09 01:00:01','Celebrate(UNIQ)'),(2582,35071,'2015-04-09 01:15:01','\\u548f\\u6625style(\\u674e\\u65af\\u4e39\\u59ae)'),(2583,35952,'2015-04-09 01:15:01','\\u540e\\u4f1a\\u65e0\\u671f(\\u9093\\u7d2b\\u68cb)'),(2584,46383,'2015-04-09 01:15:01','\\u77dc\\u6301(\\u59da\\u8d1d\\u5a1c)'),(2585,12620,'2015-04-09 01:15:01','\\u5728\\u4e00\\u8d77(\\u6b27\\u8c6a)'),(2586,3656,'2015-04-09 01:15:01','Celebrate(UNIQ)'),(2587,35071,'2015-04-09 01:30:02','\\u548f\\u6625style(\\u674e\\u65af\\u4e39\\u59ae)'),(2588,35952,'2015-04-09 01:30:02','\\u540e\\u4f1a\\u65e0\\u671f(\\u9093\\u7d2b\\u68cb)'),(2589,46413,'2015-04-09 01:30:02','\\u77dc\\u6301(\\u59da\\u8d1d\\u5a1c)'),(2590,12620,'2015-04-09 01:30:02','\\u5728\\u4e00\\u8d77(\\u6b27\\u8c6a)'),(2591,3656,'2015-04-09 01:30:02','Celebrate(UNIQ)'),(2592,35071,'2015-04-09 01:45:03','\\u548f\\u6625style(\\u674e\\u65af\\u4e39\\u59ae)'),(2593,36043,'2015-04-09 01:45:03','\\u540e\\u4f1a\\u65e0\\u671f(\\u9093\\u7d2b\\u68cb)'),(2594,46413,'2015-04-09 01:45:03','\\u77dc\\u6301(\\u59da\\u8d1d\\u5a1c)'),(2595,12620,'2015-04-09 01:45:03','\\u5728\\u4e00\\u8d77(\\u6b27\\u8c6a)'),(2596,3656,'2015-04-09 01:45:03','Celebrate(UNIQ)'),(2597,35071,'2015-04-09 02:00:03','\\u548f\\u6625style(\\u674e\\u65af\\u4e39\\u59ae)'),(2598,36053,'2015-04-09 02:00:03','\\u540e\\u4f1a\\u65e0\\u671f(\\u9093\\u7d2b\\u68cb)'),(2599,46413,'2015-04-09 02:00:03','\\u77dc\\u6301(\\u59da\\u8d1d\\u5a1c)'),(2600,12630,'2015-04-09 02:00:03','\\u5728\\u4e00\\u8d77(\\u6b27\\u8c6a)'),(2601,3656,'2015-04-09 02:00:03','Celebrate(UNIQ)'),(2602,35071,'2015-04-09 02:15:01','\\u548f\\u6625style(\\u674e\\u65af\\u4e39\\u59ae)'),(2603,36053,'2015-04-09 02:15:01','\\u540e\\u4f1a\\u65e0\\u671f(\\u9093\\u7d2b\\u68cb)'),(2604,46423,'2015-04-09 02:15:01','\\u77dc\\u6301(\\u59da\\u8d1d\\u5a1c)'),(2605,12630,'2015-04-09 02:15:01','\\u5728\\u4e00\\u8d77(\\u6b27\\u8c6a)'),(2606,3656,'2015-04-09 02:15:01','Celebrate(UNIQ)'),(2607,35071,'2015-04-09 02:30:01','\\u548f\\u6625style(\\u674e\\u65af\\u4e39\\u59ae)'),(2608,36072,'2015-04-09 02:30:01','\\u540e\\u4f1a\\u65e0\\u671f(\\u9093\\u7d2b\\u68cb)'),(2609,46473,'2015-04-09 02:30:01','\\u77dc\\u6301(\\u59da\\u8d1d\\u5a1c)'),(2610,12630,'2015-04-09 02:30:01','\\u5728\\u4e00\\u8d77(\\u6b27\\u8c6a)'),(2611,3656,'2015-04-09 02:30:01','Celebrate(UNIQ)'),(2612,35071,'2015-04-09 02:45:01','\\u548f\\u6625style(\\u674e\\u65af\\u4e39\\u59ae)'),(2613,36072,'2015-04-09 02:45:01','\\u540e\\u4f1a\\u65e0\\u671f(\\u9093\\u7d2b\\u68cb)'),(2614,46493,'2015-04-09 02:45:01','\\u77dc\\u6301(\\u59da\\u8d1d\\u5a1c)'),(2615,12630,'2015-04-09 02:45:01','\\u5728\\u4e00\\u8d77(\\u6b27\\u8c6a)'),(2616,3656,'2015-04-09 02:45:01','Celebrate(UNIQ)'),(2617,35071,'2015-04-09 03:00:02','\\u548f\\u6625style(\\u674e\\u65af\\u4e39\\u59ae)'),(2618,36072,'2015-04-09 03:00:02','\\u540e\\u4f1a\\u65e0\\u671f(\\u9093\\u7d2b\\u68cb)'),(2619,46533,'2015-04-09 03:00:02','\\u77dc\\u6301(\\u59da\\u8d1d\\u5a1c)'),(2620,12630,'2015-04-09 03:00:02','\\u5728\\u4e00\\u8d77(\\u6b27\\u8c6a)'),(2621,3656,'2015-04-09 03:00:02','Celebrate(UNIQ)'),(2622,35071,'2015-04-09 03:15:02','\\u548f\\u6625style(\\u674e\\u65af\\u4e39\\u59ae)'),(2623,36072,'2015-04-09 03:15:02','\\u540e\\u4f1a\\u65e0\\u671f(\\u9093\\u7d2b\\u68cb)'),(2624,46533,'2015-04-09 03:15:02','\\u77dc\\u6301(\\u59da\\u8d1d\\u5a1c)'),(2625,12630,'2015-04-09 03:15:02','\\u5728\\u4e00\\u8d77(\\u6b27\\u8c6a)'),(2626,3656,'2015-04-09 03:15:02','Celebrate(UNIQ)'),(2627,35071,'2015-04-09 03:30:01','\\u548f\\u6625style(\\u674e\\u65af\\u4e39\\u59ae)'),(2628,36196,'2015-04-09 03:30:01','\\u540e\\u4f1a\\u65e0\\u671f(\\u9093\\u7d2b\\u68cb)'),(2629,46543,'2015-04-09 03:30:01','\\u77dc\\u6301(\\u59da\\u8d1d\\u5a1c)'),(2630,12630,'2015-04-09 03:30:01','\\u5728\\u4e00\\u8d77(\\u6b27\\u8c6a)'),(2631,3656,'2015-04-09 03:30:01','Celebrate(UNIQ)'),(2632,35071,'2015-04-09 03:45:01','\\u548f\\u6625style(\\u674e\\u65af\\u4e39\\u59ae)'),(2633,36196,'2015-04-09 03:45:01','\\u540e\\u4f1a\\u65e0\\u671f(\\u9093\\u7d2b\\u68cb)'),(2634,46623,'2015-04-09 03:45:01','\\u77dc\\u6301(\\u59da\\u8d1d\\u5a1c)'),(2635,12630,'2015-04-09 03:45:01','\\u5728\\u4e00\\u8d77(\\u6b27\\u8c6a)'),(2636,3656,'2015-04-09 03:45:01','Celebrate(UNIQ)'),(2637,35071,'2015-04-09 04:00:02','\\u548f\\u6625style(\\u674e\\u65af\\u4e39\\u59ae)'),(2638,36196,'2015-04-09 04:00:02','\\u540e\\u4f1a\\u65e0\\u671f(\\u9093\\u7d2b\\u68cb)'),(2639,46883,'2015-04-09 04:00:02','\\u77dc\\u6301(\\u59da\\u8d1d\\u5a1c)'),(2640,12630,'2015-04-09 04:00:02','\\u5728\\u4e00\\u8d77(\\u6b27\\u8c6a)'),(2641,3656,'2015-04-09 04:00:02','Celebrate(UNIQ)'),(2642,35071,'2015-04-09 04:15:01','\\u548f\\u6625style(\\u674e\\u65af\\u4e39\\u59ae)'),(2643,36196,'2015-04-09 04:15:01','\\u540e\\u4f1a\\u65e0\\u671f(\\u9093\\u7d2b\\u68cb)'),(2644,46990,'2015-04-09 04:15:01','\\u77dc\\u6301(\\u59da\\u8d1d\\u5a1c)'),(2645,12630,'2015-04-09 04:15:01','\\u5728\\u4e00\\u8d77(\\u6b27\\u8c6a)'),(2646,3656,'2015-04-09 04:15:01','Celebrate(UNIQ)'),(2647,35071,'2015-04-09 04:30:01','\\u548f\\u6625style(\\u674e\\u65af\\u4e39\\u59ae)'),(2648,36196,'2015-04-09 04:30:01','\\u540e\\u4f1a\\u65e0\\u671f(\\u9093\\u7d2b\\u68cb)'),(2649,46993,'2015-04-09 04:30:01','\\u77dc\\u6301(\\u59da\\u8d1d\\u5a1c)'),(2650,12630,'2015-04-09 04:30:01','\\u5728\\u4e00\\u8d77(\\u6b27\\u8c6a)'),(2651,3656,'2015-04-09 04:30:01','Celebrate(UNIQ)'),(2652,35071,'2015-04-09 04:45:02','\\u548f\\u6625style(\\u674e\\u65af\\u4e39\\u59ae)'),(2653,36226,'2015-04-09 04:45:02','\\u540e\\u4f1a\\u65e0\\u671f(\\u9093\\u7d2b\\u68cb)'),(2654,47010,'2015-04-09 04:45:02','\\u77dc\\u6301(\\u59da\\u8d1d\\u5a1c)'),(2655,12630,'2015-04-09 04:45:02','\\u5728\\u4e00\\u8d77(\\u6b27\\u8c6a)'),(2656,3656,'2015-04-09 04:45:02','Celebrate(UNIQ)'),(2657,35071,'2015-04-09 05:00:01','\\u548f\\u6625style(\\u674e\\u65af\\u4e39\\u59ae)'),(2658,36236,'2015-04-09 05:00:01','\\u540e\\u4f1a\\u65e0\\u671f(\\u9093\\u7d2b\\u68cb)'),(2659,47220,'2015-04-09 05:00:01','\\u77dc\\u6301(\\u59da\\u8d1d\\u5a1c)'),(2660,12630,'2015-04-09 05:00:01','\\u5728\\u4e00\\u8d77(\\u6b27\\u8c6a)'),(2661,3656,'2015-04-09 05:00:01','Celebrate(UNIQ)'),(2662,35071,'2015-04-09 05:15:02','\\u548f\\u6625style(\\u674e\\u65af\\u4e39\\u59ae)'),(2663,36251,'2015-04-09 05:15:02','\\u540e\\u4f1a\\u65e0\\u671f(\\u9093\\u7d2b\\u68cb)'),(2664,47560,'2015-04-09 05:15:02','\\u77dc\\u6301(\\u59da\\u8d1d\\u5a1c)'),(2665,12630,'2015-04-09 05:15:02','\\u5728\\u4e00\\u8d77(\\u6b27\\u8c6a)'),(2666,3656,'2015-04-09 05:15:02','Celebrate(UNIQ)'),(2667,35071,'2015-04-09 05:30:01','\\u548f\\u6625style(\\u674e\\u65af\\u4e39\\u59ae)'),(2668,36256,'2015-04-09 05:30:01','\\u540e\\u4f1a\\u65e0\\u671f(\\u9093\\u7d2b\\u68cb)'),(2669,48210,'2015-04-09 05:30:01','\\u77dc\\u6301(\\u59da\\u8d1d\\u5a1c)'),(2670,12630,'2015-04-09 05:30:01','\\u5728\\u4e00\\u8d77(\\u6b27\\u8c6a)'),(2671,3656,'2015-04-09 05:30:01','Celebrate(UNIQ)'),(2672,35071,'2015-04-09 05:45:01','\\u548f\\u6625style(\\u674e\\u65af\\u4e39\\u59ae)'),(2673,36256,'2015-04-09 05:45:01','\\u540e\\u4f1a\\u65e0\\u671f(\\u9093\\u7d2b\\u68cb)'),(2674,48490,'2015-04-09 05:45:01','\\u77dc\\u6301(\\u59da\\u8d1d\\u5a1c)'),(2675,12630,'2015-04-09 05:45:01','\\u5728\\u4e00\\u8d77(\\u6b27\\u8c6a)'),(2676,3656,'2015-04-09 05:45:01','Celebrate(UNIQ)'),(2677,35071,'2015-04-09 06:00:01','\\u548f\\u6625style(\\u674e\\u65af\\u4e39\\u59ae)'),(2678,36258,'2015-04-09 06:00:01','\\u540e\\u4f1a\\u65e0\\u671f(\\u9093\\u7d2b\\u68cb)'),(2679,48890,'2015-04-09 06:00:01','\\u77dc\\u6301(\\u59da\\u8d1d\\u5a1c)'),(2680,12630,'2015-04-09 06:00:01','\\u5728\\u4e00\\u8d77(\\u6b27\\u8c6a)'),(2681,3656,'2015-04-09 06:00:01','Celebrate(UNIQ)'),(2682,35071,'2015-04-09 06:15:01','\\u548f\\u6625style(\\u674e\\u65af\\u4e39\\u59ae)'),(2683,36258,'2015-04-09 06:15:01','\\u540e\\u4f1a\\u65e0\\u671f(\\u9093\\u7d2b\\u68cb)'),(2684,49390,'2015-04-09 06:15:01','\\u77dc\\u6301(\\u59da\\u8d1d\\u5a1c)'),(2685,12630,'2015-04-09 06:15:01','\\u5728\\u4e00\\u8d77(\\u6b27\\u8c6a)'),(2686,3656,'2015-04-09 06:15:01','Celebrate(UNIQ)'),(2687,35071,'2015-04-09 06:30:01','\\u548f\\u6625style(\\u674e\\u65af\\u4e39\\u59ae)'),(2688,36258,'2015-04-09 06:30:01','\\u540e\\u4f1a\\u65e0\\u671f(\\u9093\\u7d2b\\u68cb)'),(2689,49720,'2015-04-09 06:30:01','\\u77dc\\u6301(\\u59da\\u8d1d\\u5a1c)'),(2690,12630,'2015-04-09 06:30:01','\\u5728\\u4e00\\u8d77(\\u6b27\\u8c6a)'),(2691,3656,'2015-04-09 06:30:01','Celebrate(UNIQ)'),(2692,35071,'2015-04-09 06:45:01','\\u548f\\u6625style(\\u674e\\u65af\\u4e39\\u59ae)'),(2693,36258,'2015-04-09 06:45:01','\\u540e\\u4f1a\\u65e0\\u671f(\\u9093\\u7d2b\\u68cb)'),(2694,50040,'2015-04-09 06:45:01','\\u77dc\\u6301(\\u59da\\u8d1d\\u5a1c)'),(2695,12630,'2015-04-09 06:45:01','\\u5728\\u4e00\\u8d77(\\u6b27\\u8c6a)'),(2696,3656,'2015-04-09 06:45:01','Celebrate(UNIQ)'),(2697,35071,'2015-04-09 07:00:02','\\u548f\\u6625style(\\u674e\\u65af\\u4e39\\u59ae)'),(2698,36258,'2015-04-09 07:00:02','\\u540e\\u4f1a\\u65e0\\u671f(\\u9093\\u7d2b\\u68cb)'),(2699,50060,'2015-04-09 07:00:02','\\u77dc\\u6301(\\u59da\\u8d1d\\u5a1c)'),(2700,12630,'2015-04-09 07:00:02','\\u5728\\u4e00\\u8d77(\\u6b27\\u8c6a)'),(2701,3656,'2015-04-09 07:00:02','Celebrate(UNIQ)'),(2702,35071,'2015-04-09 07:15:01','\\u548f\\u6625style(\\u674e\\u65af\\u4e39\\u59ae)'),(2703,36258,'2015-04-09 07:15:01','\\u540e\\u4f1a\\u65e0\\u671f(\\u9093\\u7d2b\\u68cb)'),(2704,50170,'2015-04-09 07:15:01','\\u77dc\\u6301(\\u59da\\u8d1d\\u5a1c)'),(2705,12630,'2015-04-09 07:15:01','\\u5728\\u4e00\\u8d77(\\u6b27\\u8c6a)'),(2706,3656,'2015-04-09 07:15:01','Celebrate(UNIQ)'),(2707,35071,'2015-04-09 07:30:01','\\u548f\\u6625style(\\u674e\\u65af\\u4e39\\u59ae)'),(2708,36258,'2015-04-09 07:30:01','\\u540e\\u4f1a\\u65e0\\u671f(\\u9093\\u7d2b\\u68cb)'),(2709,50170,'2015-04-09 07:30:01','\\u77dc\\u6301(\\u59da\\u8d1d\\u5a1c)'),(2710,12630,'2015-04-09 07:30:01','\\u5728\\u4e00\\u8d77(\\u6b27\\u8c6a)'),(2711,3656,'2015-04-09 07:30:01','Celebrate(UNIQ)'),(2712,35071,'2015-04-09 07:45:01','\\u548f\\u6625style(\\u674e\\u65af\\u4e39\\u59ae)'),(2713,36266,'2015-04-09 07:45:01','\\u540e\\u4f1a\\u65e0\\u671f(\\u9093\\u7d2b\\u68cb)'),(2714,50370,'2015-04-09 07:45:01','\\u77dc\\u6301(\\u59da\\u8d1d\\u5a1c)'),(2715,12630,'2015-04-09 07:45:01','\\u5728\\u4e00\\u8d77(\\u6b27\\u8c6a)'),(2716,3656,'2015-04-09 07:45:01','Celebrate(UNIQ)'),(2717,35071,'2015-04-09 08:00:01','\\u548f\\u6625style(\\u674e\\u65af\\u4e39\\u59ae)'),(2718,36266,'2015-04-09 08:00:01','\\u540e\\u4f1a\\u65e0\\u671f(\\u9093\\u7d2b\\u68cb)'),(2719,50840,'2015-04-09 08:00:01','\\u77dc\\u6301(\\u59da\\u8d1d\\u5a1c)'),(2720,12630,'2015-04-09 08:00:01','\\u5728\\u4e00\\u8d77(\\u6b27\\u8c6a)'),(2721,3656,'2015-04-09 08:00:01','Celebrate(UNIQ)'),(2722,35071,'2015-04-09 08:15:02','\\u548f\\u6625style(\\u674e\\u65af\\u4e39\\u59ae)'),(2723,36266,'2015-04-09 08:15:02','\\u540e\\u4f1a\\u65e0\\u671f(\\u9093\\u7d2b\\u68cb)'),(2724,51170,'2015-04-09 08:15:02','\\u77dc\\u6301(\\u59da\\u8d1d\\u5a1c)'),(2725,12630,'2015-04-09 08:15:02','\\u5728\\u4e00\\u8d77(\\u6b27\\u8c6a)'),(2726,3656,'2015-04-09 08:15:02','Celebrate(UNIQ)'),(2727,35071,'2015-04-09 08:30:02','\\u548f\\u6625style(\\u674e\\u65af\\u4e39\\u59ae)'),(2728,36266,'2015-04-09 08:30:02','\\u540e\\u4f1a\\u65e0\\u671f(\\u9093\\u7d2b\\u68cb)'),(2729,51510,'2015-04-09 08:30:02','\\u77dc\\u6301(\\u59da\\u8d1d\\u5a1c)'),(2730,12630,'2015-04-09 08:30:02','\\u5728\\u4e00\\u8d77(\\u6b27\\u8c6a)'),(2731,3656,'2015-04-09 08:30:02','Celebrate(UNIQ)'),(2732,35071,'2015-04-09 08:45:02','\\u548f\\u6625style(\\u674e\\u65af\\u4e39\\u59ae)'),(2733,36266,'2015-04-09 08:45:02','\\u540e\\u4f1a\\u65e0\\u671f(\\u9093\\u7d2b\\u68cb)'),(2734,51760,'2015-04-09 08:45:02','\\u77dc\\u6301(\\u59da\\u8d1d\\u5a1c)'),(2735,12630,'2015-04-09 08:45:02','\\u5728\\u4e00\\u8d77(\\u6b27\\u8c6a)'),(2736,3656,'2015-04-09 08:45:02','Celebrate(UNIQ)'),(2737,35071,'2015-04-09 09:00:01','\\u548f\\u6625style(\\u674e\\u65af\\u4e39\\u59ae)'),(2738,36266,'2015-04-09 09:00:01','\\u540e\\u4f1a\\u65e0\\u671f(\\u9093\\u7d2b\\u68cb)'),(2739,51820,'2015-04-09 09:00:01','\\u77dc\\u6301(\\u59da\\u8d1d\\u5a1c)'),(2740,12630,'2015-04-09 09:00:01','\\u5728\\u4e00\\u8d77(\\u6b27\\u8c6a)'),(2741,3656,'2015-04-09 09:00:01','Celebrate(UNIQ)'),(2742,35071,'2015-04-09 09:15:01','\\u548f\\u6625style(\\u674e\\u65af\\u4e39\\u59ae)'),(2743,36266,'2015-04-09 09:15:01','\\u540e\\u4f1a\\u65e0\\u671f(\\u9093\\u7d2b\\u68cb)'),(2744,51870,'2015-04-09 09:15:01','\\u77dc\\u6301(\\u59da\\u8d1d\\u5a1c)'),(2745,12630,'2015-04-09 09:15:01','\\u5728\\u4e00\\u8d77(\\u6b27\\u8c6a)'),(2746,3656,'2015-04-09 09:15:01','Celebrate(UNIQ)'),(2747,35071,'2015-04-09 09:30:01','\\u548f\\u6625style(\\u674e\\u65af\\u4e39\\u59ae)'),(2748,36266,'2015-04-09 09:30:01','\\u540e\\u4f1a\\u65e0\\u671f(\\u9093\\u7d2b\\u68cb)'),(2749,51940,'2015-04-09 09:30:01','\\u77dc\\u6301(\\u59da\\u8d1d\\u5a1c)'),(2750,12630,'2015-04-09 09:30:01','\\u5728\\u4e00\\u8d77(\\u6b27\\u8c6a)'),(2751,3656,'2015-04-09 09:30:01','Celebrate(UNIQ)'),(2752,35071,'2015-04-09 09:45:01','\\u548f\\u6625style(\\u674e\\u65af\\u4e39\\u59ae)'),(2753,36266,'2015-04-09 09:45:01','\\u540e\\u4f1a\\u65e0\\u671f(\\u9093\\u7d2b\\u68cb)'),(2754,52000,'2015-04-09 09:45:01','\\u77dc\\u6301(\\u59da\\u8d1d\\u5a1c)'),(2755,12630,'2015-04-09 09:45:01','\\u5728\\u4e00\\u8d77(\\u6b27\\u8c6a)'),(2756,3656,'2015-04-09 09:45:01','Celebrate(UNIQ)'),(2757,35071,'2015-04-09 10:00:01','\\u548f\\u6625style(\\u674e\\u65af\\u4e39\\u59ae)'),(2758,36266,'2015-04-09 10:00:01','\\u540e\\u4f1a\\u65e0\\u671f(\\u9093\\u7d2b\\u68cb)'),(2759,52110,'2015-04-09 10:00:01','\\u77dc\\u6301(\\u59da\\u8d1d\\u5a1c)'),(2760,12630,'2015-04-09 10:00:01','\\u5728\\u4e00\\u8d77(\\u6b27\\u8c6a)'),(2761,3656,'2015-04-09 10:00:01','Celebrate(UNIQ)'),(2762,35071,'2015-04-09 10:15:01','\\u548f\\u6625style(\\u674e\\u65af\\u4e39\\u59ae)'),(2763,36266,'2015-04-09 10:15:01','\\u540e\\u4f1a\\u65e0\\u671f(\\u9093\\u7d2b\\u68cb)'),(2764,52150,'2015-04-09 10:15:01','\\u77dc\\u6301(\\u59da\\u8d1d\\u5a1c)'),(2765,12630,'2015-04-09 10:15:01','\\u5728\\u4e00\\u8d77(\\u6b27\\u8c6a)'),(2766,3656,'2015-04-09 10:15:01','Celebrate(UNIQ)'),(2767,35071,'2015-04-09 10:30:01','\\u548f\\u6625style(\\u674e\\u65af\\u4e39\\u59ae)'),(2768,36266,'2015-04-09 10:30:01','\\u540e\\u4f1a\\u65e0\\u671f(\\u9093\\u7d2b\\u68cb)'),(2769,52150,'2015-04-09 10:30:01','\\u77dc\\u6301(\\u59da\\u8d1d\\u5a1c)'),(2770,12630,'2015-04-09 10:30:01','\\u5728\\u4e00\\u8d77(\\u6b27\\u8c6a)'),(2771,3656,'2015-04-09 10:30:01','Celebrate(UNIQ)'),(2772,35071,'2015-04-09 10:45:02','\\u548f\\u6625style(\\u674e\\u65af\\u4e39\\u59ae)'),(2773,36266,'2015-04-09 10:45:02','\\u540e\\u4f1a\\u65e0\\u671f(\\u9093\\u7d2b\\u68cb)'),(2774,52170,'2015-04-09 10:45:02','\\u77dc\\u6301(\\u59da\\u8d1d\\u5a1c)'),(2775,12630,'2015-04-09 10:45:02','\\u5728\\u4e00\\u8d77(\\u6b27\\u8c6a)'),(2776,3657,'2015-04-09 10:45:02','Celebrate(UNIQ)'),(2777,35071,'2015-04-09 11:00:02','\\u548f\\u6625style(\\u674e\\u65af\\u4e39\\u59ae)'),(2778,36266,'2015-04-09 11:00:02','\\u540e\\u4f1a\\u65e0\\u671f(\\u9093\\u7d2b\\u68cb)'),(2779,52210,'2015-04-09 11:00:02','\\u77dc\\u6301(\\u59da\\u8d1d\\u5a1c)'),(2780,12630,'2015-04-09 11:00:02','\\u5728\\u4e00\\u8d77(\\u6b27\\u8c6a)'),(2781,3657,'2015-04-09 11:00:02','Celebrate(UNIQ)'),(2782,35071,'2015-04-09 11:15:02','\\u548f\\u6625style(\\u674e\\u65af\\u4e39\\u59ae)'),(2783,36266,'2015-04-09 11:15:02','\\u540e\\u4f1a\\u65e0\\u671f(\\u9093\\u7d2b\\u68cb)'),(2784,52220,'2015-04-09 11:15:02','\\u77dc\\u6301(\\u59da\\u8d1d\\u5a1c)'),(2785,12630,'2015-04-09 11:15:02','\\u5728\\u4e00\\u8d77(\\u6b27\\u8c6a)'),(2786,3657,'2015-04-09 11:15:02','Celebrate(UNIQ)'),(2787,35071,'2015-04-09 11:30:01','\\u548f\\u6625style(\\u674e\\u65af\\u4e39\\u59ae)'),(2788,36266,'2015-04-09 11:30:01','\\u540e\\u4f1a\\u65e0\\u671f(\\u9093\\u7d2b\\u68cb)'),(2789,52250,'2015-04-09 11:30:01','\\u77dc\\u6301(\\u59da\\u8d1d\\u5a1c)'),(2790,12630,'2015-04-09 11:30:01','\\u5728\\u4e00\\u8d77(\\u6b27\\u8c6a)'),(2791,3657,'2015-04-09 11:30:01','Celebrate(UNIQ)'),(2792,35071,'2015-04-09 11:45:01','\\u548f\\u6625style(\\u674e\\u65af\\u4e39\\u59ae)'),(2793,36388,'2015-04-09 11:45:01','\\u540e\\u4f1a\\u65e0\\u671f(\\u9093\\u7d2b\\u68cb)'),(2794,52280,'2015-04-09 11:45:01','\\u77dc\\u6301(\\u59da\\u8d1d\\u5a1c)'),(2795,12630,'2015-04-09 11:45:01','\\u5728\\u4e00\\u8d77(\\u6b27\\u8c6a)'),(2796,3657,'2015-04-09 11:45:01','Celebrate(UNIQ)'),(2797,35071,'2015-04-09 12:00:02','\\u548f\\u6625style(\\u674e\\u65af\\u4e39\\u59ae)'),(2798,36850,'2015-04-09 12:00:02','\\u540e\\u4f1a\\u65e0\\u671f(\\u9093\\u7d2b\\u68cb)'),(2799,52370,'2015-04-09 12:00:02','\\u77dc\\u6301(\\u59da\\u8d1d\\u5a1c)'),(2800,12630,'2015-04-09 12:00:02','\\u5728\\u4e00\\u8d77(\\u6b27\\u8c6a)'),(2801,3657,'2015-04-09 12:00:02','Celebrate(UNIQ)'),(2802,35071,'2015-04-09 12:15:01','\\u548f\\u6625style(\\u674e\\u65af\\u4e39\\u59ae)'),(2803,37310,'2015-04-09 12:15:01','\\u540e\\u4f1a\\u65e0\\u671f(\\u9093\\u7d2b\\u68cb)'),(2804,52520,'2015-04-09 12:15:01','\\u77dc\\u6301(\\u59da\\u8d1d\\u5a1c)'),(2805,12630,'2015-04-09 12:15:01','\\u5728\\u4e00\\u8d77(\\u6b27\\u8c6a)'),(2806,3657,'2015-04-09 12:15:01','Celebrate(UNIQ)'),(2807,35071,'2015-04-09 12:30:01','\\u548f\\u6625style(\\u674e\\u65af\\u4e39\\u59ae)'),(2808,37706,'2015-04-09 12:30:01','\\u540e\\u4f1a\\u65e0\\u671f(\\u9093\\u7d2b\\u68cb)'),(2809,52710,'2015-04-09 12:30:01','\\u77dc\\u6301(\\u59da\\u8d1d\\u5a1c)'),(2810,12630,'2015-04-09 12:30:01','\\u5728\\u4e00\\u8d77(\\u6b27\\u8c6a)'),(2811,3657,'2015-04-09 12:30:01','Celebrate(UNIQ)'),(2812,35071,'2015-04-09 12:45:02','\\u548f\\u6625style(\\u674e\\u65af\\u4e39\\u59ae)'),(2813,38076,'2015-04-09 12:45:02','\\u540e\\u4f1a\\u65e0\\u671f(\\u9093\\u7d2b\\u68cb)'),(2814,53090,'2015-04-09 12:45:02','\\u77dc\\u6301(\\u59da\\u8d1d\\u5a1c)'),(2815,12630,'2015-04-09 12:45:02','\\u5728\\u4e00\\u8d77(\\u6b27\\u8c6a)'),(2816,3657,'2015-04-09 12:45:02','Celebrate(UNIQ)'),(2817,35071,'2015-04-09 13:00:01','\\u548f\\u6625style(\\u674e\\u65af\\u4e39\\u59ae)'),(2818,38480,'2015-04-09 13:00:01','\\u540e\\u4f1a\\u65e0\\u671f(\\u9093\\u7d2b\\u68cb)'),(2819,53490,'2015-04-09 13:00:01','\\u77dc\\u6301(\\u59da\\u8d1d\\u5a1c)'),(2820,12630,'2015-04-09 13:00:01','\\u5728\\u4e00\\u8d77(\\u6b27\\u8c6a)'),(2821,3657,'2015-04-09 13:00:01','Celebrate(UNIQ)'),(2822,35071,'2015-04-09 13:15:02','\\u548f\\u6625style(\\u674e\\u65af\\u4e39\\u59ae)'),(2823,38896,'2015-04-09 13:15:02','\\u540e\\u4f1a\\u65e0\\u671f(\\u9093\\u7d2b\\u68cb)'),(2824,53890,'2015-04-09 13:15:02','\\u77dc\\u6301(\\u59da\\u8d1d\\u5a1c)'),(2825,12630,'2015-04-09 13:15:02','\\u5728\\u4e00\\u8d77(\\u6b27\\u8c6a)'),(2826,3657,'2015-04-09 13:15:02','Celebrate(UNIQ)'),(2827,35071,'2015-04-09 13:30:01','\\u548f\\u6625style(\\u674e\\u65af\\u4e39\\u59ae)'),(2828,39324,'2015-04-09 13:30:01','\\u540e\\u4f1a\\u65e0\\u671f(\\u9093\\u7d2b\\u68cb)'),(2829,54450,'2015-04-09 13:30:01','\\u77dc\\u6301(\\u59da\\u8d1d\\u5a1c)'),(2830,12630,'2015-04-09 13:30:01','\\u5728\\u4e00\\u8d77(\\u6b27\\u8c6a)'),(2831,3657,'2015-04-09 13:30:01','Celebrate(UNIQ)'),(2832,35071,'2015-04-09 13:45:01','\\u548f\\u6625style(\\u674e\\u65af\\u4e39\\u59ae)'),(2833,39729,'2015-04-09 13:45:01','\\u540e\\u4f1a\\u65e0\\u671f(\\u9093\\u7d2b\\u68cb)'),(2834,54990,'2015-04-09 13:45:01','\\u77dc\\u6301(\\u59da\\u8d1d\\u5a1c)'),(2835,12630,'2015-04-09 13:45:01','\\u5728\\u4e00\\u8d77(\\u6b27\\u8c6a)'),(2836,3657,'2015-04-09 13:45:01','Celebrate(UNIQ)'),(2837,35071,'2015-04-09 14:00:01','\\u548f\\u6625style(\\u674e\\u65af\\u4e39\\u59ae)'),(2838,40099,'2015-04-09 14:00:01','\\u540e\\u4f1a\\u65e0\\u671f(\\u9093\\u7d2b\\u68cb)'),(2839,55590,'2015-04-09 14:00:01','\\u77dc\\u6301(\\u59da\\u8d1d\\u5a1c)'),(2840,12630,'2015-04-09 14:00:01','\\u5728\\u4e00\\u8d77(\\u6b27\\u8c6a)'),(2841,3657,'2015-04-09 14:00:01','Celebrate(UNIQ)'),(2842,35071,'2015-04-09 14:15:01','\\u548f\\u6625style(\\u674e\\u65af\\u4e39\\u59ae)'),(2843,40487,'2015-04-09 14:15:01','\\u540e\\u4f1a\\u65e0\\u671f(\\u9093\\u7d2b\\u68cb)'),(2844,56180,'2015-04-09 14:15:01','\\u77dc\\u6301(\\u59da\\u8d1d\\u5a1c)'),(2845,12630,'2015-04-09 14:15:01','\\u5728\\u4e00\\u8d77(\\u6b27\\u8c6a)'),(2846,3657,'2015-04-09 14:15:01','Celebrate(UNIQ)'),(2847,35071,'2015-04-09 14:30:02','\\u548f\\u6625style(\\u674e\\u65af\\u4e39\\u59ae)'),(2848,40891,'2015-04-09 14:30:02','\\u540e\\u4f1a\\u65e0\\u671f(\\u9093\\u7d2b\\u68cb)'),(2849,56820,'2015-04-09 14:30:02','\\u77dc\\u6301(\\u59da\\u8d1d\\u5a1c)'),(2850,12630,'2015-04-09 14:30:02','\\u5728\\u4e00\\u8d77(\\u6b27\\u8c6a)'),(2851,3657,'2015-04-09 14:30:02','Celebrate(UNIQ)'),(2852,35071,'2015-04-09 14:45:02','\\u548f\\u6625style(\\u674e\\u65af\\u4e39\\u59ae)'),(2853,41260,'2015-04-09 14:45:02','\\u540e\\u4f1a\\u65e0\\u671f(\\u9093\\u7d2b\\u68cb)'),(2854,57230,'2015-04-09 14:45:02','\\u77dc\\u6301(\\u59da\\u8d1d\\u5a1c)'),(2855,12630,'2015-04-09 14:45:02','\\u5728\\u4e00\\u8d77(\\u6b27\\u8c6a)'),(2856,3657,'2015-04-09 14:45:02','Celebrate(UNIQ)'),(2857,35071,'2015-04-09 15:00:01','\\u548f\\u6625style(\\u674e\\u65af\\u4e39\\u59ae)'),(2858,41945,'2015-04-09 15:00:01','\\u540e\\u4f1a\\u65e0\\u671f(\\u9093\\u7d2b\\u68cb)'),(2859,57575,'2015-04-09 15:00:01','\\u77dc\\u6301(\\u59da\\u8d1d\\u5a1c)'),(2860,12630,'2015-04-09 15:00:01','\\u5728\\u4e00\\u8d77(\\u6b27\\u8c6a)'),(2861,3657,'2015-04-09 15:00:01','Celebrate(UNIQ)'),(2862,35071,'2015-04-09 15:15:01','\\u548f\\u6625style(\\u674e\\u65af\\u4e39\\u59ae)'),(2863,42366,'2015-04-09 15:15:01','\\u540e\\u4f1a\\u65e0\\u671f(\\u9093\\u7d2b\\u68cb)'),(2864,57936,'2015-04-09 15:15:01','\\u77dc\\u6301(\\u59da\\u8d1d\\u5a1c)'),(2865,12630,'2015-04-09 15:15:01','\\u5728\\u4e00\\u8d77(\\u6b27\\u8c6a)'),(2866,3657,'2015-04-09 15:15:01','Celebrate(UNIQ)'),(2867,35071,'2015-04-09 15:30:01','\\u548f\\u6625style(\\u674e\\u65af\\u4e39\\u59ae)'),(2868,42771,'2015-04-09 15:30:01','\\u540e\\u4f1a\\u65e0\\u671f(\\u9093\\u7d2b\\u68cb)'),(2869,62496,'2015-04-09 15:30:01','\\u77dc\\u6301(\\u59da\\u8d1d\\u5a1c)'),(2870,12630,'2015-04-09 15:30:01','\\u5728\\u4e00\\u8d77(\\u6b27\\u8c6a)'),(2871,3657,'2015-04-09 15:30:01','Celebrate(UNIQ)'),(2872,35071,'2015-04-09 15:45:01','\\u548f\\u6625style(\\u674e\\u65af\\u4e39\\u59ae)'),(2873,43201,'2015-04-09 15:45:01','\\u540e\\u4f1a\\u65e0\\u671f(\\u9093\\u7d2b\\u68cb)'),(2874,62936,'2015-04-09 15:45:01','\\u77dc\\u6301(\\u59da\\u8d1d\\u5a1c)'),(2875,12630,'2015-04-09 15:45:01','\\u5728\\u4e00\\u8d77(\\u6b27\\u8c6a)'),(2876,3657,'2015-04-09 15:45:01','Celebrate(UNIQ)'),(2877,35071,'2015-04-09 16:00:01','\\u548f\\u6625style(\\u674e\\u65af\\u4e39\\u59ae)'),(2878,43597,'2015-04-09 16:00:01','\\u540e\\u4f1a\\u65e0\\u671f(\\u9093\\u7d2b\\u68cb)'),(2879,63096,'2015-04-09 16:00:01','\\u77dc\\u6301(\\u59da\\u8d1d\\u5a1c)'),(2880,12630,'2015-04-09 16:00:01','\\u5728\\u4e00\\u8d77(\\u6b27\\u8c6a)'),(2881,3657,'2015-04-09 16:00:01','Celebrate(UNIQ)'),(2882,35071,'2015-04-09 16:15:02','\\u548f\\u6625style(\\u674e\\u65af\\u4e39\\u59ae)'),(2883,43969,'2015-04-09 16:15:02','\\u540e\\u4f1a\\u65e0\\u671f(\\u9093\\u7d2b\\u68cb)'),(2884,63136,'2015-04-09 16:15:02','\\u77dc\\u6301(\\u59da\\u8d1d\\u5a1c)'),(2885,12630,'2015-04-09 16:15:02','\\u5728\\u4e00\\u8d77(\\u6b27\\u8c6a)'),(2886,3657,'2015-04-09 16:15:02','Celebrate(UNIQ)'),(2887,35071,'2015-04-09 16:30:01','\\u548f\\u6625style(\\u674e\\u65af\\u4e39\\u59ae)'),(2888,46694,'2015-04-09 16:30:01','\\u540e\\u4f1a\\u65e0\\u671f(\\u9093\\u7d2b\\u68cb)'),(2889,63156,'2015-04-09 16:30:01','\\u77dc\\u6301(\\u59da\\u8d1d\\u5a1c)'),(2890,12630,'2015-04-09 16:30:01','\\u5728\\u4e00\\u8d77(\\u6b27\\u8c6a)'),(2891,3657,'2015-04-09 16:30:01','Celebrate(UNIQ)'),(2892,35071,'2015-04-09 16:45:02','\\u548f\\u6625style(\\u674e\\u65af\\u4e39\\u59ae)'),(2893,49823,'2015-04-09 16:45:02','\\u540e\\u4f1a\\u65e0\\u671f(\\u9093\\u7d2b\\u68cb)'),(2894,63206,'2015-04-09 16:45:02','\\u77dc\\u6301(\\u59da\\u8d1d\\u5a1c)'),(2895,12630,'2015-04-09 16:45:02','\\u5728\\u4e00\\u8d77(\\u6b27\\u8c6a)'),(2896,3657,'2015-04-09 16:45:02','Celebrate(UNIQ)'),(2897,35071,'2015-04-09 17:00:01','\\u548f\\u6625style(\\u674e\\u65af\\u4e39\\u59ae)'),(2898,51599,'2015-04-09 17:00:01','\\u540e\\u4f1a\\u65e0\\u671f(\\u9093\\u7d2b\\u68cb)'),(2899,63236,'2015-04-09 17:00:01','\\u77dc\\u6301(\\u59da\\u8d1d\\u5a1c)'),(2900,12630,'2015-04-09 17:00:01','\\u5728\\u4e00\\u8d77(\\u6b27\\u8c6a)'),(2901,3657,'2015-04-09 17:00:01','Celebrate(UNIQ)'),(2902,35071,'2015-04-09 17:15:01','\\u548f\\u6625style(\\u674e\\u65af\\u4e39\\u59ae)'),(2903,53349,'2015-04-09 17:15:01','\\u540e\\u4f1a\\u65e0\\u671f(\\u9093\\u7d2b\\u68cb)'),(2904,63266,'2015-04-09 17:15:01','\\u77dc\\u6301(\\u59da\\u8d1d\\u5a1c)'),(2905,12630,'2015-04-09 17:15:01','\\u5728\\u4e00\\u8d77(\\u6b27\\u8c6a)'),(2906,3657,'2015-04-09 17:15:01','Celebrate(UNIQ)'),(2907,35071,'2015-04-09 17:30:01','\\u548f\\u6625style(\\u674e\\u65af\\u4e39\\u59ae)'),(2908,53439,'2015-04-09 17:30:01','\\u540e\\u4f1a\\u65e0\\u671f(\\u9093\\u7d2b\\u68cb)'),(2909,63266,'2015-04-09 17:30:01','\\u77dc\\u6301(\\u59da\\u8d1d\\u5a1c)'),(2910,12630,'2015-04-09 17:30:01','\\u5728\\u4e00\\u8d77(\\u6b27\\u8c6a)'),(2911,3657,'2015-04-09 17:30:01','Celebrate(UNIQ)'),(2912,35071,'2015-04-09 17:45:02','\\u548f\\u6625style(\\u674e\\u65af\\u4e39\\u59ae)'),(2913,53439,'2015-04-09 17:45:02','\\u540e\\u4f1a\\u65e0\\u671f(\\u9093\\u7d2b\\u68cb)'),(2914,63266,'2015-04-09 17:45:02','\\u77dc\\u6301(\\u59da\\u8d1d\\u5a1c)'),(2915,12630,'2015-04-09 17:45:02','\\u5728\\u4e00\\u8d77(\\u6b27\\u8c6a)'),(2916,3657,'2015-04-09 17:45:02','Celebrate(UNIQ)'),(2917,35071,'2015-04-09 18:00:01','\\u548f\\u6625style(\\u674e\\u65af\\u4e39\\u59ae)'),(2918,53439,'2015-04-09 18:00:01','\\u540e\\u4f1a\\u65e0\\u671f(\\u9093\\u7d2b\\u68cb)'),(2919,63266,'2015-04-09 18:00:01','\\u77dc\\u6301(\\u59da\\u8d1d\\u5a1c)'),(2920,12630,'2015-04-09 18:00:01','\\u5728\\u4e00\\u8d77(\\u6b27\\u8c6a)'),(2921,3657,'2015-04-09 18:00:01','Celebrate(UNIQ)'),(2922,35071,'2015-04-09 18:15:02','\\u548f\\u6625style(\\u674e\\u65af\\u4e39\\u59ae)'),(2923,53439,'2015-04-09 18:15:02','\\u540e\\u4f1a\\u65e0\\u671f(\\u9093\\u7d2b\\u68cb)'),(2924,63266,'2015-04-09 18:15:02','\\u77dc\\u6301(\\u59da\\u8d1d\\u5a1c)'),(2925,12630,'2015-04-09 18:15:02','\\u5728\\u4e00\\u8d77(\\u6b27\\u8c6a)'),(2926,3657,'2015-04-09 18:15:02','Celebrate(UNIQ)'),(2927,35071,'2015-04-09 18:30:01','\\u548f\\u6625style(\\u674e\\u65af\\u4e39\\u59ae)'),(2928,53439,'2015-04-09 18:30:01','\\u540e\\u4f1a\\u65e0\\u671f(\\u9093\\u7d2b\\u68cb)'),(2929,63266,'2015-04-09 18:30:01','\\u77dc\\u6301(\\u59da\\u8d1d\\u5a1c)'),(2930,12630,'2015-04-09 18:30:01','\\u5728\\u4e00\\u8d77(\\u6b27\\u8c6a)'),(2931,3657,'2015-04-09 18:30:01','Celebrate(UNIQ)'),(2932,35071,'2015-04-09 18:45:02','\\u548f\\u6625style(\\u674e\\u65af\\u4e39\\u59ae)'),(2933,53526,'2015-04-09 18:45:02','\\u540e\\u4f1a\\u65e0\\u671f(\\u9093\\u7d2b\\u68cb)'),(2934,63276,'2015-04-09 18:45:02','\\u77dc\\u6301(\\u59da\\u8d1d\\u5a1c)'),(2935,12630,'2015-04-09 18:45:02','\\u5728\\u4e00\\u8d77(\\u6b27\\u8c6a)'),(2936,3657,'2015-04-09 18:45:02','Celebrate(UNIQ)'),(2937,35071,'2015-04-09 19:00:02','\\u548f\\u6625style(\\u674e\\u65af\\u4e39\\u59ae)'),(2938,54116,'2015-04-09 19:00:02','\\u540e\\u4f1a\\u65e0\\u671f(\\u9093\\u7d2b\\u68cb)'),(2939,63276,'2015-04-09 19:00:02','\\u77dc\\u6301(\\u59da\\u8d1d\\u5a1c)'),(2940,12630,'2015-04-09 19:00:02','\\u5728\\u4e00\\u8d77(\\u6b27\\u8c6a)'),(2941,3657,'2015-04-09 19:00:02','Celebrate(UNIQ)'),(2942,35071,'2015-04-09 19:15:02','\\u548f\\u6625style(\\u674e\\u65af\\u4e39\\u59ae)'),(2943,54656,'2015-04-09 19:15:02','\\u540e\\u4f1a\\u65e0\\u671f(\\u9093\\u7d2b\\u68cb)'),(2944,63356,'2015-04-09 19:15:02','\\u77dc\\u6301(\\u59da\\u8d1d\\u5a1c)'),(2945,12630,'2015-04-09 19:15:02','\\u5728\\u4e00\\u8d77(\\u6b27\\u8c6a)'),(2946,3657,'2015-04-09 19:15:02','Celebrate(UNIQ)'),(2947,35071,'2015-04-09 19:30:01','\\u548f\\u6625style(\\u674e\\u65af\\u4e39\\u59ae)'),(2948,55186,'2015-04-09 19:30:01','\\u540e\\u4f1a\\u65e0\\u671f(\\u9093\\u7d2b\\u68cb)'),(2949,63356,'2015-04-09 19:30:01','\\u77dc\\u6301(\\u59da\\u8d1d\\u5a1c)'),(2950,12630,'2015-04-09 19:30:01','\\u5728\\u4e00\\u8d77(\\u6b27\\u8c6a)'),(2951,3657,'2015-04-09 19:30:01','Celebrate(UNIQ)'),(2952,35071,'2015-04-09 19:45:01','\\u548f\\u6625style(\\u674e\\u65af\\u4e39\\u59ae)'),(2953,55706,'2015-04-09 19:45:01','\\u540e\\u4f1a\\u65e0\\u671f(\\u9093\\u7d2b\\u68cb)'),(2954,63356,'2015-04-09 19:45:01','\\u77dc\\u6301(\\u59da\\u8d1d\\u5a1c)'),(2955,12630,'2015-04-09 19:45:01','\\u5728\\u4e00\\u8d77(\\u6b27\\u8c6a)'),(2956,3657,'2015-04-09 19:45:01','Celebrate(UNIQ)'),(2957,35071,'2015-04-09 20:00:02','\\u548f\\u6625style(\\u674e\\u65af\\u4e39\\u59ae)'),(2958,56356,'2015-04-09 20:00:02','\\u540e\\u4f1a\\u65e0\\u671f(\\u9093\\u7d2b\\u68cb)'),(2959,63356,'2015-04-09 20:00:02','\\u77dc\\u6301(\\u59da\\u8d1d\\u5a1c)'),(2960,12630,'2015-04-09 20:00:02','\\u5728\\u4e00\\u8d77(\\u6b27\\u8c6a)'),(2961,3657,'2015-04-09 20:00:02','Celebrate(UNIQ)'),(2962,35071,'2015-04-09 20:15:01','\\u548f\\u6625style(\\u674e\\u65af\\u4e39\\u59ae)'),(2963,56986,'2015-04-09 20:15:01','\\u540e\\u4f1a\\u65e0\\u671f(\\u9093\\u7d2b\\u68cb)'),(2964,63366,'2015-04-09 20:15:01','\\u77dc\\u6301(\\u59da\\u8d1d\\u5a1c)'),(2965,12630,'2015-04-09 20:15:01','\\u5728\\u4e00\\u8d77(\\u6b27\\u8c6a)'),(2966,3657,'2015-04-09 20:15:01','Celebrate(UNIQ)'),(2967,35071,'2015-04-09 20:30:02','\\u548f\\u6625style(\\u674e\\u65af\\u4e39\\u59ae)'),(2968,57596,'2015-04-09 20:30:02','\\u540e\\u4f1a\\u65e0\\u671f(\\u9093\\u7d2b\\u68cb)'),(2969,63386,'2015-04-09 20:30:02','\\u77dc\\u6301(\\u59da\\u8d1d\\u5a1c)'),(2970,12630,'2015-04-09 20:30:02','\\u5728\\u4e00\\u8d77(\\u6b27\\u8c6a)'),(2971,3657,'2015-04-09 20:30:02','Celebrate(UNIQ)'),(2972,35071,'2015-04-09 20:45:01','\\u548f\\u6625style(\\u674e\\u65af\\u4e39\\u59ae)'),(2973,58246,'2015-04-09 20:45:01','\\u540e\\u4f1a\\u65e0\\u671f(\\u9093\\u7d2b\\u68cb)'),(2974,63396,'2015-04-09 20:45:01','\\u77dc\\u6301(\\u59da\\u8d1d\\u5a1c)'),(2975,12630,'2015-04-09 20:45:01','\\u5728\\u4e00\\u8d77(\\u6b27\\u8c6a)'),(2976,3657,'2015-04-09 20:45:01','Celebrate(UNIQ)'),(2977,35071,'2015-04-09 21:00:02','\\u548f\\u6625style(\\u674e\\u65af\\u4e39\\u59ae)'),(2978,58846,'2015-04-09 21:00:02','\\u540e\\u4f1a\\u65e0\\u671f(\\u9093\\u7d2b\\u68cb)'),(2979,63416,'2015-04-09 21:00:02','\\u77dc\\u6301(\\u59da\\u8d1d\\u5a1c)'),(2980,12630,'2015-04-09 21:00:02','\\u5728\\u4e00\\u8d77(\\u6b27\\u8c6a)'),(2981,3657,'2015-04-09 21:00:02','Celebrate(UNIQ)'),(2982,35071,'2015-04-09 21:15:01','\\u548f\\u6625style(\\u674e\\u65af\\u4e39\\u59ae)'),(2983,59471,'2015-04-09 21:15:01','\\u540e\\u4f1a\\u65e0\\u671f(\\u9093\\u7d2b\\u68cb)'),(2984,63426,'2015-04-09 21:15:01','\\u77dc\\u6301(\\u59da\\u8d1d\\u5a1c)'),(2985,12630,'2015-04-09 21:15:01','\\u5728\\u4e00\\u8d77(\\u6b27\\u8c6a)'),(2986,3657,'2015-04-09 21:15:01','Celebrate(UNIQ)'),(2987,35071,'2015-04-09 21:30:01','\\u548f\\u6625style(\\u674e\\u65af\\u4e39\\u59ae)'),(2988,60111,'2015-04-09 21:30:01','\\u540e\\u4f1a\\u65e0\\u671f(\\u9093\\u7d2b\\u68cb)'),(2989,63446,'2015-04-09 21:30:01','\\u77dc\\u6301(\\u59da\\u8d1d\\u5a1c)'),(2990,12630,'2015-04-09 21:30:01','\\u5728\\u4e00\\u8d77(\\u6b27\\u8c6a)'),(2991,3657,'2015-04-09 21:30:01','Celebrate(UNIQ)'),(2992,35071,'2015-04-09 21:45:01','\\u548f\\u6625style(\\u674e\\u65af\\u4e39\\u59ae)'),(2993,60811,'2015-04-09 21:45:01','\\u540e\\u4f1a\\u65e0\\u671f(\\u9093\\u7d2b\\u68cb)'),(2994,63456,'2015-04-09 21:45:01','\\u77dc\\u6301(\\u59da\\u8d1d\\u5a1c)'),(2995,12630,'2015-04-09 21:45:01','\\u5728\\u4e00\\u8d77(\\u6b27\\u8c6a)'),(2996,3657,'2015-04-09 21:45:01','Celebrate(UNIQ)'),(2997,35071,'2015-04-09 22:00:01','\\u548f\\u6625style(\\u674e\\u65af\\u4e39\\u59ae)'),(2998,61421,'2015-04-09 22:00:01','\\u540e\\u4f1a\\u65e0\\u671f(\\u9093\\u7d2b\\u68cb)'),(2999,63466,'2015-04-09 22:00:01','\\u77dc\\u6301(\\u59da\\u8d1d\\u5a1c)'),(3000,12630,'2015-04-09 22:00:01','\\u5728\\u4e00\\u8d77(\\u6b27\\u8c6a)'),(3001,3657,'2015-04-09 22:00:01','Celebrate(UNIQ)'),(3002,35071,'2015-04-09 22:15:01','\\u548f\\u6625style(\\u674e\\u65af\\u4e39\\u59ae)'),(3003,61991,'2015-04-09 22:15:01','\\u540e\\u4f1a\\u65e0\\u671f(\\u9093\\u7d2b\\u68cb)'),(3004,63466,'2015-04-09 22:15:01','\\u77dc\\u6301(\\u59da\\u8d1d\\u5a1c)'),(3005,12630,'2015-04-09 22:15:01','\\u5728\\u4e00\\u8d77(\\u6b27\\u8c6a)'),(3006,3657,'2015-04-09 22:15:01','Celebrate(UNIQ)'),(3007,35071,'2015-04-09 22:30:02','\\u548f\\u6625style(\\u674e\\u65af\\u4e39\\u59ae)'),(3008,62531,'2015-04-09 22:30:02','\\u540e\\u4f1a\\u65e0\\u671f(\\u9093\\u7d2b\\u68cb)'),(3009,63466,'2015-04-09 22:30:02','\\u77dc\\u6301(\\u59da\\u8d1d\\u5a1c)'),(3010,12630,'2015-04-09 22:30:02','\\u5728\\u4e00\\u8d77(\\u6b27\\u8c6a)'),(3011,3657,'2015-04-09 22:30:02','Celebrate(UNIQ)'),(3012,35071,'2015-04-09 22:45:01','\\u548f\\u6625style(\\u674e\\u65af\\u4e39\\u59ae)'),(3013,62561,'2015-04-09 22:45:01','\\u540e\\u4f1a\\u65e0\\u671f(\\u9093\\u7d2b\\u68cb)'),(3014,63486,'2015-04-09 22:45:01','\\u77dc\\u6301(\\u59da\\u8d1d\\u5a1c)'),(3015,12630,'2015-04-09 22:45:01','\\u5728\\u4e00\\u8d77(\\u6b27\\u8c6a)'),(3016,3657,'2015-04-09 22:45:01','Celebrate(UNIQ)'),(3017,35071,'2015-04-09 23:00:01','\\u548f\\u6625style(\\u674e\\u65af\\u4e39\\u59ae)'),(3018,62561,'2015-04-09 23:00:01','\\u540e\\u4f1a\\u65e0\\u671f(\\u9093\\u7d2b\\u68cb)'),(3019,63486,'2015-04-09 23:00:01','\\u77dc\\u6301(\\u59da\\u8d1d\\u5a1c)'),(3020,12630,'2015-04-09 23:00:01','\\u5728\\u4e00\\u8d77(\\u6b27\\u8c6a)'),(3021,3657,'2015-04-09 23:00:01','Celebrate(UNIQ)'),(3022,35071,'2015-04-09 23:15:01','\\u548f\\u6625style(\\u674e\\u65af\\u4e39\\u59ae)'),(3023,62561,'2015-04-09 23:15:01','\\u540e\\u4f1a\\u65e0\\u671f(\\u9093\\u7d2b\\u68cb)'),(3024,63496,'2015-04-09 23:15:01','\\u77dc\\u6301(\\u59da\\u8d1d\\u5a1c)'),(3025,12630,'2015-04-09 23:15:01','\\u5728\\u4e00\\u8d77(\\u6b27\\u8c6a)'),(3026,3657,'2015-04-09 23:15:01','Celebrate(UNIQ)'),(3027,35071,'2015-04-09 23:30:02','\\u548f\\u6625style(\\u674e\\u65af\\u4e39\\u59ae)'),(3028,62561,'2015-04-09 23:30:02','\\u540e\\u4f1a\\u65e0\\u671f(\\u9093\\u7d2b\\u68cb)'),(3029,63496,'2015-04-09 23:30:02','\\u77dc\\u6301(\\u59da\\u8d1d\\u5a1c)'),(3030,12630,'2015-04-09 23:30:02','\\u5728\\u4e00\\u8d77(\\u6b27\\u8c6a)'),(3031,3657,'2015-04-09 23:30:02','Celebrate(UNIQ)'),(3032,35071,'2015-04-09 23:45:02','\\u548f\\u6625style(\\u674e\\u65af\\u4e39\\u59ae)'),(3033,62561,'2015-04-09 23:45:02','\\u540e\\u4f1a\\u65e0\\u671f(\\u9093\\u7d2b\\u68cb)'),(3034,63496,'2015-04-09 23:45:02','\\u77dc\\u6301(\\u59da\\u8d1d\\u5a1c)'),(3035,12630,'2015-04-09 23:45:02','\\u5728\\u4e00\\u8d77(\\u6b27\\u8c6a)'),(3036,3657,'2015-04-09 23:45:02','Celebrate(UNIQ)'),(3037,35071,'2015-04-10 00:00:01','\\u548f\\u6625style(\\u674e\\u65af\\u4e39\\u59ae)'),(3038,62561,'2015-04-10 00:00:01','\\u540e\\u4f1a\\u65e0\\u671f(\\u9093\\u7d2b\\u68cb)'),(3039,63496,'2015-04-10 00:00:01','\\u77dc\\u6301(\\u59da\\u8d1d\\u5a1c)'),(3040,12630,'2015-04-10 00:00:01','\\u5728\\u4e00\\u8d77(\\u6b27\\u8c6a)'),(3041,3657,'2015-04-10 00:00:01','Celebrate(UNIQ)'),(3042,35071,'2015-04-10 00:15:02','\\u548f\\u6625style(\\u674e\\u65af\\u4e39\\u59ae)'),(3043,62561,'2015-04-10 00:15:02','\\u540e\\u4f1a\\u65e0\\u671f(\\u9093\\u7d2b\\u68cb)'),(3044,63516,'2015-04-10 00:15:02','\\u77dc\\u6301(\\u59da\\u8d1d\\u5a1c)'),(3045,12630,'2015-04-10 00:15:02','\\u5728\\u4e00\\u8d77(\\u6b27\\u8c6a)'),(3046,3657,'2015-04-10 00:15:02','Celebrate(UNIQ)'),(3047,35071,'2015-04-10 00:30:02','\\u548f\\u6625style(\\u674e\\u65af\\u4e39\\u59ae)'),(3048,62561,'2015-04-10 00:30:02','\\u540e\\u4f1a\\u65e0\\u671f(\\u9093\\u7d2b\\u68cb)'),(3049,63656,'2015-04-10 00:30:02','\\u77dc\\u6301(\\u59da\\u8d1d\\u5a1c)'),(3050,12630,'2015-04-10 00:30:02','\\u5728\\u4e00\\u8d77(\\u6b27\\u8c6a)'),(3051,3657,'2015-04-10 00:30:02','Celebrate(UNIQ)'),(3052,35071,'2015-04-10 00:45:01','\\u548f\\u6625style(\\u674e\\u65af\\u4e39\\u59ae)'),(3053,62561,'2015-04-10 00:45:01','\\u540e\\u4f1a\\u65e0\\u671f(\\u9093\\u7d2b\\u68cb)'),(3054,63776,'2015-04-10 00:45:01','\\u77dc\\u6301(\\u59da\\u8d1d\\u5a1c)'),(3055,12630,'2015-04-10 00:45:01','\\u5728\\u4e00\\u8d77(\\u6b27\\u8c6a)'),(3056,3657,'2015-04-10 00:45:01','Celebrate(UNIQ)'),(3057,35071,'2015-04-10 01:00:02','\\u548f\\u6625style(\\u674e\\u65af\\u4e39\\u59ae)'),(3058,62561,'2015-04-10 01:00:02','\\u540e\\u4f1a\\u65e0\\u671f(\\u9093\\u7d2b\\u68cb)'),(3059,63836,'2015-04-10 01:00:02','\\u77dc\\u6301(\\u59da\\u8d1d\\u5a1c)'),(3060,12630,'2015-04-10 01:00:02','\\u5728\\u4e00\\u8d77(\\u6b27\\u8c6a)'),(3061,3657,'2015-04-10 01:00:02','Celebrate(UNIQ)'),(3062,35071,'2015-04-10 01:15:01','\\u548f\\u6625style(\\u674e\\u65af\\u4e39\\u59ae)'),(3063,62561,'2015-04-10 01:15:01','\\u540e\\u4f1a\\u65e0\\u671f(\\u9093\\u7d2b\\u68cb)'),(3064,64016,'2015-04-10 01:15:01','\\u77dc\\u6301(\\u59da\\u8d1d\\u5a1c)'),(3065,12630,'2015-04-10 01:15:01','\\u5728\\u4e00\\u8d77(\\u6b27\\u8c6a)'),(3066,3657,'2015-04-10 01:15:01','Celebrate(UNIQ)'),(3067,35071,'2015-04-10 01:30:01','\\u548f\\u6625style(\\u674e\\u65af\\u4e39\\u59ae)'),(3068,62561,'2015-04-10 01:30:01','\\u540e\\u4f1a\\u65e0\\u671f(\\u9093\\u7d2b\\u68cb)'),(3069,64116,'2015-04-10 01:30:01','\\u77dc\\u6301(\\u59da\\u8d1d\\u5a1c)'),(3070,12630,'2015-04-10 01:30:01','\\u5728\\u4e00\\u8d77(\\u6b27\\u8c6a)'),(3071,3657,'2015-04-10 01:30:01','Celebrate(UNIQ)'),(3072,35071,'2015-04-10 01:45:02','\\u548f\\u6625style(\\u674e\\u65af\\u4e39\\u59ae)'),(3073,62561,'2015-04-10 01:45:02','\\u540e\\u4f1a\\u65e0\\u671f(\\u9093\\u7d2b\\u68cb)'),(3074,64196,'2015-04-10 01:45:02','\\u77dc\\u6301(\\u59da\\u8d1d\\u5a1c)'),(3075,12630,'2015-04-10 01:45:02','\\u5728\\u4e00\\u8d77(\\u6b27\\u8c6a)'),(3076,3657,'2015-04-10 01:45:02','Celebrate(UNIQ)'),(3077,35071,'2015-04-10 02:00:01','\\u548f\\u6625style(\\u674e\\u65af\\u4e39\\u59ae)'),(3078,62561,'2015-04-10 02:00:01','\\u540e\\u4f1a\\u65e0\\u671f(\\u9093\\u7d2b\\u68cb)'),(3079,64306,'2015-04-10 02:00:01','\\u77dc\\u6301(\\u59da\\u8d1d\\u5a1c)'),(3080,12630,'2015-04-10 02:00:01','\\u5728\\u4e00\\u8d77(\\u6b27\\u8c6a)'),(3081,3657,'2015-04-10 02:00:01','Celebrate(UNIQ)'),(3082,35071,'2015-04-10 02:15:01','\\u548f\\u6625style(\\u674e\\u65af\\u4e39\\u59ae)'),(3083,62561,'2015-04-10 02:15:01','\\u540e\\u4f1a\\u65e0\\u671f(\\u9093\\u7d2b\\u68cb)'),(3084,64496,'2015-04-10 02:15:01','\\u77dc\\u6301(\\u59da\\u8d1d\\u5a1c)'),(3085,12630,'2015-04-10 02:15:01','\\u5728\\u4e00\\u8d77(\\u6b27\\u8c6a)'),(3086,3657,'2015-04-10 02:15:01','Celebrate(UNIQ)'),(3087,35071,'2015-04-10 02:30:02','\\u548f\\u6625style(\\u674e\\u65af\\u4e39\\u59ae)'),(3088,62561,'2015-04-10 02:30:02','\\u540e\\u4f1a\\u65e0\\u671f(\\u9093\\u7d2b\\u68cb)'),(3089,64846,'2015-04-10 02:30:02','\\u77dc\\u6301(\\u59da\\u8d1d\\u5a1c)'),(3090,12630,'2015-04-10 02:30:02','\\u5728\\u4e00\\u8d77(\\u6b27\\u8c6a)'),(3091,3657,'2015-04-10 02:30:02','Celebrate(UNIQ)'),(3092,35071,'2015-04-10 02:45:02','\\u548f\\u6625style(\\u674e\\u65af\\u4e39\\u59ae)'),(3093,62606,'2015-04-10 02:45:02','\\u540e\\u4f1a\\u65e0\\u671f(\\u9093\\u7d2b\\u68cb)'),(3094,65715,'2015-04-10 02:45:02','\\u77dc\\u6301(\\u59da\\u8d1d\\u5a1c)'),(3095,12630,'2015-04-10 02:45:02','\\u5728\\u4e00\\u8d77(\\u6b27\\u8c6a)'),(3096,3657,'2015-04-10 02:45:02','Celebrate(UNIQ)'),(3097,35071,'2015-04-10 03:00:01','\\u548f\\u6625style(\\u674e\\u65af\\u4e39\\u59ae)'),(3098,62971,'2015-04-10 03:00:01','\\u540e\\u4f1a\\u65e0\\u671f(\\u9093\\u7d2b\\u68cb)'),(3099,66705,'2015-04-10 03:00:01','\\u77dc\\u6301(\\u59da\\u8d1d\\u5a1c)'),(3100,12630,'2015-04-10 03:00:01','\\u5728\\u4e00\\u8d77(\\u6b27\\u8c6a)'),(3101,3657,'2015-04-10 03:00:01','Celebrate(UNIQ)'),(3102,35071,'2015-04-10 03:15:01','\\u548f\\u6625style(\\u674e\\u65af\\u4e39\\u59ae)'),(3103,63383,'2015-04-10 03:15:01','\\u540e\\u4f1a\\u65e0\\u671f(\\u9093\\u7d2b\\u68cb)'),(3104,67665,'2015-04-10 03:15:01','\\u77dc\\u6301(\\u59da\\u8d1d\\u5a1c)'),(3105,12630,'2015-04-10 03:15:01','\\u5728\\u4e00\\u8d77(\\u6b27\\u8c6a)'),(3106,3657,'2015-04-10 03:15:01','Celebrate(UNIQ)'),(3107,35071,'2015-04-10 03:30:01','\\u548f\\u6625style(\\u674e\\u65af\\u4e39\\u59ae)'),(3108,63709,'2015-04-10 03:30:01','\\u540e\\u4f1a\\u65e0\\u671f(\\u9093\\u7d2b\\u68cb)'),(3109,68365,'2015-04-10 03:30:01','\\u77dc\\u6301(\\u59da\\u8d1d\\u5a1c)'),(3110,12630,'2015-04-10 03:30:01','\\u5728\\u4e00\\u8d77(\\u6b27\\u8c6a)'),(3111,3657,'2015-04-10 03:30:01','Celebrate(UNIQ)'),(3112,35071,'2015-04-10 03:45:01','\\u548f\\u6625style(\\u674e\\u65af\\u4e39\\u59ae)'),(3113,63979,'2015-04-10 03:45:01','\\u540e\\u4f1a\\u65e0\\u671f(\\u9093\\u7d2b\\u68cb)'),(3114,68875,'2015-04-10 03:45:01','\\u77dc\\u6301(\\u59da\\u8d1d\\u5a1c)'),(3115,12630,'2015-04-10 03:45:01','\\u5728\\u4e00\\u8d77(\\u6b27\\u8c6a)'),(3116,3657,'2015-04-10 03:45:01','Celebrate(UNIQ)'),(3117,35071,'2015-04-10 04:00:02','\\u548f\\u6625style(\\u674e\\u65af\\u4e39\\u59ae)'),(3118,64270,'2015-04-10 04:00:02','\\u540e\\u4f1a\\u65e0\\u671f(\\u9093\\u7d2b\\u68cb)'),(3119,69635,'2015-04-10 04:00:02','\\u77dc\\u6301(\\u59da\\u8d1d\\u5a1c)'),(3120,12630,'2015-04-10 04:00:02','\\u5728\\u4e00\\u8d77(\\u6b27\\u8c6a)'),(3121,3657,'2015-04-10 04:00:02','Celebrate(UNIQ)'),(3122,35071,'2015-04-10 04:15:01','\\u548f\\u6625style(\\u674e\\u65af\\u4e39\\u59ae)'),(3123,64710,'2015-04-10 04:15:01','\\u540e\\u4f1a\\u65e0\\u671f(\\u9093\\u7d2b\\u68cb)'),(3124,70545,'2015-04-10 04:15:01','\\u77dc\\u6301(\\u59da\\u8d1d\\u5a1c)'),(3125,12630,'2015-04-10 04:15:01','\\u5728\\u4e00\\u8d77(\\u6b27\\u8c6a)'),(3126,3657,'2015-04-10 04:15:01','Celebrate(UNIQ)'),(3127,35071,'2015-04-10 04:30:02','\\u548f\\u6625style(\\u674e\\u65af\\u4e39\\u59ae)'),(3128,64977,'2015-04-10 04:30:02','\\u540e\\u4f1a\\u65e0\\u671f(\\u9093\\u7d2b\\u68cb)'),(3129,71525,'2015-04-10 04:30:02','\\u77dc\\u6301(\\u59da\\u8d1d\\u5a1c)'),(3130,12630,'2015-04-10 04:30:02','\\u5728\\u4e00\\u8d77(\\u6b27\\u8c6a)'),(3131,3657,'2015-04-10 04:30:02','Celebrate(UNIQ)'),(3132,35071,'2015-04-10 04:45:01','\\u548f\\u6625style(\\u674e\\u65af\\u4e39\\u59ae)'),(3133,65423,'2015-04-10 04:45:01','\\u540e\\u4f1a\\u65e0\\u671f(\\u9093\\u7d2b\\u68cb)'),(3134,71915,'2015-04-10 04:45:01','\\u77dc\\u6301(\\u59da\\u8d1d\\u5a1c)'),(3135,12630,'2015-04-10 04:45:01','\\u5728\\u4e00\\u8d77(\\u6b27\\u8c6a)'),(3136,3657,'2015-04-10 04:45:01','Celebrate(UNIQ)'),(3137,35071,'2015-04-10 05:00:02','\\u548f\\u6625style(\\u674e\\u65af\\u4e39\\u59ae)'),(3138,65764,'2015-04-10 05:00:02','\\u540e\\u4f1a\\u65e0\\u671f(\\u9093\\u7d2b\\u68cb)'),(3139,72225,'2015-04-10 05:00:02','\\u77dc\\u6301(\\u59da\\u8d1d\\u5a1c)'),(3140,12630,'2015-04-10 05:00:02','\\u5728\\u4e00\\u8d77(\\u6b27\\u8c6a)'),(3141,3657,'2015-04-10 05:00:02','Celebrate(UNIQ)'),(3142,35071,'2015-04-10 05:15:01','\\u548f\\u6625style(\\u674e\\u65af\\u4e39\\u59ae)'),(3143,66136,'2015-04-10 05:15:01','\\u540e\\u4f1a\\u65e0\\u671f(\\u9093\\u7d2b\\u68cb)'),(3144,72565,'2015-04-10 05:15:01','\\u77dc\\u6301(\\u59da\\u8d1d\\u5a1c)'),(3145,12630,'2015-04-10 05:15:01','\\u5728\\u4e00\\u8d77(\\u6b27\\u8c6a)'),(3146,3657,'2015-04-10 05:15:01','Celebrate(UNIQ)'),(3147,35071,'2015-04-10 05:30:02','\\u548f\\u6625style(\\u674e\\u65af\\u4e39\\u59ae)'),(3148,66422,'2015-04-10 05:30:02','\\u540e\\u4f1a\\u65e0\\u671f(\\u9093\\u7d2b\\u68cb)'),(3149,73045,'2015-04-10 05:30:02','\\u77dc\\u6301(\\u59da\\u8d1d\\u5a1c)'),(3150,12630,'2015-04-10 05:30:02','\\u5728\\u4e00\\u8d77(\\u6b27\\u8c6a)'),(3151,3657,'2015-04-10 05:30:02','Celebrate(UNIQ)'),(3152,35071,'2015-04-10 05:45:01','\\u548f\\u6625style(\\u674e\\u65af\\u4e39\\u59ae)'),(3153,66849,'2015-04-10 05:45:01','\\u540e\\u4f1a\\u65e0\\u671f(\\u9093\\u7d2b\\u68cb)'),(3154,73785,'2015-04-10 05:45:01','\\u77dc\\u6301(\\u59da\\u8d1d\\u5a1c)'),(3155,12630,'2015-04-10 05:45:01','\\u5728\\u4e00\\u8d77(\\u6b27\\u8c6a)'),(3156,3657,'2015-04-10 05:45:01','Celebrate(UNIQ)'),(3157,35071,'2015-04-10 06:00:01','\\u548f\\u6625style(\\u674e\\u65af\\u4e39\\u59ae)'),(3158,67174,'2015-04-10 06:00:01','\\u540e\\u4f1a\\u65e0\\u671f(\\u9093\\u7d2b\\u68cb)'),(3159,74835,'2015-04-10 06:00:01','\\u77dc\\u6301(\\u59da\\u8d1d\\u5a1c)'),(3160,12630,'2015-04-10 06:00:01','\\u5728\\u4e00\\u8d77(\\u6b27\\u8c6a)'),(3161,3657,'2015-04-10 06:00:01','Celebrate(UNIQ)'),(3162,35071,'2015-04-10 06:15:01','\\u548f\\u6625style(\\u674e\\u65af\\u4e39\\u59ae)'),(3163,67514,'2015-04-10 06:15:01','\\u540e\\u4f1a\\u65e0\\u671f(\\u9093\\u7d2b\\u68cb)'),(3164,75704,'2015-04-10 06:15:01','\\u77dc\\u6301(\\u59da\\u8d1d\\u5a1c)'),(3165,12630,'2015-04-10 06:15:01','\\u5728\\u4e00\\u8d77(\\u6b27\\u8c6a)'),(3166,3657,'2015-04-10 06:15:01','Celebrate(UNIQ)'),(3167,35071,'2015-04-10 06:30:01','\\u548f\\u6625style(\\u674e\\u65af\\u4e39\\u59ae)'),(3168,67803,'2015-04-10 06:30:01','\\u540e\\u4f1a\\u65e0\\u671f(\\u9093\\u7d2b\\u68cb)'),(3169,76544,'2015-04-10 06:30:01','\\u77dc\\u6301(\\u59da\\u8d1d\\u5a1c)'),(3170,12630,'2015-04-10 06:30:01','\\u5728\\u4e00\\u8d77(\\u6b27\\u8c6a)'),(3171,3657,'2015-04-10 06:30:01','Celebrate(UNIQ)'),(3172,35071,'2015-04-10 06:45:02','\\u548f\\u6625style(\\u674e\\u65af\\u4e39\\u59ae)'),(3173,68085,'2015-04-10 06:45:02','\\u540e\\u4f1a\\u65e0\\u671f(\\u9093\\u7d2b\\u68cb)'),(3174,77304,'2015-04-10 06:45:02','\\u77dc\\u6301(\\u59da\\u8d1d\\u5a1c)'),(3175,12630,'2015-04-10 06:45:02','\\u5728\\u4e00\\u8d77(\\u6b27\\u8c6a)'),(3176,3657,'2015-04-10 06:45:02','Celebrate(UNIQ)'),(3177,35071,'2015-04-10 07:00:02','\\u548f\\u6625style(\\u674e\\u65af\\u4e39\\u59ae)'),(3178,68406,'2015-04-10 07:00:02','\\u540e\\u4f1a\\u65e0\\u671f(\\u9093\\u7d2b\\u68cb)'),(3179,77414,'2015-04-10 07:00:02','\\u77dc\\u6301(\\u59da\\u8d1d\\u5a1c)'),(3180,12630,'2015-04-10 07:00:02','\\u5728\\u4e00\\u8d77(\\u6b27\\u8c6a)'),(3181,3657,'2015-04-10 07:00:02','Celebrate(UNIQ)'),(3182,35071,'2015-04-10 07:15:01','\\u548f\\u6625style(\\u674e\\u65af\\u4e39\\u59ae)'),(3183,68643,'2015-04-10 07:15:01','\\u540e\\u4f1a\\u65e0\\u671f(\\u9093\\u7d2b\\u68cb)'),(3184,77454,'2015-04-10 07:15:01','\\u77dc\\u6301(\\u59da\\u8d1d\\u5a1c)'),(3185,12630,'2015-04-10 07:15:01','\\u5728\\u4e00\\u8d77(\\u6b27\\u8c6a)'),(3186,3657,'2015-04-10 07:15:01','Celebrate(UNIQ)'),(3187,35071,'2015-04-10 07:30:02','\\u548f\\u6625style(\\u674e\\u65af\\u4e39\\u59ae)'),(3188,68921,'2015-04-10 07:30:02','\\u540e\\u4f1a\\u65e0\\u671f(\\u9093\\u7d2b\\u68cb)'),(3189,77494,'2015-04-10 07:30:02','\\u77dc\\u6301(\\u59da\\u8d1d\\u5a1c)'),(3190,12630,'2015-04-10 07:30:02','\\u5728\\u4e00\\u8d77(\\u6b27\\u8c6a)'),(3191,3657,'2015-04-10 07:30:02','Celebrate(UNIQ)'),(3192,35071,'2015-04-10 07:45:02','\\u548f\\u6625style(\\u674e\\u65af\\u4e39\\u59ae)'),(3193,69261,'2015-04-10 07:45:02','\\u540e\\u4f1a\\u65e0\\u671f(\\u9093\\u7d2b\\u68cb)'),(3194,77539,'2015-04-10 07:45:02','\\u77dc\\u6301(\\u59da\\u8d1d\\u5a1c)'),(3195,12630,'2015-04-10 07:45:02','\\u5728\\u4e00\\u8d77(\\u6b27\\u8c6a)'),(3196,3657,'2015-04-10 07:45:02','Celebrate(UNIQ)'),(3197,35071,'2015-04-10 08:00:02','\\u548f\\u6625style(\\u674e\\u65af\\u4e39\\u59ae)'),(3198,69608,'2015-04-10 08:00:02','\\u540e\\u4f1a\\u65e0\\u671f(\\u9093\\u7d2b\\u68cb)'),(3199,77599,'2015-04-10 08:00:02','\\u77dc\\u6301(\\u59da\\u8d1d\\u5a1c)'),(3200,12630,'2015-04-10 08:00:02','\\u5728\\u4e00\\u8d77(\\u6b27\\u8c6a)'),(3201,3657,'2015-04-10 08:00:02','Celebrate(UNIQ)'),(3202,35071,'2015-04-10 08:15:01','\\u548f\\u6625style(\\u674e\\u65af\\u4e39\\u59ae)'),(3203,69955,'2015-04-10 08:15:01','\\u540e\\u4f1a\\u65e0\\u671f(\\u9093\\u7d2b\\u68cb)'),(3204,78649,'2015-04-10 08:15:01','\\u77dc\\u6301(\\u59da\\u8d1d\\u5a1c)'),(3205,12630,'2015-04-10 08:15:01','\\u5728\\u4e00\\u8d77(\\u6b27\\u8c6a)'),(3206,3657,'2015-04-10 08:15:01','Celebrate(UNIQ)'),(3207,35071,'2015-04-10 08:30:02','\\u548f\\u6625style(\\u674e\\u65af\\u4e39\\u59ae)'),(3208,70295,'2015-04-10 08:30:02','\\u540e\\u4f1a\\u65e0\\u671f(\\u9093\\u7d2b\\u68cb)'),(3209,78829,'2015-04-10 08:30:02','\\u77dc\\u6301(\\u59da\\u8d1d\\u5a1c)'),(3210,12630,'2015-04-10 08:30:02','\\u5728\\u4e00\\u8d77(\\u6b27\\u8c6a)'),(3211,3657,'2015-04-10 08:30:02','Celebrate(UNIQ)'),(3212,35071,'2015-04-10 08:45:01','\\u548f\\u6625style(\\u674e\\u65af\\u4e39\\u59ae)'),(3213,70639,'2015-04-10 08:45:01','\\u540e\\u4f1a\\u65e0\\u671f(\\u9093\\u7d2b\\u68cb)'),(3214,79818,'2015-04-10 08:45:01','\\u77dc\\u6301(\\u59da\\u8d1d\\u5a1c)'),(3215,12630,'2015-04-10 08:45:01','\\u5728\\u4e00\\u8d77(\\u6b27\\u8c6a)'),(3216,3657,'2015-04-10 08:45:01','Celebrate(UNIQ)'),(3217,35071,'2015-04-10 09:00:02','\\u548f\\u6625style(\\u674e\\u65af\\u4e39\\u59ae)'),(3218,70978,'2015-04-10 09:00:02','\\u540e\\u4f1a\\u65e0\\u671f(\\u9093\\u7d2b\\u68cb)'),(3219,80058,'2015-04-10 09:00:02','\\u77dc\\u6301(\\u59da\\u8d1d\\u5a1c)'),(3220,12630,'2015-04-10 09:00:02','\\u5728\\u4e00\\u8d77(\\u6b27\\u8c6a)'),(3221,3657,'2015-04-10 09:00:02','Celebrate(UNIQ)'),(3222,35071,'2015-04-10 09:15:01','\\u548f\\u6625style(\\u674e\\u65af\\u4e39\\u59ae)'),(3223,71355,'2015-04-10 09:15:01','\\u540e\\u4f1a\\u65e0\\u671f(\\u9093\\u7d2b\\u68cb)'),(3224,80898,'2015-04-10 09:15:01','\\u77dc\\u6301(\\u59da\\u8d1d\\u5a1c)'),(3225,12630,'2015-04-10 09:15:01','\\u5728\\u4e00\\u8d77(\\u6b27\\u8c6a)'),(3226,3657,'2015-04-10 09:15:01','Celebrate(UNIQ)'),(3227,35071,'2015-04-10 09:30:01','\\u548f\\u6625style(\\u674e\\u65af\\u4e39\\u59ae)'),(3228,71694,'2015-04-10 09:30:01','\\u540e\\u4f1a\\u65e0\\u671f(\\u9093\\u7d2b\\u68cb)'),(3229,81088,'2015-04-10 09:30:01','\\u77dc\\u6301(\\u59da\\u8d1d\\u5a1c)'),(3230,12630,'2015-04-10 09:30:01','\\u5728\\u4e00\\u8d77(\\u6b27\\u8c6a)'),(3231,3657,'2015-04-10 09:30:01','Celebrate(UNIQ)'),(3232,35071,'2015-04-10 09:45:02','\\u548f\\u6625style(\\u674e\\u65af\\u4e39\\u59ae)'),(3233,71958,'2015-04-10 09:45:02','\\u540e\\u4f1a\\u65e0\\u671f(\\u9093\\u7d2b\\u68cb)'),(3234,81348,'2015-04-10 09:45:02','\\u77dc\\u6301(\\u59da\\u8d1d\\u5a1c)'),(3235,12630,'2015-04-10 09:45:02','\\u5728\\u4e00\\u8d77(\\u6b27\\u8c6a)'),(3236,3657,'2015-04-10 09:45:02','Celebrate(UNIQ)'),(3237,35071,'2015-04-10 10:00:02','\\u548f\\u6625style(\\u674e\\u65af\\u4e39\\u59ae)'),(3238,72259,'2015-04-10 10:00:02','\\u540e\\u4f1a\\u65e0\\u671f(\\u9093\\u7d2b\\u68cb)'),(3239,81638,'2015-04-10 10:00:02','\\u77dc\\u6301(\\u59da\\u8d1d\\u5a1c)'),(3240,12630,'2015-04-10 10:00:02','\\u5728\\u4e00\\u8d77(\\u6b27\\u8c6a)'),(3241,3657,'2015-04-10 10:00:02','Celebrate(UNIQ)'),(3242,35071,'2015-04-10 10:15:01','\\u548f\\u6625style(\\u674e\\u65af\\u4e39\\u59ae)'),(3243,72517,'2015-04-10 10:15:01','\\u540e\\u4f1a\\u65e0\\u671f(\\u9093\\u7d2b\\u68cb)'),(3244,81788,'2015-04-10 10:15:01','\\u77dc\\u6301(\\u59da\\u8d1d\\u5a1c)'),(3245,12630,'2015-04-10 10:15:01','\\u5728\\u4e00\\u8d77(\\u6b27\\u8c6a)'),(3246,3657,'2015-04-10 10:15:01','Celebrate(UNIQ)'),(3247,35071,'2015-04-10 10:30:01','\\u548f\\u6625style(\\u674e\\u65af\\u4e39\\u59ae)'),(3248,72792,'2015-04-10 10:30:01','\\u540e\\u4f1a\\u65e0\\u671f(\\u9093\\u7d2b\\u68cb)'),(3249,85710,'2015-04-10 10:30:01','\\u77dc\\u6301(\\u59da\\u8d1d\\u5a1c)'),(3250,12630,'2015-04-10 10:30:01','\\u5728\\u4e00\\u8d77(\\u6b27\\u8c6a)'),(3251,3657,'2015-04-10 10:30:01','Celebrate(UNIQ)'),(3252,35071,'2015-04-10 10:45:01','\\u548f\\u6625style(\\u674e\\u65af\\u4e39\\u59ae)'),(3253,73174,'2015-04-10 10:45:01','\\u540e\\u4f1a\\u65e0\\u671f(\\u9093\\u7d2b\\u68cb)'),(3254,88100,'2015-04-10 10:45:01','\\u77dc\\u6301(\\u59da\\u8d1d\\u5a1c)'),(3255,12630,'2015-04-10 10:45:01','\\u5728\\u4e00\\u8d77(\\u6b27\\u8c6a)'),(3256,3657,'2015-04-10 10:45:01','Celebrate(UNIQ)'),(3257,35071,'2015-04-10 11:00:02','\\u548f\\u6625style(\\u674e\\u65af\\u4e39\\u59ae)'),(3258,73433,'2015-04-10 11:00:02','\\u540e\\u4f1a\\u65e0\\u671f(\\u9093\\u7d2b\\u68cb)'),(3259,88300,'2015-04-10 11:00:02','\\u77dc\\u6301(\\u59da\\u8d1d\\u5a1c)'),(3260,12630,'2015-04-10 11:00:02','\\u5728\\u4e00\\u8d77(\\u6b27\\u8c6a)'),(3261,3657,'2015-04-10 11:00:02','Celebrate(UNIQ)'),(3262,35071,'2015-04-10 11:15:02','\\u548f\\u6625style(\\u674e\\u65af\\u4e39\\u59ae)'),(3263,73780,'2015-04-10 11:15:02','\\u540e\\u4f1a\\u65e0\\u671f(\\u9093\\u7d2b\\u68cb)'),(3264,88490,'2015-04-10 11:15:02','\\u77dc\\u6301(\\u59da\\u8d1d\\u5a1c)'),(3265,12630,'2015-04-10 11:15:02','\\u5728\\u4e00\\u8d77(\\u6b27\\u8c6a)'),(3266,3657,'2015-04-10 11:15:02','Celebrate(UNIQ)'),(3267,35071,'2015-04-10 11:30:02','\\u548f\\u6625style(\\u674e\\u65af\\u4e39\\u59ae)'),(3268,74157,'2015-04-10 11:30:02','\\u540e\\u4f1a\\u65e0\\u671f(\\u9093\\u7d2b\\u68cb)'),(3269,88891,'2015-04-10 11:30:02','\\u77dc\\u6301(\\u59da\\u8d1d\\u5a1c)'),(3270,12630,'2015-04-10 11:30:02','\\u5728\\u4e00\\u8d77(\\u6b27\\u8c6a)'),(3271,3657,'2015-04-10 11:30:02','Celebrate(UNIQ)'),(3272,35071,'2015-04-10 11:45:01','\\u548f\\u6625style(\\u674e\\u65af\\u4e39\\u59ae)'),(3273,74481,'2015-04-10 11:45:01','\\u540e\\u4f1a\\u65e0\\u671f(\\u9093\\u7d2b\\u68cb)'),(3274,89370,'2015-04-10 11:45:01','\\u77dc\\u6301(\\u59da\\u8d1d\\u5a1c)'),(3275,12630,'2015-04-10 11:45:01','\\u5728\\u4e00\\u8d77(\\u6b27\\u8c6a)'),(3276,3657,'2015-04-10 11:45:01','Celebrate(UNIQ)'),(3277,35071,'2015-04-10 12:00:02','\\u548f\\u6625style(\\u674e\\u65af\\u4e39\\u59ae)'),(3278,74942,'2015-04-10 12:00:02','\\u540e\\u4f1a\\u65e0\\u671f(\\u9093\\u7d2b\\u68cb)'),(3279,89900,'2015-04-10 12:00:02','\\u77dc\\u6301(\\u59da\\u8d1d\\u5a1c)'),(3280,12630,'2015-04-10 12:00:02','\\u5728\\u4e00\\u8d77(\\u6b27\\u8c6a)'),(3281,3657,'2015-04-10 12:00:02','Celebrate(UNIQ)'),(3282,35071,'2015-04-10 12:15:01','\\u548f\\u6625style(\\u674e\\u65af\\u4e39\\u59ae)'),(3283,75816,'2015-04-10 12:15:01','\\u540e\\u4f1a\\u65e0\\u671f(\\u9093\\u7d2b\\u68cb)'),(3284,90340,'2015-04-10 12:15:01','\\u77dc\\u6301(\\u59da\\u8d1d\\u5a1c)'),(3285,12630,'2015-04-10 12:15:01','\\u5728\\u4e00\\u8d77(\\u6b27\\u8c6a)'),(3286,3657,'2015-04-10 12:15:01','Celebrate(UNIQ)'),(3287,35071,'2015-04-10 12:30:01','\\u548f\\u6625style(\\u674e\\u65af\\u4e39\\u59ae)'),(3288,76550,'2015-04-10 12:30:01','\\u540e\\u4f1a\\u65e0\\u671f(\\u9093\\u7d2b\\u68cb)'),(3289,90990,'2015-04-10 12:30:01','\\u77dc\\u6301(\\u59da\\u8d1d\\u5a1c)'),(3290,12630,'2015-04-10 12:30:01','\\u5728\\u4e00\\u8d77(\\u6b27\\u8c6a)'),(3291,3657,'2015-04-10 12:30:01','Celebrate(UNIQ)'),(3292,35071,'2015-04-10 12:45:02','\\u548f\\u6625style(\\u674e\\u65af\\u4e39\\u59ae)'),(3293,77452,'2015-04-10 12:45:02','\\u540e\\u4f1a\\u65e0\\u671f(\\u9093\\u7d2b\\u68cb)'),(3294,91789,'2015-04-10 12:45:02','\\u77dc\\u6301(\\u59da\\u8d1d\\u5a1c)'),(3295,12630,'2015-04-10 12:45:02','\\u5728\\u4e00\\u8d77(\\u6b27\\u8c6a)'),(3296,3657,'2015-04-10 12:45:02','Celebrate(UNIQ)'),(3297,35071,'2015-04-10 13:00:01','\\u548f\\u6625style(\\u674e\\u65af\\u4e39\\u59ae)'),(3298,78189,'2015-04-10 13:00:01','\\u540e\\u4f1a\\u65e0\\u671f(\\u9093\\u7d2b\\u68cb)'),(3299,92609,'2015-04-10 13:00:01','\\u77dc\\u6301(\\u59da\\u8d1d\\u5a1c)'),(3300,12630,'2015-04-10 13:00:01','\\u5728\\u4e00\\u8d77(\\u6b27\\u8c6a)'),(3301,3657,'2015-04-10 13:00:01','Celebrate(UNIQ)'),(3302,35071,'2015-04-10 13:15:01','\\u548f\\u6625style(\\u674e\\u65af\\u4e39\\u59ae)'),(3303,78841,'2015-04-10 13:15:01','\\u540e\\u4f1a\\u65e0\\u671f(\\u9093\\u7d2b\\u68cb)'),(3304,93219,'2015-04-10 13:15:01','\\u77dc\\u6301(\\u59da\\u8d1d\\u5a1c)'),(3305,12630,'2015-04-10 13:15:01','\\u5728\\u4e00\\u8d77(\\u6b27\\u8c6a)'),(3306,3657,'2015-04-10 13:15:01','Celebrate(UNIQ)'),(3307,35071,'2015-04-10 13:30:02','\\u548f\\u6625style(\\u674e\\u65af\\u4e39\\u59ae)'),(3308,79609,'2015-04-10 13:30:02','\\u540e\\u4f1a\\u65e0\\u671f(\\u9093\\u7d2b\\u68cb)'),(3309,93949,'2015-04-10 13:30:02','\\u77dc\\u6301(\\u59da\\u8d1d\\u5a1c)'),(3310,12640,'2015-04-10 13:30:02','\\u5728\\u4e00\\u8d77(\\u6b27\\u8c6a)'),(3311,3657,'2015-04-10 13:30:02','Celebrate(UNIQ)'),(3312,35071,'2015-04-10 13:45:02','\\u548f\\u6625style(\\u674e\\u65af\\u4e39\\u59ae)'),(3313,80342,'2015-04-10 13:45:02','\\u540e\\u4f1a\\u65e0\\u671f(\\u9093\\u7d2b\\u68cb)'),(3314,94679,'2015-04-10 13:45:02','\\u77dc\\u6301(\\u59da\\u8d1d\\u5a1c)'),(3315,12640,'2015-04-10 13:45:02','\\u5728\\u4e00\\u8d77(\\u6b27\\u8c6a)'),(3316,3657,'2015-04-10 13:45:02','Celebrate(UNIQ)'),(3317,35071,'2015-04-10 14:00:02','\\u548f\\u6625style(\\u674e\\u65af\\u4e39\\u59ae)'),(3318,81028,'2015-04-10 14:00:02','\\u540e\\u4f1a\\u65e0\\u671f(\\u9093\\u7d2b\\u68cb)'),(3319,95359,'2015-04-10 14:00:02','\\u77dc\\u6301(\\u59da\\u8d1d\\u5a1c)'),(3320,12640,'2015-04-10 14:00:02','\\u5728\\u4e00\\u8d77(\\u6b27\\u8c6a)'),(3321,3657,'2015-04-10 14:00:02','Celebrate(UNIQ)'),(3322,35071,'2015-04-10 14:15:01','\\u548f\\u6625style(\\u674e\\u65af\\u4e39\\u59ae)'),(3323,81796,'2015-04-10 14:15:01','\\u540e\\u4f1a\\u65e0\\u671f(\\u9093\\u7d2b\\u68cb)'),(3324,96089,'2015-04-10 14:15:01','\\u77dc\\u6301(\\u59da\\u8d1d\\u5a1c)'),(3325,12640,'2015-04-10 14:15:01','\\u5728\\u4e00\\u8d77(\\u6b27\\u8c6a)'),(3326,3657,'2015-04-10 14:15:01','Celebrate(UNIQ)'),(3327,35071,'2015-04-10 14:30:02','\\u548f\\u6625style(\\u674e\\u65af\\u4e39\\u59ae)'),(3328,82772,'2015-04-10 14:30:02','\\u540e\\u4f1a\\u65e0\\u671f(\\u9093\\u7d2b\\u68cb)'),(3329,96869,'2015-04-10 14:30:02','\\u77dc\\u6301(\\u59da\\u8d1d\\u5a1c)'),(3330,12640,'2015-04-10 14:30:02','\\u5728\\u4e00\\u8d77(\\u6b27\\u8c6a)'),(3331,3657,'2015-04-10 14:30:02','Celebrate(UNIQ)'),(3332,35071,'2015-04-10 14:45:01','\\u548f\\u6625style(\\u674e\\u65af\\u4e39\\u59ae)'),(3333,84236,'2015-04-10 14:45:01','\\u540e\\u4f1a\\u65e0\\u671f(\\u9093\\u7d2b\\u68cb)'),(3334,97689,'2015-04-10 14:45:01','\\u77dc\\u6301(\\u59da\\u8d1d\\u5a1c)'),(3335,12640,'2015-04-10 14:45:01','\\u5728\\u4e00\\u8d77(\\u6b27\\u8c6a)'),(3336,3657,'2015-04-10 14:45:01','Celebrate(UNIQ)'),(3337,35071,'2015-04-10 15:00:01','\\u548f\\u6625style(\\u674e\\u65af\\u4e39\\u59ae)'),(3338,85700,'2015-04-10 15:00:01','\\u540e\\u4f1a\\u65e0\\u671f(\\u9093\\u7d2b\\u68cb)'),(3339,98650,'2015-04-10 15:00:01','\\u77dc\\u6301(\\u59da\\u8d1d\\u5a1c)'),(3340,12640,'2015-04-10 15:00:01','\\u5728\\u4e00\\u8d77(\\u6b27\\u8c6a)'),(3341,3657,'2015-04-10 15:00:01','Celebrate(UNIQ)'),(3342,35071,'2015-04-10 15:15:01','\\u548f\\u6625style(\\u674e\\u65af\\u4e39\\u59ae)'),(3343,87011,'2015-04-10 15:15:01','\\u540e\\u4f1a\\u65e0\\u671f(\\u9093\\u7d2b\\u68cb)'),(3344,99385,'2015-04-10 15:15:01','\\u77dc\\u6301(\\u59da\\u8d1d\\u5a1c)'),(3345,12640,'2015-04-10 15:15:01','\\u5728\\u4e00\\u8d77(\\u6b27\\u8c6a)'),(3346,3657,'2015-04-10 15:15:01','Celebrate(UNIQ)'),(3347,35071,'2015-04-10 15:30:01','\\u548f\\u6625style(\\u674e\\u65af\\u4e39\\u59ae)'),(3348,88370,'2015-04-10 15:30:01','\\u540e\\u4f1a\\u65e0\\u671f(\\u9093\\u7d2b\\u68cb)'),(3349,100082,'2015-04-10 15:30:01','\\u77dc\\u6301(\\u59da\\u8d1d\\u5a1c)'),(3350,12670,'2015-04-10 15:30:01','\\u5728\\u4e00\\u8d77(\\u6b27\\u8c6a)'),(3351,3657,'2015-04-10 15:30:01','Celebrate(UNIQ)'),(3352,35071,'2015-04-10 15:45:01','\\u548f\\u6625style(\\u674e\\u65af\\u4e39\\u59ae)'),(3353,89525,'2015-04-10 15:45:01','\\u540e\\u4f1a\\u65e0\\u671f(\\u9093\\u7d2b\\u68cb)'),(3354,100332,'2015-04-10 15:45:01','\\u77dc\\u6301(\\u59da\\u8d1d\\u5a1c)'),(3355,12670,'2015-04-10 15:45:01','\\u5728\\u4e00\\u8d77(\\u6b27\\u8c6a)'),(3356,3657,'2015-04-10 15:45:01','Celebrate(UNIQ)'),(3357,35071,'2015-04-10 16:15:04','\\u548f\\u6625style(\\u674e\\u65af\\u4e39\\u59ae)'),(3358,92149,'2015-04-10 16:15:04','\\u540e\\u4f1a\\u65e0\\u671f(\\u9093\\u7d2b\\u68cb)'),(3359,100641,'2015-04-10 16:15:04','\\u77dc\\u6301(\\u59da\\u8d1d\\u5a1c)'),(3360,12670,'2015-04-10 16:15:04','\\u5728\\u4e00\\u8d77(\\u6b27\\u8c6a)'),(3361,3657,'2015-04-10 16:15:04','Celebrate(UNIQ)'),(3362,35071,'2015-04-10 16:30:01','\\u548f\\u6625style(\\u674e\\u65af\\u4e39\\u59ae)'),(3363,93325,'2015-04-10 16:30:01','\\u540e\\u4f1a\\u65e0\\u671f(\\u9093\\u7d2b\\u68cb)'),(3364,100811,'2015-04-10 16:30:01','\\u77dc\\u6301(\\u59da\\u8d1d\\u5a1c)'),(3365,12670,'2015-04-10 16:30:01','\\u5728\\u4e00\\u8d77(\\u6b27\\u8c6a)'),(3366,3657,'2015-04-10 16:30:01','Celebrate(UNIQ)'),(3367,35071,'2015-04-10 16:45:02','\\u548f\\u6625style(\\u674e\\u65af\\u4e39\\u59ae)'),(3368,94529,'2015-04-10 16:45:02','\\u540e\\u4f1a\\u65e0\\u671f(\\u9093\\u7d2b\\u68cb)'),(3369,100963,'2015-04-10 16:45:02','\\u77dc\\u6301(\\u59da\\u8d1d\\u5a1c)'),(3370,12670,'2015-04-10 16:45:02','\\u5728\\u4e00\\u8d77(\\u6b27\\u8c6a)'),(3371,3657,'2015-04-10 16:45:02','Celebrate(UNIQ)'),(3372,35071,'2015-04-10 17:00:02','\\u548f\\u6625style(\\u674e\\u65af\\u4e39\\u59ae)'),(3373,95968,'2015-04-10 17:00:02','\\u540e\\u4f1a\\u65e0\\u671f(\\u9093\\u7d2b\\u68cb)'),(3374,101023,'2015-04-10 17:00:02','\\u77dc\\u6301(\\u59da\\u8d1d\\u5a1c)'),(3375,12670,'2015-04-10 17:00:02','\\u5728\\u4e00\\u8d77(\\u6b27\\u8c6a)'),(3376,3657,'2015-04-10 17:00:02','Celebrate(UNIQ)'),(3377,35071,'2015-04-10 17:15:04','\\u548f\\u6625style(\\u674e\\u65af\\u4e39\\u59ae)'),(3378,97225,'2015-04-10 17:15:04','\\u540e\\u4f1a\\u65e0\\u671f(\\u9093\\u7d2b\\u68cb)'),(3379,101073,'2015-04-10 17:15:04','\\u77dc\\u6301(\\u59da\\u8d1d\\u5a1c)'),(3380,12670,'2015-04-10 17:15:04','\\u5728\\u4e00\\u8d77(\\u6b27\\u8c6a)'),(3381,3657,'2015-04-10 17:15:04','Celebrate(UNIQ)'),(3382,35071,'2015-04-10 17:30:04','\\u548f\\u6625style(\\u674e\\u65af\\u4e39\\u59ae)'),(3383,98473,'2015-04-10 17:30:04','\\u540e\\u4f1a\\u65e0\\u671f(\\u9093\\u7d2b\\u68cb)'),(3384,101142,'2015-04-10 17:30:04','\\u77dc\\u6301(\\u59da\\u8d1d\\u5a1c)'),(3385,12670,'2015-04-10 17:30:04','\\u5728\\u4e00\\u8d77(\\u6b27\\u8c6a)'),(3386,3657,'2015-04-10 17:30:04','Celebrate(UNIQ)'),(3387,35071,'2015-04-10 17:45:06','\\u548f\\u6625style(\\u674e\\u65af\\u4e39\\u59ae)'),(3388,100842,'2015-04-10 17:45:06','\\u540e\\u4f1a\\u65e0\\u671f(\\u9093\\u7d2b\\u68cb)'),(3389,101152,'2015-04-10 17:45:06','\\u77dc\\u6301(\\u59da\\u8d1d\\u5a1c)'),(3390,12670,'2015-04-10 17:45:06','\\u5728\\u4e00\\u8d77(\\u6b27\\u8c6a)'),(3391,3657,'2015-04-10 17:45:06','Celebrate(UNIQ)'),(3392,35071,'2015-04-10 18:00:06','\\u548f\\u6625style(\\u674e\\u65af\\u4e39\\u59ae)'),(3393,101481,'2015-04-10 18:00:06','\\u540e\\u4f1a\\u65e0\\u671f(\\u9093\\u7d2b\\u68cb)'),(3394,101153,'2015-04-10 18:00:06','\\u77dc\\u6301(\\u59da\\u8d1d\\u5a1c)'),(3395,12670,'2015-04-10 18:00:06','\\u5728\\u4e00\\u8d77(\\u6b27\\u8c6a)'),(3396,3657,'2015-04-10 18:00:06','Celebrate(UNIQ)'),(3397,35071,'2015-04-10 18:15:05','\\u548f\\u6625style(\\u674e\\u65af\\u4e39\\u59ae)'),(3398,102714,'2015-04-10 18:15:05','\\u540e\\u4f1a\\u65e0\\u671f(\\u9093\\u7d2b\\u68cb)'),(3399,101153,'2015-04-10 18:15:05','\\u77dc\\u6301(\\u59da\\u8d1d\\u5a1c)'),(3400,12670,'2015-04-10 18:15:05','\\u5728\\u4e00\\u8d77(\\u6b27\\u8c6a)'),(3401,3657,'2015-04-10 18:15:05','Celebrate(UNIQ)'),(3402,35071,'2015-04-10 18:35:08','\\u548f\\u6625style(\\u674e\\u65af\\u4e39\\u59ae)'),(3403,103998,'2015-04-10 18:35:08','\\u540e\\u4f1a\\u65e0\\u671f(\\u9093\\u7d2b\\u68cb)'),(3404,101153,'2015-04-10 18:35:08','\\u77dc\\u6301(\\u59da\\u8d1d\\u5a1c)'),(3405,12670,'2015-04-10 18:35:08','\\u5728\\u4e00\\u8d77(\\u6b27\\u8c6a)'),(3406,3657,'2015-04-10 18:35:08','Celebrate(UNIQ)'),(3407,35071,'2015-04-10 18:45:04','\\u548f\\u6625style(\\u674e\\u65af\\u4e39\\u59ae)'),(3408,104089,'2015-04-10 18:45:04','\\u540e\\u4f1a\\u65e0\\u671f(\\u9093\\u7d2b\\u68cb)'),(3409,101153,'2015-04-10 18:45:04','\\u77dc\\u6301(\\u59da\\u8d1d\\u5a1c)'),(3410,12670,'2015-04-10 18:45:04','\\u5728\\u4e00\\u8d77(\\u6b27\\u8c6a)'),(3411,3657,'2015-04-10 18:45:04','Celebrate(UNIQ)'),(3412,35071,'2015-04-10 19:15:11','\\u548f\\u6625style(\\u674e\\u65af\\u4e39\\u59ae)'),(3413,104171,'2015-04-10 19:15:11','\\u540e\\u4f1a\\u65e0\\u671f(\\u9093\\u7d2b\\u68cb)'),(3414,101163,'2015-04-10 19:15:11','\\u77dc\\u6301(\\u59da\\u8d1d\\u5a1c)'),(3415,12670,'2015-04-10 19:15:11','\\u5728\\u4e00\\u8d77(\\u6b27\\u8c6a)'),(3416,3657,'2015-04-10 19:15:11','Celebrate(UNIQ)'),(3417,35071,'2015-04-10 19:30:05','\\u548f\\u6625style(\\u674e\\u65af\\u4e39\\u59ae)'),(3418,104171,'2015-04-10 19:30:05','\\u540e\\u4f1a\\u65e0\\u671f(\\u9093\\u7d2b\\u68cb)'),(3419,101163,'2015-04-10 19:30:05','\\u77dc\\u6301(\\u59da\\u8d1d\\u5a1c)'),(3420,12670,'2015-04-10 19:30:05','\\u5728\\u4e00\\u8d77(\\u6b27\\u8c6a)'),(3421,3657,'2015-04-10 19:30:05','Celebrate(UNIQ)'),(3422,35071,'2015-04-10 19:45:11','\\u548f\\u6625style(\\u674e\\u65af\\u4e39\\u59ae)'),(3423,104171,'2015-04-10 19:45:11','\\u540e\\u4f1a\\u65e0\\u671f(\\u9093\\u7d2b\\u68cb)'),(3424,101173,'2015-04-10 19:45:11','\\u77dc\\u6301(\\u59da\\u8d1d\\u5a1c)'),(3425,12670,'2015-04-10 19:45:11','\\u5728\\u4e00\\u8d77(\\u6b27\\u8c6a)'),(3426,3657,'2015-04-10 19:45:11','Celebrate(UNIQ)'),(3427,35071,'2015-04-10 20:00:19','\\u548f\\u6625style(\\u674e\\u65af\\u4e39\\u59ae)'),(3428,104171,'2015-04-10 20:00:19','\\u540e\\u4f1a\\u65e0\\u671f(\\u9093\\u7d2b\\u68cb)'),(3429,101183,'2015-04-10 20:00:19','\\u77dc\\u6301(\\u59da\\u8d1d\\u5a1c)'),(3430,12670,'2015-04-10 20:00:19','\\u5728\\u4e00\\u8d77(\\u6b27\\u8c6a)'),(3431,3657,'2015-04-10 20:00:19','Celebrate(UNIQ)'),(3432,35071,'2015-04-10 20:30:15','\\u548f\\u6625style(\\u674e\\u65af\\u4e39\\u59ae)'),(3433,104211,'2015-04-10 20:30:15','\\u540e\\u4f1a\\u65e0\\u671f(\\u9093\\u7d2b\\u68cb)'),(3434,101183,'2015-04-10 20:30:15','\\u77dc\\u6301(\\u59da\\u8d1d\\u5a1c)'),(3435,12670,'2015-04-10 20:30:15','\\u5728\\u4e00\\u8d77(\\u6b27\\u8c6a)'),(3436,3657,'2015-04-10 20:30:15','Celebrate(UNIQ)'),(3437,35071,'2015-04-10 20:45:20','\\u548f\\u6625style(\\u674e\\u65af\\u4e39\\u59ae)'),(3438,104211,'2015-04-10 20:45:20','\\u540e\\u4f1a\\u65e0\\u671f(\\u9093\\u7d2b\\u68cb)'),(3439,101183,'2015-04-10 20:45:20','\\u77dc\\u6301(\\u59da\\u8d1d\\u5a1c)'),(3440,12670,'2015-04-10 20:45:20','\\u5728\\u4e00\\u8d77(\\u6b27\\u8c6a)'),(3441,3657,'2015-04-10 20:45:20','Celebrate(UNIQ)'),(3442,35071,'2015-04-10 21:00:06','\\u548f\\u6625style(\\u674e\\u65af\\u4e39\\u59ae)'),(3443,104211,'2015-04-10 21:00:06','\\u540e\\u4f1a\\u65e0\\u671f(\\u9093\\u7d2b\\u68cb)'),(3444,101183,'2015-04-10 21:00:06','\\u77dc\\u6301(\\u59da\\u8d1d\\u5a1c)'),(3445,12670,'2015-04-10 21:00:06','\\u5728\\u4e00\\u8d77(\\u6b27\\u8c6a)'),(3446,3657,'2015-04-10 21:00:06','Celebrate(UNIQ)'),(3447,35071,'2015-04-10 21:45:05','\\u548f\\u6625style(\\u674e\\u65af\\u4e39\\u59ae)'),(3448,104211,'2015-04-10 21:45:05','\\u540e\\u4f1a\\u65e0\\u671f(\\u9093\\u7d2b\\u68cb)'),(3449,101183,'2015-04-10 21:45:05','\\u77dc\\u6301(\\u59da\\u8d1d\\u5a1c)'),(3450,12670,'2015-04-10 21:45:05','\\u5728\\u4e00\\u8d77(\\u6b27\\u8c6a)'),(3451,3657,'2015-04-10 21:45:05','Celebrate(UNIQ)'),(3452,35071,'2015-04-10 22:00:04','\\u548f\\u6625style(\\u674e\\u65af\\u4e39\\u59ae)'),(3453,104211,'2015-04-10 22:00:04','\\u540e\\u4f1a\\u65e0\\u671f(\\u9093\\u7d2b\\u68cb)'),(3454,101183,'2015-04-10 22:00:04','\\u77dc\\u6301(\\u59da\\u8d1d\\u5a1c)'),(3455,12670,'2015-04-10 22:00:04','\\u5728\\u4e00\\u8d77(\\u6b27\\u8c6a)'),(3456,3657,'2015-04-10 22:00:04','Celebrate(UNIQ)'),(3457,35071,'2015-04-10 22:15:03','\\u548f\\u6625style(\\u674e\\u65af\\u4e39\\u59ae)'),(3458,104211,'2015-04-10 22:15:03','\\u540e\\u4f1a\\u65e0\\u671f(\\u9093\\u7d2b\\u68cb)'),(3459,101183,'2015-04-10 22:15:03','\\u77dc\\u6301(\\u59da\\u8d1d\\u5a1c)'),(3460,12670,'2015-04-10 22:15:03','\\u5728\\u4e00\\u8d77(\\u6b27\\u8c6a)'),(3461,3657,'2015-04-10 22:15:03','Celebrate(UNIQ)'),(3462,35071,'2015-04-10 23:00:19','\\u548f\\u6625style(\\u674e\\u65af\\u4e39\\u59ae)'),(3463,104211,'2015-04-10 23:00:19','\\u540e\\u4f1a\\u65e0\\u671f(\\u9093\\u7d2b\\u68cb)'),(3464,101183,'2015-04-10 23:00:19','\\u77dc\\u6301(\\u59da\\u8d1d\\u5a1c)'),(3465,12670,'2015-04-10 23:00:19','\\u5728\\u4e00\\u8d77(\\u6b27\\u8c6a)'),(3466,3657,'2015-04-10 23:00:19','Celebrate(UNIQ)'),(3467,35071,'2015-04-10 23:15:06','\\u548f\\u6625style(\\u674e\\u65af\\u4e39\\u59ae)'),(3468,104211,'2015-04-10 23:15:06','\\u540e\\u4f1a\\u65e0\\u671f(\\u9093\\u7d2b\\u68cb)'),(3469,101193,'2015-04-10 23:15:06','\\u77dc\\u6301(\\u59da\\u8d1d\\u5a1c)'),(3470,12670,'2015-04-10 23:15:06','\\u5728\\u4e00\\u8d77(\\u6b27\\u8c6a)'),(3471,3657,'2015-04-10 23:15:06','Celebrate(UNIQ)'),(3472,35071,'2015-04-10 23:45:04','\\u548f\\u6625style(\\u674e\\u65af\\u4e39\\u59ae)'),(3473,104211,'2015-04-10 23:45:04','\\u540e\\u4f1a\\u65e0\\u671f(\\u9093\\u7d2b\\u68cb)'),(3474,101213,'2015-04-10 23:45:04','\\u77dc\\u6301(\\u59da\\u8d1d\\u5a1c)'),(3475,12670,'2015-04-10 23:45:04','\\u5728\\u4e00\\u8d77(\\u6b27\\u8c6a)'),(3476,3657,'2015-04-10 23:45:04','Celebrate(UNIQ)'),(3477,35071,'2015-04-11 00:00:03','\\u548f\\u6625style(\\u674e\\u65af\\u4e39\\u59ae)'),(3478,104265,'2015-04-11 00:00:03','\\u540e\\u4f1a\\u65e0\\u671f(\\u9093\\u7d2b\\u68cb)'),(3479,101233,'2015-04-11 00:00:03','\\u77dc\\u6301(\\u59da\\u8d1d\\u5a1c)'),(3480,12670,'2015-04-11 00:00:03','\\u5728\\u4e00\\u8d77(\\u6b27\\u8c6a)'),(3481,3657,'2015-04-11 00:00:03','Celebrate(UNIQ)'),(3482,35071,'2015-04-11 00:15:05','\\u548f\\u6625style(\\u674e\\u65af\\u4e39\\u59ae)'),(3483,104265,'2015-04-11 00:15:05','\\u540e\\u4f1a\\u65e0\\u671f(\\u9093\\u7d2b\\u68cb)'),(3484,101253,'2015-04-11 00:15:05','\\u77dc\\u6301(\\u59da\\u8d1d\\u5a1c)'),(3485,12670,'2015-04-11 00:15:05','\\u5728\\u4e00\\u8d77(\\u6b27\\u8c6a)'),(3486,3657,'2015-04-11 00:15:05','Celebrate(UNIQ)'),(3487,35071,'2015-04-11 00:30:02','\\u548f\\u6625style(\\u674e\\u65af\\u4e39\\u59ae)'),(3488,104265,'2015-04-11 00:30:02','\\u540e\\u4f1a\\u65e0\\u671f(\\u9093\\u7d2b\\u68cb)'),(3489,101273,'2015-04-11 00:30:02','\\u77dc\\u6301(\\u59da\\u8d1d\\u5a1c)'),(3490,12670,'2015-04-11 00:30:02','\\u5728\\u4e00\\u8d77(\\u6b27\\u8c6a)'),(3491,3657,'2015-04-11 00:30:02','Celebrate(UNIQ)'),(3492,35071,'2015-04-11 01:15:04','\\u548f\\u6625style(\\u674e\\u65af\\u4e39\\u59ae)'),(3493,104299,'2015-04-11 01:15:04','\\u540e\\u4f1a\\u65e0\\u671f(\\u9093\\u7d2b\\u68cb)'),(3494,101334,'2015-04-11 01:15:04','\\u77dc\\u6301(\\u59da\\u8d1d\\u5a1c)'),(3495,12670,'2015-04-11 01:15:04','\\u5728\\u4e00\\u8d77(\\u6b27\\u8c6a)'),(3496,3657,'2015-04-11 01:15:04','Celebrate(UNIQ)'),(3497,35071,'2015-04-11 01:45:04','\\u548f\\u6625style(\\u674e\\u65af\\u4e39\\u59ae)'),(3498,104350,'2015-04-11 01:45:04','\\u540e\\u4f1a\\u65e0\\u671f(\\u9093\\u7d2b\\u68cb)'),(3499,101364,'2015-04-11 01:45:04','\\u77dc\\u6301(\\u59da\\u8d1d\\u5a1c)'),(3500,12670,'2015-04-11 01:45:04','\\u5728\\u4e00\\u8d77(\\u6b27\\u8c6a)'),(3501,3657,'2015-04-11 01:45:04','Celebrate(UNIQ)'),(3502,35071,'2015-04-11 02:00:06','\\u548f\\u6625style(\\u674e\\u65af\\u4e39\\u59ae)'),(3503,104400,'2015-04-11 02:00:06','\\u540e\\u4f1a\\u65e0\\u671f(\\u9093\\u7d2b\\u68cb)'),(3504,101424,'2015-04-11 02:00:06','\\u77dc\\u6301(\\u59da\\u8d1d\\u5a1c)'),(3505,12670,'2015-04-11 02:00:06','\\u5728\\u4e00\\u8d77(\\u6b27\\u8c6a)'),(3506,3657,'2015-04-11 02:00:06','Celebrate(UNIQ)'),(3507,35071,'2015-04-11 02:30:06','\\u548f\\u6625style(\\u674e\\u65af\\u4e39\\u59ae)'),(3508,104483,'2015-04-11 02:30:06','\\u540e\\u4f1a\\u65e0\\u671f(\\u9093\\u7d2b\\u68cb)'),(3509,101484,'2015-04-11 02:30:06','\\u77dc\\u6301(\\u59da\\u8d1d\\u5a1c)'),(3510,12670,'2015-04-11 02:30:06','\\u5728\\u4e00\\u8d77(\\u6b27\\u8c6a)'),(3511,3657,'2015-04-11 02:30:06','Celebrate(UNIQ)'),(3512,35071,'2015-04-11 02:45:17','\\u548f\\u6625style(\\u674e\\u65af\\u4e39\\u59ae)'),(3513,104533,'2015-04-11 02:45:17','\\u540e\\u4f1a\\u65e0\\u671f(\\u9093\\u7d2b\\u68cb)'),(3514,101514,'2015-04-11 02:45:17','\\u77dc\\u6301(\\u59da\\u8d1d\\u5a1c)'),(3515,12670,'2015-04-11 02:45:17','\\u5728\\u4e00\\u8d77(\\u6b27\\u8c6a)'),(3516,3657,'2015-04-11 02:45:17','Celebrate(UNIQ)'),(3517,35071,'2015-04-11 03:00:02','\\u548f\\u6625style(\\u674e\\u65af\\u4e39\\u59ae)'),(3518,104533,'2015-04-11 03:00:02','\\u540e\\u4f1a\\u65e0\\u671f(\\u9093\\u7d2b\\u68cb)'),(3519,101604,'2015-04-11 03:00:02','\\u77dc\\u6301(\\u59da\\u8d1d\\u5a1c)'),(3520,12670,'2015-04-11 03:00:02','\\u5728\\u4e00\\u8d77(\\u6b27\\u8c6a)'),(3521,3657,'2015-04-11 03:00:02','Celebrate(UNIQ)'),(3522,35071,'2015-04-11 03:15:02','\\u548f\\u6625style(\\u674e\\u65af\\u4e39\\u59ae)'),(3523,104533,'2015-04-11 03:15:02','\\u540e\\u4f1a\\u65e0\\u671f(\\u9093\\u7d2b\\u68cb)'),(3524,101674,'2015-04-11 03:15:02','\\u77dc\\u6301(\\u59da\\u8d1d\\u5a1c)'),(3525,12670,'2015-04-11 03:15:02','\\u5728\\u4e00\\u8d77(\\u6b27\\u8c6a)'),(3526,3657,'2015-04-11 03:15:02','Celebrate(UNIQ)'),(3527,35071,'2015-04-11 03:30:02','\\u548f\\u6625style(\\u674e\\u65af\\u4e39\\u59ae)'),(3528,104533,'2015-04-11 03:30:02','\\u540e\\u4f1a\\u65e0\\u671f(\\u9093\\u7d2b\\u68cb)'),(3529,101834,'2015-04-11 03:30:02','\\u77dc\\u6301(\\u59da\\u8d1d\\u5a1c)'),(3530,12670,'2015-04-11 03:30:02','\\u5728\\u4e00\\u8d77(\\u6b27\\u8c6a)'),(3531,3657,'2015-04-11 03:30:02','Celebrate(UNIQ)'),(3532,35071,'2015-04-11 03:45:02','\\u548f\\u6625style(\\u674e\\u65af\\u4e39\\u59ae)'),(3533,104533,'2015-04-11 03:45:02','\\u540e\\u4f1a\\u65e0\\u671f(\\u9093\\u7d2b\\u68cb)'),(3534,102024,'2015-04-11 03:45:02','\\u77dc\\u6301(\\u59da\\u8d1d\\u5a1c)'),(3535,12670,'2015-04-11 03:45:02','\\u5728\\u4e00\\u8d77(\\u6b27\\u8c6a)'),(3536,3657,'2015-04-11 03:45:02','Celebrate(UNIQ)'),(3537,35071,'2015-04-11 04:00:01','\\u548f\\u6625style(\\u674e\\u65af\\u4e39\\u59ae)'),(3538,105137,'2015-04-11 04:00:01','\\u540e\\u4f1a\\u65e0\\u671f(\\u9093\\u7d2b\\u68cb)'),(3539,102244,'2015-04-11 04:00:01','\\u77dc\\u6301(\\u59da\\u8d1d\\u5a1c)'),(3540,12670,'2015-04-11 04:00:01','\\u5728\\u4e00\\u8d77(\\u6b27\\u8c6a)'),(3541,3657,'2015-04-11 04:00:01','Celebrate(UNIQ)'),(3542,35071,'2015-04-11 04:15:01','\\u548f\\u6625style(\\u674e\\u65af\\u4e39\\u59ae)'),(3543,105301,'2015-04-11 04:15:01','\\u540e\\u4f1a\\u65e0\\u671f(\\u9093\\u7d2b\\u68cb)'),(3544,102454,'2015-04-11 04:15:01','\\u77dc\\u6301(\\u59da\\u8d1d\\u5a1c)'),(3545,12670,'2015-04-11 04:15:01','\\u5728\\u4e00\\u8d77(\\u6b27\\u8c6a)'),(3546,3657,'2015-04-11 04:15:01','Celebrate(UNIQ)'),(3547,35071,'2015-04-11 04:30:02','\\u548f\\u6625style(\\u674e\\u65af\\u4e39\\u59ae)'),(3548,105508,'2015-04-11 04:30:02','\\u540e\\u4f1a\\u65e0\\u671f(\\u9093\\u7d2b\\u68cb)'),(3549,102704,'2015-04-11 04:30:02','\\u77dc\\u6301(\\u59da\\u8d1d\\u5a1c)'),(3550,12670,'2015-04-11 04:30:02','\\u5728\\u4e00\\u8d77(\\u6b27\\u8c6a)'),(3551,3657,'2015-04-11 04:30:02','Celebrate(UNIQ)'),(3552,35071,'2015-04-11 04:45:01','\\u548f\\u6625style(\\u674e\\u65af\\u4e39\\u59ae)'),(3553,105938,'2015-04-11 04:45:01','\\u540e\\u4f1a\\u65e0\\u671f(\\u9093\\u7d2b\\u68cb)'),(3554,103200,'2015-04-11 04:45:01','\\u77dc\\u6301(\\u59da\\u8d1d\\u5a1c)'),(3555,12670,'2015-04-11 04:45:01','\\u5728\\u4e00\\u8d77(\\u6b27\\u8c6a)'),(3556,3657,'2015-04-11 04:45:01','Celebrate(UNIQ)'),(3557,35071,'2015-04-11 05:00:01','\\u548f\\u6625style(\\u674e\\u65af\\u4e39\\u59ae)'),(3558,105938,'2015-04-11 05:00:01','\\u540e\\u4f1a\\u65e0\\u671f(\\u9093\\u7d2b\\u68cb)'),(3559,103776,'2015-04-11 05:00:01','\\u77dc\\u6301(\\u59da\\u8d1d\\u5a1c)'),(3560,12670,'2015-04-11 05:00:01','\\u5728\\u4e00\\u8d77(\\u6b27\\u8c6a)'),(3561,3657,'2015-04-11 05:00:01','Celebrate(UNIQ)'),(3562,35071,'2015-04-11 05:15:02','\\u548f\\u6625style(\\u674e\\u65af\\u4e39\\u59ae)'),(3563,105938,'2015-04-11 05:15:02','\\u540e\\u4f1a\\u65e0\\u671f(\\u9093\\u7d2b\\u68cb)'),(3564,104426,'2015-04-11 05:15:02','\\u77dc\\u6301(\\u59da\\u8d1d\\u5a1c)'),(3565,12670,'2015-04-11 05:15:02','\\u5728\\u4e00\\u8d77(\\u6b27\\u8c6a)'),(3566,3657,'2015-04-11 05:15:02','Celebrate(UNIQ)'),(3567,35071,'2015-04-11 05:30:01','\\u548f\\u6625style(\\u674e\\u65af\\u4e39\\u59ae)'),(3568,105938,'2015-04-11 05:30:01','\\u540e\\u4f1a\\u65e0\\u671f(\\u9093\\u7d2b\\u68cb)'),(3569,105286,'2015-04-11 05:30:01','\\u77dc\\u6301(\\u59da\\u8d1d\\u5a1c)'),(3570,12671,'2015-04-11 05:30:01','\\u5728\\u4e00\\u8d77(\\u6b27\\u8c6a)'),(3571,3657,'2015-04-11 05:30:01','Celebrate(UNIQ)'),(3572,35071,'2015-04-11 05:45:02','\\u548f\\u6625style(\\u674e\\u65af\\u4e39\\u59ae)'),(3573,105938,'2015-04-11 05:45:02','\\u540e\\u4f1a\\u65e0\\u671f(\\u9093\\u7d2b\\u68cb)'),(3574,106876,'2015-04-11 05:45:02','\\u77dc\\u6301(\\u59da\\u8d1d\\u5a1c)'),(3575,12671,'2015-04-11 05:45:02','\\u5728\\u4e00\\u8d77(\\u6b27\\u8c6a)'),(3576,3657,'2015-04-11 05:45:02','Celebrate(UNIQ)'),(3577,35071,'2015-04-11 06:00:01','\\u548f\\u6625style(\\u674e\\u65af\\u4e39\\u59ae)'),(3578,105938,'2015-04-11 06:00:01','\\u540e\\u4f1a\\u65e0\\u671f(\\u9093\\u7d2b\\u68cb)'),(3579,108006,'2015-04-11 06:00:01','\\u77dc\\u6301(\\u59da\\u8d1d\\u5a1c)'),(3580,12671,'2015-04-11 06:00:01','\\u5728\\u4e00\\u8d77(\\u6b27\\u8c6a)'),(3581,3657,'2015-04-11 06:00:01','Celebrate(UNIQ)'),(3582,35071,'2015-04-11 06:15:01','\\u548f\\u6625style(\\u674e\\u65af\\u4e39\\u59ae)'),(3583,105938,'2015-04-11 06:15:01','\\u540e\\u4f1a\\u65e0\\u671f(\\u9093\\u7d2b\\u68cb)'),(3584,109076,'2015-04-11 06:15:01','\\u77dc\\u6301(\\u59da\\u8d1d\\u5a1c)'),(3585,12671,'2015-04-11 06:15:01','\\u5728\\u4e00\\u8d77(\\u6b27\\u8c6a)'),(3586,3657,'2015-04-11 06:15:01','Celebrate(UNIQ)'),(3587,35071,'2015-04-11 06:30:02','\\u548f\\u6625style(\\u674e\\u65af\\u4e39\\u59ae)'),(3588,105938,'2015-04-11 06:30:02','\\u540e\\u4f1a\\u65e0\\u671f(\\u9093\\u7d2b\\u68cb)'),(3589,109956,'2015-04-11 06:30:02','\\u77dc\\u6301(\\u59da\\u8d1d\\u5a1c)'),(3590,12671,'2015-04-11 06:30:02','\\u5728\\u4e00\\u8d77(\\u6b27\\u8c6a)'),(3591,3657,'2015-04-11 06:30:02','Celebrate(UNIQ)'),(3592,35071,'2015-04-11 06:45:02','\\u548f\\u6625style(\\u674e\\u65af\\u4e39\\u59ae)'),(3593,105938,'2015-04-11 06:45:02','\\u540e\\u4f1a\\u65e0\\u671f(\\u9093\\u7d2b\\u68cb)'),(3594,110956,'2015-04-11 06:45:02','\\u77dc\\u6301(\\u59da\\u8d1d\\u5a1c)'),(3595,12671,'2015-04-11 06:45:02','\\u5728\\u4e00\\u8d77(\\u6b27\\u8c6a)'),(3596,3657,'2015-04-11 06:45:02','Celebrate(UNIQ)'),(3597,35071,'2015-04-11 07:00:01','\\u548f\\u6625style(\\u674e\\u65af\\u4e39\\u59ae)'),(3598,105938,'2015-04-11 07:00:01','\\u540e\\u4f1a\\u65e0\\u671f(\\u9093\\u7d2b\\u68cb)'),(3599,111956,'2015-04-11 07:00:01','\\u77dc\\u6301(\\u59da\\u8d1d\\u5a1c)'),(3600,12671,'2015-04-11 07:00:01','\\u5728\\u4e00\\u8d77(\\u6b27\\u8c6a)'),(3601,3657,'2015-04-11 07:00:01','Celebrate(UNIQ)'),(3602,35071,'2015-04-11 07:15:01','\\u548f\\u6625style(\\u674e\\u65af\\u4e39\\u59ae)'),(3603,105938,'2015-04-11 07:15:01','\\u540e\\u4f1a\\u65e0\\u671f(\\u9093\\u7d2b\\u68cb)'),(3604,112906,'2015-04-11 07:15:01','\\u77dc\\u6301(\\u59da\\u8d1d\\u5a1c)'),(3605,12671,'2015-04-11 07:15:01','\\u5728\\u4e00\\u8d77(\\u6b27\\u8c6a)'),(3606,3657,'2015-04-11 07:15:01','Celebrate(UNIQ)'),(3607,35071,'2015-04-11 07:30:01','\\u548f\\u6625style(\\u674e\\u65af\\u4e39\\u59ae)'),(3608,105948,'2015-04-11 07:30:01','\\u540e\\u4f1a\\u65e0\\u671f(\\u9093\\u7d2b\\u68cb)'),(3609,113656,'2015-04-11 07:30:01','\\u77dc\\u6301(\\u59da\\u8d1d\\u5a1c)'),(3610,12671,'2015-04-11 07:30:01','\\u5728\\u4e00\\u8d77(\\u6b27\\u8c6a)'),(3611,3657,'2015-04-11 07:30:01','Celebrate(UNIQ)'),(3612,35071,'2015-04-11 07:45:02','\\u548f\\u6625style(\\u674e\\u65af\\u4e39\\u59ae)'),(3613,105948,'2015-04-11 07:45:02','\\u540e\\u4f1a\\u65e0\\u671f(\\u9093\\u7d2b\\u68cb)'),(3614,114506,'2015-04-11 07:45:02','\\u77dc\\u6301(\\u59da\\u8d1d\\u5a1c)'),(3615,12671,'2015-04-11 07:45:02','\\u5728\\u4e00\\u8d77(\\u6b27\\u8c6a)'),(3616,3657,'2015-04-11 07:45:02','Celebrate(UNIQ)'),(3617,35071,'2015-04-11 08:00:01','\\u548f\\u6625style(\\u674e\\u65af\\u4e39\\u59ae)'),(3618,105948,'2015-04-11 08:00:01','\\u540e\\u4f1a\\u65e0\\u671f(\\u9093\\u7d2b\\u68cb)'),(3619,115256,'2015-04-11 08:00:01','\\u77dc\\u6301(\\u59da\\u8d1d\\u5a1c)'),(3620,12671,'2015-04-11 08:00:01','\\u5728\\u4e00\\u8d77(\\u6b27\\u8c6a)'),(3621,3657,'2015-04-11 08:00:01','Celebrate(UNIQ)'),(3622,35071,'2015-04-11 08:15:01','\\u548f\\u6625style(\\u674e\\u65af\\u4e39\\u59ae)'),(3623,105948,'2015-04-11 08:15:01','\\u540e\\u4f1a\\u65e0\\u671f(\\u9093\\u7d2b\\u68cb)'),(3624,116236,'2015-04-11 08:15:01','\\u77dc\\u6301(\\u59da\\u8d1d\\u5a1c)'),(3625,12671,'2015-04-11 08:15:01','\\u5728\\u4e00\\u8d77(\\u6b27\\u8c6a)'),(3626,3657,'2015-04-11 08:15:01','Celebrate(UNIQ)'),(3627,35071,'2015-04-11 08:30:01','\\u548f\\u6625style(\\u674e\\u65af\\u4e39\\u59ae)'),(3628,105968,'2015-04-11 08:30:01','\\u540e\\u4f1a\\u65e0\\u671f(\\u9093\\u7d2b\\u68cb)'),(3629,116996,'2015-04-11 08:30:01','\\u77dc\\u6301(\\u59da\\u8d1d\\u5a1c)'),(3630,12671,'2015-04-11 08:30:01','\\u5728\\u4e00\\u8d77(\\u6b27\\u8c6a)'),(3631,3657,'2015-04-11 08:30:01','Celebrate(UNIQ)'),(3632,35071,'2015-04-11 08:45:01','\\u548f\\u6625style(\\u674e\\u65af\\u4e39\\u59ae)'),(3633,105968,'2015-04-11 08:45:01','\\u540e\\u4f1a\\u65e0\\u671f(\\u9093\\u7d2b\\u68cb)'),(3634,117836,'2015-04-11 08:45:01','\\u77dc\\u6301(\\u59da\\u8d1d\\u5a1c)'),(3635,12671,'2015-04-11 08:45:01','\\u5728\\u4e00\\u8d77(\\u6b27\\u8c6a)'),(3636,3657,'2015-04-11 08:45:01','Celebrate(UNIQ)'),(3637,35071,'2015-04-11 09:00:02','\\u548f\\u6625style(\\u674e\\u65af\\u4e39\\u59ae)'),(3638,105968,'2015-04-11 09:00:02','\\u540e\\u4f1a\\u65e0\\u671f(\\u9093\\u7d2b\\u68cb)'),(3639,118425,'2015-04-11 09:00:02','\\u77dc\\u6301(\\u59da\\u8d1d\\u5a1c)'),(3640,12671,'2015-04-11 09:00:02','\\u5728\\u4e00\\u8d77(\\u6b27\\u8c6a)'),(3641,3657,'2015-04-11 09:00:02','Celebrate(UNIQ)'),(3642,35071,'2015-04-11 09:15:02','\\u548f\\u6625style(\\u674e\\u65af\\u4e39\\u59ae)'),(3643,105968,'2015-04-11 09:15:02','\\u540e\\u4f1a\\u65e0\\u671f(\\u9093\\u7d2b\\u68cb)'),(3644,119035,'2015-04-11 09:15:02','\\u77dc\\u6301(\\u59da\\u8d1d\\u5a1c)'),(3645,12671,'2015-04-11 09:15:02','\\u5728\\u4e00\\u8d77(\\u6b27\\u8c6a)'),(3646,3657,'2015-04-11 09:15:02','Celebrate(UNIQ)'),(3647,35071,'2015-04-11 09:30:01','\\u548f\\u6625style(\\u674e\\u65af\\u4e39\\u59ae)'),(3648,105999,'2015-04-11 09:30:01','\\u540e\\u4f1a\\u65e0\\u671f(\\u9093\\u7d2b\\u68cb)'),(3649,119785,'2015-04-11 09:30:01','\\u77dc\\u6301(\\u59da\\u8d1d\\u5a1c)'),(3650,12671,'2015-04-11 09:30:01','\\u5728\\u4e00\\u8d77(\\u6b27\\u8c6a)'),(3651,3657,'2015-04-11 09:30:01','Celebrate(UNIQ)'),(3652,35071,'2015-04-11 09:45:02','\\u548f\\u6625style(\\u674e\\u65af\\u4e39\\u59ae)'),(3653,106000,'2015-04-11 09:45:02','\\u540e\\u4f1a\\u65e0\\u671f(\\u9093\\u7d2b\\u68cb)'),(3654,120625,'2015-04-11 09:45:02','\\u77dc\\u6301(\\u59da\\u8d1d\\u5a1c)'),(3655,12671,'2015-04-11 09:45:02','\\u5728\\u4e00\\u8d77(\\u6b27\\u8c6a)'),(3656,3657,'2015-04-11 09:45:02','Celebrate(UNIQ)'),(3657,35071,'2015-04-11 10:00:02','\\u548f\\u6625style(\\u674e\\u65af\\u4e39\\u59ae)'),(3658,106000,'2015-04-11 10:00:02','\\u540e\\u4f1a\\u65e0\\u671f(\\u9093\\u7d2b\\u68cb)'),(3659,121534,'2015-04-11 10:00:02','\\u77dc\\u6301(\\u59da\\u8d1d\\u5a1c)'),(3660,12671,'2015-04-11 10:00:02','\\u5728\\u4e00\\u8d77(\\u6b27\\u8c6a)'),(3661,3657,'2015-04-11 10:00:02','Celebrate(UNIQ)'),(3662,35071,'2015-04-11 10:15:01','\\u548f\\u6625style(\\u674e\\u65af\\u4e39\\u59ae)'),(3663,106000,'2015-04-11 10:15:01','\\u540e\\u4f1a\\u65e0\\u671f(\\u9093\\u7d2b\\u68cb)'),(3664,122354,'2015-04-11 10:15:01','\\u77dc\\u6301(\\u59da\\u8d1d\\u5a1c)'),(3665,12671,'2015-04-11 10:15:01','\\u5728\\u4e00\\u8d77(\\u6b27\\u8c6a)'),(3666,3657,'2015-04-11 10:15:01','Celebrate(UNIQ)'),(3667,35071,'2015-04-11 10:30:03','\\u548f\\u6625style(\\u674e\\u65af\\u4e39\\u59ae)'),(3668,106000,'2015-04-11 10:30:03','\\u540e\\u4f1a\\u65e0\\u671f(\\u9093\\u7d2b\\u68cb)'),(3669,123424,'2015-04-11 10:30:03','\\u77dc\\u6301(\\u59da\\u8d1d\\u5a1c)'),(3670,12671,'2015-04-11 10:30:03','\\u5728\\u4e00\\u8d77(\\u6b27\\u8c6a)'),(3671,3657,'2015-04-11 10:30:03','Celebrate(UNIQ)'),(3672,35071,'2015-04-11 10:45:01','\\u548f\\u6625style(\\u674e\\u65af\\u4e39\\u59ae)'),(3673,106000,'2015-04-11 10:45:01','\\u540e\\u4f1a\\u65e0\\u671f(\\u9093\\u7d2b\\u68cb)'),(3674,124511,'2015-04-11 10:45:01','\\u77dc\\u6301(\\u59da\\u8d1d\\u5a1c)'),(3675,12671,'2015-04-11 10:45:01','\\u5728\\u4e00\\u8d77(\\u6b27\\u8c6a)'),(3676,3657,'2015-04-11 10:45:01','Celebrate(UNIQ)'),(3677,35071,'2015-04-11 11:00:02','\\u548f\\u6625style(\\u674e\\u65af\\u4e39\\u59ae)'),(3678,106000,'2015-04-11 11:00:02','\\u540e\\u4f1a\\u65e0\\u671f(\\u9093\\u7d2b\\u68cb)'),(3679,125711,'2015-04-11 11:00:02','\\u77dc\\u6301(\\u59da\\u8d1d\\u5a1c)'),(3680,12671,'2015-04-11 11:00:02','\\u5728\\u4e00\\u8d77(\\u6b27\\u8c6a)'),(3681,3657,'2015-04-11 11:00:02','Celebrate(UNIQ)'),(3682,35071,'2015-04-11 11:15:02','\\u548f\\u6625style(\\u674e\\u65af\\u4e39\\u59ae)'),(3683,106000,'2015-04-11 11:15:02','\\u540e\\u4f1a\\u65e0\\u671f(\\u9093\\u7d2b\\u68cb)'),(3684,126271,'2015-04-11 11:15:02','\\u77dc\\u6301(\\u59da\\u8d1d\\u5a1c)'),(3685,12671,'2015-04-11 11:15:02','\\u5728\\u4e00\\u8d77(\\u6b27\\u8c6a)'),(3686,3657,'2015-04-11 11:15:02','Celebrate(UNIQ)'),(3687,35071,'2015-04-11 11:30:02','\\u548f\\u6625style(\\u674e\\u65af\\u4e39\\u59ae)'),(3688,106000,'2015-04-11 11:30:02','\\u540e\\u4f1a\\u65e0\\u671f(\\u9093\\u7d2b\\u68cb)'),(3689,126271,'2015-04-11 11:30:02','\\u77dc\\u6301(\\u59da\\u8d1d\\u5a1c)'),(3690,12671,'2015-04-11 11:30:02','\\u5728\\u4e00\\u8d77(\\u6b27\\u8c6a)'),(3691,3657,'2015-04-11 11:30:02','Celebrate(UNIQ)'),(3692,35071,'2015-04-11 11:45:01','\\u548f\\u6625style(\\u674e\\u65af\\u4e39\\u59ae)'),(3693,106000,'2015-04-11 11:45:01','\\u540e\\u4f1a\\u65e0\\u671f(\\u9093\\u7d2b\\u68cb)'),(3694,126271,'2015-04-11 11:45:01','\\u77dc\\u6301(\\u59da\\u8d1d\\u5a1c)'),(3695,12671,'2015-04-11 11:45:01','\\u5728\\u4e00\\u8d77(\\u6b27\\u8c6a)'),(3696,3657,'2015-04-11 11:45:01','Celebrate(UNIQ)'),(3697,35071,'2015-04-11 12:00:01','\\u548f\\u6625style(\\u674e\\u65af\\u4e39\\u59ae)'),(3698,106000,'2015-04-11 12:00:01','\\u540e\\u4f1a\\u65e0\\u671f(\\u9093\\u7d2b\\u68cb)'),(3699,126271,'2015-04-11 12:00:01','\\u77dc\\u6301(\\u59da\\u8d1d\\u5a1c)'),(3700,12671,'2015-04-11 12:00:01','\\u5728\\u4e00\\u8d77(\\u6b27\\u8c6a)'),(3701,3657,'2015-04-11 12:00:01','Celebrate(UNIQ)'),(3702,35071,'2015-04-11 12:15:02','\\u548f\\u6625style(\\u674e\\u65af\\u4e39\\u59ae)'),(3703,106000,'2015-04-11 12:15:02','\\u540e\\u4f1a\\u65e0\\u671f(\\u9093\\u7d2b\\u68cb)'),(3704,126601,'2015-04-11 12:15:02','\\u77dc\\u6301(\\u59da\\u8d1d\\u5a1c)'),(3705,12671,'2015-04-11 12:15:02','\\u5728\\u4e00\\u8d77(\\u6b27\\u8c6a)'),(3706,3657,'2015-04-11 12:15:02','Celebrate(UNIQ)'),(3707,35071,'2015-04-11 12:30:02','\\u548f\\u6625style(\\u674e\\u65af\\u4e39\\u59ae)'),(3708,106000,'2015-04-11 12:30:02','\\u540e\\u4f1a\\u65e0\\u671f(\\u9093\\u7d2b\\u68cb)'),(3709,127871,'2015-04-11 12:30:02','\\u77dc\\u6301(\\u59da\\u8d1d\\u5a1c)'),(3710,12671,'2015-04-11 12:30:02','\\u5728\\u4e00\\u8d77(\\u6b27\\u8c6a)'),(3711,3657,'2015-04-11 12:30:02','Celebrate(UNIQ)'),(3712,35071,'2015-04-11 12:45:01','\\u548f\\u6625style(\\u674e\\u65af\\u4e39\\u59ae)'),(3713,106000,'2015-04-11 12:45:01','\\u540e\\u4f1a\\u65e0\\u671f(\\u9093\\u7d2b\\u68cb)'),(3714,129314,'2015-04-11 12:45:01','\\u77dc\\u6301(\\u59da\\u8d1d\\u5a1c)'),(3715,12671,'2015-04-11 12:45:01','\\u5728\\u4e00\\u8d77(\\u6b27\\u8c6a)'),(3716,3657,'2015-04-11 12:45:01','Celebrate(UNIQ)'),(3717,35071,'2015-04-11 13:00:02','\\u548f\\u6625style(\\u674e\\u65af\\u4e39\\u59ae)'),(3718,106000,'2015-04-11 13:00:02','\\u540e\\u4f1a\\u65e0\\u671f(\\u9093\\u7d2b\\u68cb)'),(3719,130660,'2015-04-11 13:00:02','\\u77dc\\u6301(\\u59da\\u8d1d\\u5a1c)'),(3720,12671,'2015-04-11 13:00:02','\\u5728\\u4e00\\u8d77(\\u6b27\\u8c6a)'),(3721,3657,'2015-04-11 13:00:02','Celebrate(UNIQ)'),(3722,35071,'2015-04-11 13:15:02','\\u548f\\u6625style(\\u674e\\u65af\\u4e39\\u59ae)'),(3723,106000,'2015-04-11 13:15:02','\\u540e\\u4f1a\\u65e0\\u671f(\\u9093\\u7d2b\\u68cb)'),(3724,131900,'2015-04-11 13:15:02','\\u77dc\\u6301(\\u59da\\u8d1d\\u5a1c)'),(3725,12671,'2015-04-11 13:15:02','\\u5728\\u4e00\\u8d77(\\u6b27\\u8c6a)'),(3726,3657,'2015-04-11 13:15:02','Celebrate(UNIQ)'),(3727,35071,'2015-04-11 13:30:02','\\u548f\\u6625style(\\u674e\\u65af\\u4e39\\u59ae)'),(3728,106000,'2015-04-11 13:30:02','\\u540e\\u4f1a\\u65e0\\u671f(\\u9093\\u7d2b\\u68cb)'),(3729,133330,'2015-04-11 13:30:02','\\u77dc\\u6301(\\u59da\\u8d1d\\u5a1c)'),(3730,12671,'2015-04-11 13:30:02','\\u5728\\u4e00\\u8d77(\\u6b27\\u8c6a)'),(3731,3657,'2015-04-11 13:30:02','Celebrate(UNIQ)'),(3732,35071,'2015-04-11 13:45:02','\\u548f\\u6625style(\\u674e\\u65af\\u4e39\\u59ae)'),(3733,106010,'2015-04-11 13:45:02','\\u540e\\u4f1a\\u65e0\\u671f(\\u9093\\u7d2b\\u68cb)'),(3734,134912,'2015-04-11 13:45:02','\\u77dc\\u6301(\\u59da\\u8d1d\\u5a1c)'),(3735,12672,'2015-04-11 13:45:02','\\u5728\\u4e00\\u8d77(\\u6b27\\u8c6a)'),(3736,3657,'2015-04-11 13:45:02','Celebrate(UNIQ)'),(3737,35071,'2015-04-11 14:00:01','\\u548f\\u6625style(\\u674e\\u65af\\u4e39\\u59ae)'),(3738,106010,'2015-04-11 14:00:01','\\u540e\\u4f1a\\u65e0\\u671f(\\u9093\\u7d2b\\u68cb)'),(3739,136403,'2015-04-11 14:00:01','\\u77dc\\u6301(\\u59da\\u8d1d\\u5a1c)'),(3740,12702,'2015-04-11 14:00:01','\\u5728\\u4e00\\u8d77(\\u6b27\\u8c6a)'),(3741,3657,'2015-04-11 14:00:01','Celebrate(UNIQ)'),(3742,35071,'2015-04-11 14:15:01','\\u548f\\u6625style(\\u674e\\u65af\\u4e39\\u59ae)'),(3743,106030,'2015-04-11 14:15:01','\\u540e\\u4f1a\\u65e0\\u671f(\\u9093\\u7d2b\\u68cb)'),(3744,137793,'2015-04-11 14:15:01','\\u77dc\\u6301(\\u59da\\u8d1d\\u5a1c)'),(3745,12742,'2015-04-11 14:15:01','\\u5728\\u4e00\\u8d77(\\u6b27\\u8c6a)'),(3746,3657,'2015-04-11 14:15:01','Celebrate(UNIQ)'),(3747,35071,'2015-04-11 14:30:02','\\u548f\\u6625style(\\u674e\\u65af\\u4e39\\u59ae)'),(3748,106030,'2015-04-11 14:30:02','\\u540e\\u4f1a\\u65e0\\u671f(\\u9093\\u7d2b\\u68cb)'),(3749,139353,'2015-04-11 14:30:02','\\u77dc\\u6301(\\u59da\\u8d1d\\u5a1c)'),(3750,12742,'2015-04-11 14:30:02','\\u5728\\u4e00\\u8d77(\\u6b27\\u8c6a)'),(3751,3657,'2015-04-11 14:30:02','Celebrate(UNIQ)'),(3752,35071,'2015-04-11 14:45:01','\\u548f\\u6625style(\\u674e\\u65af\\u4e39\\u59ae)'),(3753,106030,'2015-04-11 14:45:01','\\u540e\\u4f1a\\u65e0\\u671f(\\u9093\\u7d2b\\u68cb)'),(3754,140866,'2015-04-11 14:45:01','\\u77dc\\u6301(\\u59da\\u8d1d\\u5a1c)'),(3755,12742,'2015-04-11 14:45:01','\\u5728\\u4e00\\u8d77(\\u6b27\\u8c6a)'),(3756,3657,'2015-04-11 14:45:01','Celebrate(UNIQ)'),(3757,35071,'2015-04-11 15:00:01','\\u548f\\u6625style(\\u674e\\u65af\\u4e39\\u59ae)'),(3758,106030,'2015-04-11 15:00:01','\\u540e\\u4f1a\\u65e0\\u671f(\\u9093\\u7d2b\\u68cb)'),(3759,142131,'2015-04-11 15:00:01','\\u77dc\\u6301(\\u59da\\u8d1d\\u5a1c)'),(3760,12742,'2015-04-11 15:00:01','\\u5728\\u4e00\\u8d77(\\u6b27\\u8c6a)'),(3761,3657,'2015-04-11 15:00:01','Celebrate(UNIQ)'),(3762,35071,'2015-04-11 15:15:01','\\u548f\\u6625style(\\u674e\\u65af\\u4e39\\u59ae)'),(3763,106050,'2015-04-11 15:15:01','\\u540e\\u4f1a\\u65e0\\u671f(\\u9093\\u7d2b\\u68cb)'),(3764,143371,'2015-04-11 15:15:01','\\u77dc\\u6301(\\u59da\\u8d1d\\u5a1c)'),(3765,12742,'2015-04-11 15:15:01','\\u5728\\u4e00\\u8d77(\\u6b27\\u8c6a)'),(3766,3657,'2015-04-11 15:15:01','Celebrate(UNIQ)'),(3767,35071,'2015-04-11 15:30:01','\\u548f\\u6625style(\\u674e\\u65af\\u4e39\\u59ae)'),(3768,106050,'2015-04-11 15:30:01','\\u540e\\u4f1a\\u65e0\\u671f(\\u9093\\u7d2b\\u68cb)'),(3769,144521,'2015-04-11 15:30:01','\\u77dc\\u6301(\\u59da\\u8d1d\\u5a1c)'),(3770,12742,'2015-04-11 15:30:01','\\u5728\\u4e00\\u8d77(\\u6b27\\u8c6a)'),(3771,3657,'2015-04-11 15:30:01','Celebrate(UNIQ)'),(3772,35071,'2015-04-11 15:45:01','\\u548f\\u6625style(\\u674e\\u65af\\u4e39\\u59ae)'),(3773,106050,'2015-04-11 15:45:01','\\u540e\\u4f1a\\u65e0\\u671f(\\u9093\\u7d2b\\u68cb)'),(3774,145364,'2015-04-11 15:45:01','\\u77dc\\u6301(\\u59da\\u8d1d\\u5a1c)'),(3775,12742,'2015-04-11 15:45:01','\\u5728\\u4e00\\u8d77(\\u6b27\\u8c6a)'),(3776,3657,'2015-04-11 15:45:01','Celebrate(UNIQ)'),(3777,35071,'2015-04-11 16:00:02','\\u548f\\u6625style(\\u674e\\u65af\\u4e39\\u59ae)'),(3778,106051,'2015-04-11 16:00:02','\\u540e\\u4f1a\\u65e0\\u671f(\\u9093\\u7d2b\\u68cb)'),(3779,145858,'2015-04-11 16:00:02','\\u77dc\\u6301(\\u59da\\u8d1d\\u5a1c)'),(3780,12742,'2015-04-11 16:00:02','\\u5728\\u4e00\\u8d77(\\u6b27\\u8c6a)'),(3781,3657,'2015-04-11 16:00:02','Celebrate(UNIQ)'),(3782,35071,'2015-04-11 16:15:02','\\u548f\\u6625style(\\u674e\\u65af\\u4e39\\u59ae)'),(3783,106051,'2015-04-11 16:15:02','\\u540e\\u4f1a\\u65e0\\u671f(\\u9093\\u7d2b\\u68cb)'),(3784,145858,'2015-04-11 16:15:02','\\u77dc\\u6301(\\u59da\\u8d1d\\u5a1c)'),(3785,12742,'2015-04-11 16:15:02','\\u5728\\u4e00\\u8d77(\\u6b27\\u8c6a)'),(3786,3657,'2015-04-11 16:15:02','Celebrate(UNIQ)'),(3787,35071,'2015-04-11 16:30:01','\\u548f\\u6625style(\\u674e\\u65af\\u4e39\\u59ae)'),(3788,106051,'2015-04-11 16:30:01','\\u540e\\u4f1a\\u65e0\\u671f(\\u9093\\u7d2b\\u68cb)'),(3789,145858,'2015-04-11 16:30:01','\\u77dc\\u6301(\\u59da\\u8d1d\\u5a1c)'),(3790,12742,'2015-04-11 16:30:01','\\u5728\\u4e00\\u8d77(\\u6b27\\u8c6a)'),(3791,3657,'2015-04-11 16:30:01','Celebrate(UNIQ)');
/*!40000 ALTER TABLE `poll_pollstat` ENABLE KEYS */;
UNLOCK TABLES;
/*!40103 SET TIME_ZONE=@OLD_TIME_ZONE */;

/*!40101 SET SQL_MODE=@OLD_SQL_MODE */;
/*!40014 SET FOREIGN_KEY_CHECKS=@OLD_FOREIGN_KEY_CHECKS */;
/*!40014 SET UNIQUE_CHECKS=@OLD_UNIQUE_CHECKS */;
/*!40101 SET CHARACTER_SET_CLIENT=@OLD_CHARACTER_SET_CLIENT */;
/*!40101 SET CHARACTER_SET_RESULTS=@OLD_CHARACTER_SET_RESULTS */;
/*!40101 SET COLLATION_CONNECTION=@OLD_COLLATION_CONNECTION */;
/*!40111 SET SQL_NOTES=@OLD_SQL_NOTES */;

-- Dump completed on 2016-03-13  9:47:51
